scenario_id,scenario_title_zh,seed,tte_h,tte_mean_h,delta_tte_pct,status,min_headroom_margin
S0_standby,待机/轻后台,7010000,25.449897998063076,25.440367204349656,0.037463271016743085,cutoff,0.9715310220732428
S0_standby,待机/轻后台,7010001,25.44001693253912,25.440367204349656,-0.0013768347277473326,cutoff,0.9755317325801653
S0_standby,待机/轻后台,7010002,25.366666666666667,25.440367204349656,-0.28969918983868886,cutoff,0.9654888760223261
S0_standby,待机/轻后台,7010003,25.45267675419144,25.440367204349656,0.04838589688155151,cutoff,0.9706997962226314
S0_standby,待机/轻后台,7010004,25.40509689409303,25.440367204349656,-0.13863915553307815,cutoff,0.9730711984472001
S0_standby,待机/轻后台,7010005,25.474398700809374,25.440367204349656,0.13376967473134527,cutoff,0.9741212383946024
S0_standby,待机/轻后台,7010006,25.473931873656365,25.440367204349656,0.13193468882387457,cutoff,0.9676577985751238
S0_standby,待机/轻后台,7010007,25.408333333333335,25.440367204349656,-0.12591748679965448,cutoff,0.9707871908547053
S0_standby,待机/轻后台,7010008,25.445813988916857,25.440367204349656,0.021410007660071152,cutoff,0.9751948358933351
S0_standby,待机/轻后台,7010009,25.408759313545612,25.440367204349656,-0.12424306044858893,cutoff,0.9741822152256557
S0_standby,待机/轻后台,7010010,25.48653921961164,25.440367204349656,0.1814911510164435,cutoff,0.9708327117389133
S0_standby,待机/轻后台,7010011,25.46901988841627,25.440367204349656,0.11262684943366408,cutoff,0.9778645499054853
S0_standby,待机/轻后台,7010012,25.462447904061438,25.440367204349656,0.08679395047414007,cutoff,0.970423761843541
S0_standby,待机/轻后台,7010013,25.44520135526015,25.440367204349656,0.019001891252839877,cutoff,0.9738802377505925
S0_standby,待机/轻后台,7010014,25.446239949124706,25.440367204349656,0.0230843553785125,cutoff,0.9708960503918997
S0_standby,待机/轻后台,7010015,25.459456530368744,25.440367204349656,0.07503557580656507,cutoff,0.9717337378382034
S0_standby,待机/轻后台,7010016,25.372222222222224,25.440367204349656,-0.2678616294334815,cutoff,0.9715896745029979
S0_standby,待机/轻后台,7010017,25.444444444444443,25.440367204349656,0.016026655834158583,cutoff,0.9762147931065002
S0_standby,待机/轻后台,7010018,25.41111111111111,25.440367204349656,-0.11499870659705777,cutoff,0.9736287675946027
S0_standby,待机/轻后台,7010019,25.453179151273478,25.440367204349656,0.05036069967430199,cutoff,0.9714570358333572
S0_standby,待机/轻后台,7010020,25.43888888888889,25.440367204349656,-0.005810904571034831,cutoff,0.9744666548426008
S0_standby,待机/轻后台,7010021,25.471327631122453,25.440367204349656,0.12169803416793266,cutoff,0.978103779697933
S0_standby,待机/轻后台,7010022,25.454477533211946,25.440367204349656,0.05546432859616229,cutoff,0.9758689006098161
S0_standby,待机/轻后台,7010023,25.43013444248319,25.440367204349656,-0.04022253996678053,cutoff,0.9737614496109983
S0_standby,待机/轻后台,7010024,25.45145396504379,25.440367204349656,0.04357940514411483,cutoff,0.972422970052919
S0_standby,待机/轻后台,7010025,25.478616220761545,25.440367204349656,0.15034773714016814,cutoff,0.9737045313581821
S0_standby,待机/轻后台,7010026,25.36559225290989,25.440367204349656,-0.29392245339516704,cutoff,0.969191376813155
S0_standby,待机/轻后台,7010027,25.475,25.440367204349656,0.13613323806279218,cutoff,0.9709386208574966
S0_standby,待机/轻后台,7010028,25.43116565333944,25.440367204349656,-0.0361690966812819,cutoff,0.9714218308755591
S0_standby,待机/轻后台,7010029,25.436265968837365,25.440367204349656,-0.01612097608241168,cutoff,0.972063836202702
S0_standby,待机/轻后台,7010030,25.468456856456108,25.440367204349656,0.11041370543444579,cutoff,0.9759689786565864
S0_standby,待机/轻后台,7010031,25.460044034085165,25.440367204349656,0.0773449124277773,cutoff,0.9721057589180726
S0_standby,待机/轻后台,7010032,25.357259643522966,25.440367204349656,-0.3266759483427611,cutoff,0.9712479216261392
S0_standby,待机/轻后台,7010033,25.47675100624122,25.440367204349656,0.1430160248840392,cutoff,0.9716619956367545
S0_standby,待机/轻后台,7010034,25.478044441214678,25.440367204349656,0.1481002084693981,cutoff,0.972746852521231
S0_standby,待机/轻后台,7010035,25.408333333333335,25.440367204349656,-0.12591748679965448,cutoff,0.968423617354978
S0_standby,待机/轻后台,7010036,25.4370683614284,25.440367204349656,-0.01296696268084229,cutoff,0.9712934375795874
S0_standby,待机/轻后台,7010037,25.39910391071249,25.440367204349656,-0.16219614011746694,cutoff,0.9707631612171111
S0_standby,待机/轻后台,7010038,25.41628658935236,25.440367204349656,-0.09465513922762184,cutoff,0.9706209416095619
S0_standby,待机/轻后台,7010039,25.47222222222222,25.440367204349656,0.1252144578601815,cutoff,0.970012064875922
S0_standby,待机/轻后台,7010040,25.45745044588227,25.440367204349656,0.06715013739932602,cutoff,0.9759710770530768
S0_standby,待机/轻后台,7010041,25.38888888888889,25.440367204349656,-0.20234894821787333,cutoff,0.9717964482284085
S0_standby,待机/轻后台,7010042,25.46135867265618,25.440367204349656,0.08251244228477123,cutoff,0.9745267229580142
S0_standby,待机/轻后台,7010043,25.44616086140476,25.440367204349656,0.02277348046341758,cutoff,0.9731201782160783
S0_standby,待机/轻后台,7010044,25.431541487483294,25.440367204349656,-0.03469178253391215,cutoff,0.9743342171665448
S0_standby,待机/轻后台,7010045,25.469314992080864,25.440367204349656,0.11378683137191285,cutoff,0.9737263631505754
S0_standby,待机/轻后台,7010046,25.53976623348371,25.440367204349656,0.3907138145280406,cutoff,0.9714918790034235
S0_standby,待机/轻后台,7010047,25.5034885282874,25.440367204349656,0.248114830382444,cutoff,0.9747018633497601
S0_standby,待机/轻后台,7010048,25.471482476560475,25.440367204349656,0.12230669455706238,cutoff,0.9724519160145213
S0_standby,待机/轻后台,7010049,25.447222222222223,25.440367204349656,0.026945436036769257,cutoff,0.9732225902149373
S0_standby,待机/轻后台,7010050,25.380591042186246,25.440367204349656,-0.2349657993662489,cutoff,0.974525489171644
S0_standby,待机/轻后台,7010051,25.440156786650842,25.440367204349656,-0.0008271016574689328,cutoff,0.9751789915993877
S0_standby,待机/轻后台,7010052,25.451022868990503,25.440367204349656,0.04188486964537705,cutoff,0.9779846124240211
S0_standby,待机/轻后台,7010053,25.34722222222222,25.440367204349656,-0.36613065125690775,cutoff,0.9721832538653061
S0_standby,待机/轻后台,7010054,25.45007274843154,25.440367204349656,0.038150172927638476,cutoff,0.9687411934772321
S0_standby,待机/轻后台,7010055,25.46511846501203,25.440367204349656,0.097291286967516,cutoff,0.9712512599179339
S0_standby,待机/轻后台,7010056,25.436162684499912,25.440367204349656,-0.016526962114856908,cutoff,0.9734972303674592
S0_standby,待机/轻后台,7010057,25.48824837897957,25.440367204349656,0.18820944778551746,cutoff,0.9734390714037872
S0_standby,待机/轻后台,7010058,25.40277777777778,25.440367204349656,-0.14775504720486185,cutoff,0.9761115524906996
S0_standby,待机/轻后台,7010059,25.469448730075612,25.440367204349656,0.11431252344889298,cutoff,0.9766353043459951
S0_standby,待机/轻后台,7010060,25.43852417193336,25.440367204349656,-0.007244519709531713,cutoff,0.9725658602982855
S0_standby,待机/轻后台,7010061,25.358778610941638,25.440367204349656,-0.3207052506461788,cutoff,0.9681014925306338
S0_standby,待机/轻后台,7010062,25.466666666666665,25.440367204349656,0.10337689745497414,cutoff,0.9708946613756569
S0_standby,待机/轻后台,7010063,25.42884878110858,25.440367204349656,-0.0452761673939416,cutoff,0.9726403875349373
S0_standby,待机/轻后台,7010064,25.431801150005583,25.440367204349656,-0.03367111125112946,cutoff,0.9731419243504098
S0_standby,待机/轻后台,7010065,25.44453216583763,25.440367204349656,0.016371467654212834,cutoff,0.9747787998886568
S0_standby,待机/轻后台,7010066,25.46165533643665,25.440367204349656,0.08367855666546453,cutoff,0.9747429053571034
S0_standby,待机/轻后台,7010067,25.48557429577912,25.440367204349656,0.17769826617021148,cutoff,0.9759229085369812
S0_standby,待机/轻后台,7010068,25.50411005508326,25.440367204349656,0.2505579035930958,cutoff,0.9724216109549483
S0_standby,待机/轻后台,7010069,25.416666666666668,25.440367204349656,-0.09316114619185038,cutoff,0.9718244236484218
S0_standby,待机/轻后台,7010070,25.43611111111111,25.440367204349656,-0.016729684773645503,cutoff,0.9720982905451684
S0_standby,待机/轻后台,7010071,25.404061696690494,25.440367204349656,-0.14270826897873584,cutoff,0.9732101363018949
S0_standby,待机/轻后台,7010072,25.37958344029355,25.440367204349656,-0.23892644146155226,cutoff,0.970231879436049
S0_standby,待机/轻后台,7010073,25.46848879369167,25.440367204349656,0.11053924307038242,cutoff,0.966871960758857
S0_standby,待机/轻后台,7010074,25.434339798447528,25.440367204349656,-0.023692291285390472,cutoff,0.9739634207208806
S0_standby,待机/轻后台,7010075,25.430499652022824,25.440367204349656,-0.03878698859796383,cutoff,0.973836392089997
S0_standby,待机/轻后台,7010076,25.46244508182272,25.440367204349656,0.08678285692861916,cutoff,0.9725149336447081
S0_standby,待机/轻后台,7010077,25.38173247547123,25.440367204349656,-0.23047909807056113,cutoff,0.9729473473710053
S0_standby,待机/轻后台,7010078,25.43110144064606,25.440367204349656,-0.036421501423970576,cutoff,0.9747210438281161
S0_standby,待机/轻后台,7010079,25.414221151192077,25.440367204349656,-0.10277388273353324,cutoff,0.9733607252497806
S0_standby,待机/轻后台,7010080,25.419154202010326,25.440367204349656,-0.08338323959295331,cutoff,0.971495541775645
S0_standby,待机/轻后台,7010081,25.4504806389973,25.440367204349656,0.03975349320395684,cutoff,0.976065182549144
S0_standby,待机/轻后台,7010082,25.461111111111112,25.440367204349656,0.08153933704978072,cutoff,0.9699030681984127
S0_standby,待机/轻后台,7010083,25.46388888888889,25.440367204349656,0.09245811725237743,cutoff,0.9727225897542794
S0_standby,待机/轻后台,7010084,25.403864041700217,25.440367204349656,-0.14348520348085786,cutoff,0.971997772208516
S0_standby,待机/轻后台,7010085,25.425758057032677,25.440367204349656,-0.05742506466054654,cutoff,0.9715445763732041
S0_standby,待机/轻后台,7010086,25.412214739223483,25.440367204349656,-0.11066060839467477,cutoff,0.9722885544040561
S0_standby,待机/轻后台,7010087,25.501352878686728,25.440367204349656,0.2397201024938234,cutoff,0.9756901458617611
S0_standby,待机/轻后台,7010088,25.404315715758578,25.440367204349656,-0.1417097807649315,cutoff,0.9681541340527178
S0_standby,待机/轻后台,7010089,25.45517079196333,25.440367204349656,0.058189362970919714,cutoff,0.9728639677276608
S0_standby,待机/轻后台,7010090,25.3907142804204,25.440367204349656,-0.19517377060801827,cutoff,0.9738898355749194
S0_standby,待机/轻后台,7010091,25.44330784291127,25.440367204349656,0.011558946999444594,cutoff,0.9720574675872096
S0_standby,待机/轻后台,7010092,25.471880321653966,25.440367204349656,0.12387052848404904,cutoff,0.9713307865782667
S0_standby,待机/轻后台,7010093,25.489390820327433,25.440367204349656,0.19270011153532202,cutoff,0.9714879733920626
S0_standby,待机/轻后台,7010094,25.440137668629713,25.440367204349656,-0.0009022500268902373,cutoff,0.9742489272023429
S0_standby,待机/轻后台,7010095,25.46372658714344,25.440367204349656,0.09182014790176214,cutoff,0.974405307275831
S0_standby,待机/轻后台,7010096,25.448638263886394,25.440367204349656,0.0325115572047429,cutoff,0.9715443469239458
S0_standby,待机/轻后台,7010097,25.46043250006325,25.440367204349656,0.0788718792948959,cutoff,0.9734011192249811
S0_standby,待机/轻后台,7010098,25.461015009387292,25.440367204349656,0.08116158415396853,cutoff,0.9714628821745208
S0_standby,待机/轻后台,7010099,25.360979832669017,25.440367204349656,-0.31205277440753915,cutoff,0.971313015532567
S1_video,视频播放/视频流,7010000,5.03642852521857,5.035854475648015,0.011399248594871274,cutoff,0.9267271585592353
S1_video,视频播放/视频流,7010001,5.035290050825082,5.035854475648015,-0.011208124175598473,cutoff,0.9268202259249643
S1_video,视频播放/视频流,7010002,5.035560779756216,5.035854475648015,-0.005832096483699796,cutoff,0.9268334089228921
S1_video,视频播放/视频流,7010003,5.036050596860034,5.035854475648015,0.003894497209308547,cutoff,0.926862929541894
S1_video,视频播放/视频流,7010004,5.035777755599414,5.035854475648015,-0.0015234762833626337,cutoff,0.9268454820016042
S1_video,视频播放/视频流,7010005,5.036211781299848,5.035854475648015,0.007095233858736898,cutoff,0.9267152099398124
S1_video,视频播放/视频流,7010006,5.035940534252372,5.035854475648015,0.0017089176181232558,cutoff,0.9268541197932229
S1_video,视频播放/视频流,7010007,5.035345432848164,5.035854475648015,-0.0101083699362731,cutoff,0.9268247538517779
S1_video,视频播放/视频流,7010008,5.036045588735729,5.035854475648015,0.0037950478640422555,cutoff,0.9266908050100696
S1_video,视频播放/视频流,7010009,5.035778442302498,5.035854475648015,-0.0015098400059853038,cutoff,0.9268474235168955
S1_video,视频播放/视频流,7010010,5.036700279708701,5.035854475648015,0.016795641430397433,cutoff,0.9267436177551255
S1_video,视频播放/视频流,7010011,5.036320151333494,5.035854475648015,0.009247202986725702,cutoff,0.9267209499538097
S1_video,视频播放/视频流,7010012,5.035723753423452,5.035854475648015,-0.0025958300660864023,cutoff,0.9268428794396293
S1_video,视频播放/视频流,7010013,5.035472753772337,5.035854475648015,-0.007580081543724532,cutoff,0.925740050701298
S1_video,视频播放/视频流,7010014,5.035734255440181,5.035854475648015,-0.002387285184975833,cutoff,0.9255999135340435
S1_video,视频播放/视频流,7010015,5.036111111111111,5.035854475648015,0.0050961651957505735,cutoff,0.9253032527400378
S1_video,视频播放/视频流,7010016,5.0357788052707955,5.035854475648015,-0.0015026323255618247,cutoff,0.9268467818673709
S1_video,视频播放/视频流,7010017,5.035671981669676,5.035854475648015,-0.0036238930100401935,cutoff,0.9268432842838861
S1_video,视频播放/视频流,7010018,5.036111111111111,5.035854475648015,0.0050961651957505735,cutoff,0.9253060681683503
S1_video,视频播放/视频流,7010019,5.035888652986121,5.035854475648015,0.0006786800188838134,cutoff,0.926856360297257
S1_video,视频播放/视频流,7010020,5.035182729246747,5.035854475648015,-0.013339273494020245,cutoff,0.9268154919566217
S1_video,视频播放/视频流,7010021,5.036374584962694,5.035854475648015,0.010328124396644973,cutoff,0.926724406462546
S1_video,视频播放/视频流,7010022,5.036111111111111,5.035854475648015,0.0050961651957505735,cutoff,0.9253068515828217
S1_video,视频播放/视频流,7010023,5.036211991524712,5.035854475648015,0.007099408420674696,cutoff,0.9267164924057517
S1_video,视频播放/视频流,7010024,5.035720792239439,5.035854475648015,-0.0026546320832412157,cutoff,0.9268446944371141
S1_video,视频播放/视频流,7010025,5.036374841566365,5.035854475648015,0.010333219930538682,cutoff,0.9267253072576034
S1_video,视频播放/视频流,7010026,5.035505569157366,5.035854475648015,-0.006928446648642724,cutoff,0.9268294324202706
S1_video,视频播放/视频流,7010027,5.035725238456256,5.035854475648015,-0.0025663408739053377,cutoff,0.9268468585138164
S1_video,视频播放/视频流,7010028,5.0362257626270415,5.035854475648015,0.007372869506497931,cutoff,0.9256280001470868
S1_video,视频播放/视频流,7010029,5.035019940209136,5.035854475648015,-0.01657187360982761,cutoff,0.9268072285867675
S1_video,视频播放/视频流,7010030,5.036213347108477,5.035854475648015,0.007126327065202537,cutoff,0.9267180785392481
S1_video,视频播放/视频流,7010031,5.035561298959482,5.035854475648015,-0.0058217863512728,cutoff,0.926834387073745
S1_video,视频播放/视频流,7010032,5.035291418610072,5.035854475648015,-0.011180963243987511,cutoff,0.9268220696224987
S1_video,视频播放/视频流,7010033,5.03604877882298,5.035854475648015,0.003858395350882362,cutoff,0.9268599434296624
S1_video,视频播放/视频流,7010034,5.035831043625115,5.035854475648015,-0.00046530381314817165,cutoff,0.9268494207951365
S1_video,视频播放/视频流,7010035,5.035995402769465,5.035854475648015,0.0027984748592586872,cutoff,0.9268593830997194
S1_video,视频播放/视频流,7010036,5.035661587164736,5.035854475648015,-0.0038303029647082914,cutoff,0.926518003830202
S1_video,视频播放/视频流,7010037,5.03555998757356,5.035854475648015,-0.005847827332559557,cutoff,0.9268346381187427
S1_video,视频播放/视频流,7010038,5.035939928833678,5.035854475648015,0.0016968954539250674,cutoff,0.9268527582562319
S1_video,视频播放/视频流,7010039,5.035788954536893,5.035854475648015,-0.0013010922265210602,cutoff,0.9256026449850286
S1_video,视频播放/视频流,7010040,5.035615269214756,5.035854475648015,-0.004750066436894135,cutoff,0.9268380000803162
S1_video,视频播放/视频流,7010041,5.035667146781728,5.035854475648015,-0.0037199022964713273,cutoff,0.9268413381335159
S1_video,视频播放/视频流,7010042,5.03577642331062,5.035854475648015,-0.001549932345593906,cutoff,0.9268450677435099
S1_video,视频播放/视频流,7010043,5.035996436300783,5.035854475648015,0.002818998314082574,cutoff,0.926859951307682
S1_video,视频播放/视频流,7010044,5.036049329749522,5.035854475648015,0.003869335431545622,cutoff,0.9268603087601764
S1_video,视频播放/视频流,7010045,5.035669083883337,5.035854475648015,-0.003681436101344708,cutoff,0.9268403079982579
S1_video,视频播放/视频流,7010046,5.035615338230295,5.035854475648015,-0.004748695953704138,cutoff,0.926837315248784
S1_video,视频播放/视频流,7010047,5.035635733243014,5.035854475648015,-0.004343699883676888,cutoff,0.9257494669922014
S1_video,视频播放/视频流,7010048,5.035617986871468,5.035854475648015,-0.00469610028824436,cutoff,0.9268409915678425
S1_video,视频播放/视频流,7010049,5.0358864616502474,5.035854475648015,0.0006351653406054073,cutoff,0.9268513493920453
S1_video,视频播放/视频流,7010050,5.035723759654746,5.035854475648015,-0.0025957063275109217,cutoff,0.9268432091845674
S1_video,视频播放/视频流,7010051,5.0357227754754845,5.035854475648015,-0.0026152497687759934,cutoff,0.9268415865921682
S1_video,视频播放/视频流,7010052,5.036048329033349,5.035854475648015,0.0038494636068557363,cutoff,0.9268588667800901
S1_video,视频播放/视频流,7010053,5.035671450018085,5.035854475648015,-0.0036344503363840474,cutoff,0.9268432000388394
S1_video,视频播放/视频流,7010054,5.036376848699292,5.035854475648015,0.010373076779783138,cutoff,0.92672768525747
S1_video,视频播放/视频流,7010055,5.035931310897377,5.035854475648015,0.0015257638943626678,cutoff,0.9263800484104112
S1_video,视频播放/视频流,7010056,5.035616275869354,5.035854475648015,-0.004730076689319629,cutoff,0.9268382023738526
S1_video,视频播放/视频流,7010057,5.035723386627717,5.035854475648015,-0.0026031137502358125,cutoff,0.9268427991018758
S1_video,视频播放/视频流,7010058,5.035818926281479,5.035854475648015,-0.0007059252150301822,cutoff,0.9262211995623448
S1_video,视频播放/视频流,7010059,5.034965188432243,5.035854475648015,-0.017659112670398176,cutoff,0.9268017800733058
S1_video,视频播放/视频流,7010060,5.035668668669908,5.035854475648015,-0.0036896812448646487,cutoff,0.9268392883287049
S1_video,视频播放/视频流,7010061,5.036103690194609,5.035854475648015,0.004948803580387833,cutoff,0.9268641747262988
S1_video,视频播放/视频流,7010062,5.035235005415675,5.035854475648015,-0.012301194074118768,cutoff,0.9268168552719608
S1_video,视频播放/视频流,7010063,5.036429335864807,5.035854475648015,0.011415346086194112,cutoff,0.9267280272755527
S1_video,视频播放/视频流,7010064,5.035886853104258,5.035854475648015,0.000642938679021615,cutoff,0.9268529854518047
S1_video,视频播放/视频流,7010065,5.035886576789704,5.035854475648015,0.0006374517342402583,cutoff,0.9268521934919361
S1_video,视频播放/视频流,7010066,5.03523684241726,5.035854475648015,-0.01226471562555539,cutoff,0.9268195439673164
S1_video,视频播放/视频流,7010067,5.036103990309065,5.035854475648015,0.004954763134171696,cutoff,0.9268632421079969
S1_video,视频播放/视频流,7010068,5.036591578496814,5.035854475648015,0.014637095896301648,cutoff,0.9267363934383284
S1_video,视频播放/视频流,7010069,5.035181012685395,5.035854475648015,-0.013373360288245869,cutoff,0.9268126752738323
S1_video,视频播放/视频流,7010070,5.035939906186773,5.035854475648015,0.0016964457406580613,cutoff,0.9268527363380535
S1_video,视频播放/视频流,7010071,5.03566920565527,5.035854475648015,-0.0036790180026174623,cutoff,0.9268403104829013
S1_video,视频播放/视频流,7010072,5.035940582568078,5.035854475648015,0.0017098770522438462,cutoff,0.926854787641805
S1_video,视频播放/视频流,7010073,5.036157887711617,5.035854475648015,0.006025036368102594,cutoff,0.9267131158897343
S1_video,视频播放/视频流,7010074,5.036320085771971,5.035854475648015,0.009245901092009753,cutoff,0.9267256108937715
S1_video,视频播放/视频流,7010075,5.036484461269305,5.035854475648015,0.012510004495498956,cutoff,0.9267329652987849
S1_video,视频播放/视频流,7010076,5.035798185407155,5.035854475648015,-0.001117789267577693,cutoff,0.9257567324342055
S1_video,视频播放/视频流,7010077,5.036211128957772,5.035854475648015,0.007082279908645141,cutoff,0.9267149375973622
S1_video,视频播放/视频流,7010078,5.035724305017934,5.035854475648015,-0.0025848767217283132,cutoff,0.9268436327086025
S1_video,视频播放/视频流,7010079,5.0357234084185745,5.035854475648015,-0.0026026810360415464,cutoff,0.9268422676362732
S1_video,视频播放/视频流,7010080,5.035705019111692,5.035854475648015,-0.002967848595420158,cutoff,0.9260619975387588
S1_video,视频播放/视频流,7010081,5.035940355621239,5.035854475648015,0.0017053704319632834,cutoff,0.9268534195646153
S1_video,视频播放/视频流,7010082,5.036050179619181,5.035854475648015,0.0038862118060159663,cutoff,0.9268626667523571
S1_video,视频播放/视频流,7010083,5.036319635210893,5.035854475648015,0.0092369540289142,cutoff,0.9267204193060812
S1_video,视频播放/视频流,7010084,5.036321578713626,5.035854475648015,0.009275547335022803,cutoff,0.926723454040974
S1_video,视频播放/视频流,7010085,5.035996145584842,5.035854475648015,0.0028132253922774682,cutoff,0.9268590291457638
S1_video,视频播放/视频流,7010086,5.036356711698054,5.035854475648015,0.009973204199361726,cutoff,0.9260956328297698
S1_video,视频播放/视频流,7010087,5.035664538905461,5.035854475648015,-0.0037716884686005395,cutoff,0.9266692359387483
S1_video,视频播放/视频流,7010088,5.035773287744733,5.035854475648015,-0.0016121971688150413,cutoff,0.9266744379267998
S1_video,视频播放/视频流,7010089,5.035507096818467,5.035854475648015,-0.006898110960665277,cutoff,0.926832288595438
S1_video,视频播放/视频流,7010090,5.035941633686154,5.035854475648015,0.0017307497379264254,cutoff,0.9268557787879655
S1_video,视频播放/视频流,7010091,5.035235132874472,5.035854475648015,-0.012298663047896492,cutoff,0.9268176187409606
S1_video,视频播放/视频流,7010092,5.034963260224954,5.035854475648015,-0.017697402245648464,cutoff,0.9267998644928519
S1_video,视频播放/视频流,7010093,5.035997841722705,5.035854475648015,0.0028469066249511253,cutoff,0.9268618112739225
S1_video,视频播放/视频流,7010094,5.035723257672627,5.035854475648015,-0.002605674489248136,cutoff,0.9268422708748036
S1_video,视频播放/视频流,7010095,5.035776717410097,5.035854475648015,-0.0015440922348711236,cutoff,0.9268438152937997
S1_video,视频播放/视频流,7010096,5.036050176343019,5.035854475648015,0.0038861467492819347,cutoff,0.9268607393775984
S1_video,视频播放/视频流,7010097,5.036103597884397,5.035854475648015,0.004946970520827332,cutoff,0.9268646719913631
S1_video,视频播放/视频流,7010098,5.0363744127620675,5.035854475648015,0.010324704904937348,cutoff,0.9267249076254811
S1_video,视频播放/视频流,7010099,5.035940161425736,5.035854475648015,0.0017015141747149314,cutoff,0.9268552054105804
S2_navigation,导航（GPS + 地图数据）,7010000,5.9222222222222225,5.907127114373946,0.25554059623239433,cutoff,0.9257421053566981
S2_navigation,导航（GPS + 地图数据）,7010001,5.94063149895447,5.907127114373946,0.5671857729114639,cutoff,0.9237919509081396
S2_navigation,导航（GPS + 地图数据）,7010002,5.916666666666667,5.907127114373946,0.16149224670497217,cutoff,0.9242607673726347
S2_navigation,导航（GPS + 地图数据）,7010003,5.947222222222222,5.907127114373946,0.6787581691057866,cutoff,0.9198137192765491
S2_navigation,导航（GPS + 地图数据）,7010004,5.913888888888889,5.907127114373946,0.11446807194125357,cutoff,0.9252873039611612
S2_navigation,导航（GPS + 地图数据）,7010005,5.8694444444444445,5.907127114373946,-0.6379187242781238,cutoff,0.9237348676553454
S2_navigation,导航（GPS + 地图数据）,7010006,5.933333333333334,5.907127114373946,0.44363729528723866,cutoff,0.9239375026656932
S2_navigation,导航（GPS + 地图数据）,7010007,5.924360639436066,5.907127114373946,0.2917412259537353,cutoff,0.9231023682289696
S2_navigation,导航（GPS + 地图数据）,7010008,5.910712204518315,5.907127114373946,0.06069092597729602,cutoff,0.9231121842342336
S2_navigation,导航（GPS + 地图数据）,7010009,5.888888888888889,5.907127114373946,-0.30874950093213865,cutoff,0.9229651625909868
S2_navigation,导航（GPS + 地图数据）,7010010,5.905555555555556,5.907127114373946,-0.02660445234987217,cutoff,0.9222626695075563
S2_navigation,导航（GPS + 地图数据）,7010011,5.913888888888889,5.907127114373946,0.11446807194125357,cutoff,0.9229761054771041
S2_navigation,导航（GPS + 地图数据）,7010012,5.916666666666667,5.907127114373946,0.16149224670497217,cutoff,0.9230133590622274
S2_navigation,导航（GPS + 地图数据）,7010013,5.902777777777778,5.907127114373946,-0.07362862711359078,cutoff,0.9248625198820895
S2_navigation,导航（GPS + 地图数据）,7010014,5.880106922656216,5.907127114373946,-0.45741679829406606,cutoff,0.9193622435056458
S2_navigation,导航（GPS + 地图数据）,7010015,5.930555555555555,5.907127114373946,0.3966131205235201,cutoff,0.9251771635412981
S2_navigation,导航（GPS + 地图数据）,7010016,5.938287552066033,5.907127114373946,0.5275057923887142,cutoff,0.9255041761590624
S2_navigation,导航（GPS + 地图数据）,7010017,5.9324148038487134,5.907127114373946,0.4280877825234953,cutoff,0.9236588109979633
S2_navigation,导航（GPS + 地图数据）,7010018,5.925758814377421,5.907127114373946,0.315410514159038,cutoff,0.9253812422430656
S2_navigation,导航（GPS + 地图数据）,7010019,5.873620378129737,5.907127114373946,-0.56722558352733,cutoff,0.9228767369177683
S2_navigation,导航（GPS + 地图数据）,7010020,5.935789504027786,5.907127114373946,0.4852170792820024,cutoff,0.9232939384408959
S2_navigation,导航（GPS + 地图数据）,7010021,5.904885021219683,5.907127114373946,-0.03795572891612726,cutoff,0.9212481986669562
S2_navigation,导航（GPS + 地图数据）,7010022,5.908333333333333,5.907127114373946,0.020419722413831397,cutoff,0.9221987464649513
S2_navigation,导航（GPS + 地图数据）,7010023,5.9222222222222225,5.907127114373946,0.25554059623239433,cutoff,0.9241701480482736
S2_navigation,导航（GPS + 地图数据）,7010024,5.927777777777778,5.907127114373946,0.3495889457598165,cutoff,0.921186632299674
S2_navigation,导航（GPS + 地图数据）,7010025,5.89071239879312,5.907127114373946,-0.2778798435009729,cutoff,0.9246795636040227
S2_navigation,导航（GPS + 地图数据）,7010026,5.875756152426028,5.907127114373946,-0.5310696949720617,cutoff,0.925564618252968
S2_navigation,导航（GPS + 地图数据）,7010027,5.908333333333333,5.907127114373946,0.020419722413831397,cutoff,0.9245268537228166
S2_navigation,导航（GPS + 地图数据）,7010028,5.89261952073162,5.907127114373946,-0.24559474278154456,cutoff,0.9234407156568126
S2_navigation,导航（GPS + 地图数据）,7010029,5.936111111111111,5.907127114373946,0.49066147005094224,cutoff,0.9219200035794168
S2_navigation,导航（GPS + 地图数据）,7010030,5.905551850446265,5.907127114373946,-0.02666717504431818,cutoff,0.9220255549104334
S2_navigation,导航（GPS + 地图数据）,7010031,5.883333333333334,5.907127114373946,-0.40279785045956085,cutoff,0.9229323099163449
S2_navigation,导航（GPS + 地图数据）,7010032,5.930555555555555,5.907127114373946,0.3966131205235201,cutoff,0.9252817537980594
S2_navigation,导航（GPS + 地图数据）,7010033,5.922972474574038,5.907127114373946,0.26824139540751807,cutoff,0.9244933572179539
S2_navigation,导航（GPS + 地图数据）,7010034,5.903939435538913,5.907127114373946,-0.05396326798650522,cutoff,0.9190975051888187
S2_navigation,导航（GPS + 地图数据）,7010035,5.9,5.907127114373946,-0.12065280187729434,cutoff,0.9243526144283548
S2_navigation,导航（GPS + 地图数据）,7010036,5.905555555555556,5.907127114373946,-0.02660445234987217,cutoff,0.9225909830641277
S2_navigation,导航（GPS + 地图数据）,7010037,5.858106007240757,5.907127114373946,-0.8298637592190122,cutoff,0.9240593608532213
S2_navigation,导航（GPS + 地图数据）,7010038,5.916666666666667,5.907127114373946,0.16149224670497217,cutoff,0.919452105745741
S2_navigation,导航（GPS + 地图数据）,7010039,5.9032922421242295,5.907127114373946,-0.0649194130321805,cutoff,0.9241234597921334
S2_navigation,导航（GPS + 地图数据）,7010040,5.902777777777778,5.907127114373946,-0.07362862711359078,cutoff,0.923372053180944
S2_navigation,导航（GPS + 地图数据）,7010041,5.969444444444444,5.907127114373946,1.0549515672154752,cutoff,0.9229265172227799
S2_navigation,导航（GPS + 地图数据）,7010042,5.930459008111435,5.907127114373946,0.39497869752481024,cutoff,0.9255724086219088
S2_navigation,导航（GPS + 地图数据）,7010043,5.95,5.907127114373946,0.7257823438695052,cutoff,0.9204824708794977
S2_navigation,导航（GPS + 地图数据）,7010044,5.905555555555556,5.907127114373946,-0.02660445234987217,cutoff,0.9231939491080415
S2_navigation,导航（GPS + 地图数据）,7010045,5.886111111111111,5.907127114373946,-0.35577367569585727,cutoff,0.9255099450869062
S2_navigation,导航（GPS + 地图数据）,7010046,5.905197299226699,5.907127114373946,-0.032669267308489805,cutoff,0.923285468266867
S2_navigation,导航（GPS + 地图数据）,7010047,5.908333333333333,5.907127114373946,0.020419722413831397,cutoff,0.9205891210362057
S2_navigation,导航（GPS + 地图数据）,7010048,5.905555555555556,5.907127114373946,-0.02660445234987217,cutoff,0.9246040340182139
S2_navigation,导航（GPS + 地图数据）,7010049,5.936111111111111,5.907127114373946,0.49066147005094224,cutoff,0.922797628958114
S2_navigation,导航（GPS + 地图数据）,7010050,5.8805555555555555,5.907127114373946,-0.44982202522327946,cutoff,0.9232437285005368
S2_navigation,导航（GPS + 地图数据）,7010051,5.9,5.907127114373946,-0.12065280187729434,cutoff,0.9231424535618529
S2_navigation,导航（GPS + 地图数据）,7010052,5.891666666666667,5.907127114373946,-0.26172532616843514,cutoff,0.9223990510848717
S2_navigation,导航（GPS + 地图数据）,7010053,5.888136595147861,5.907127114373946,-0.3214848581787718,cutoff,0.9236429070369265
S2_navigation,导航（GPS + 地图数据）,7010054,5.934965817081496,5.907127114373946,0.47127312767333907,cutoff,0.9251033569825389
S2_navigation,导航（GPS + 地图数据）,7010055,5.911111111111111,5.907127114373946,0.06744389717755,cutoff,0.9254354826067597
S2_navigation,导航（GPS + 地图数据）,7010056,5.8805555555555555,5.907127114373946,-0.44982202522327946,cutoff,0.922408433783435
S2_navigation,导航（GPS + 地图数据）,7010057,5.961688520282173,5.907127114373946,0.9236538312416209,cutoff,0.925310460103297
S2_navigation,导航（GPS + 地图数据）,7010058,5.882591853263207,5.907127114373946,-0.41535014628407696,cutoff,0.923298537590596
S2_navigation,导航（GPS + 地图数据）,7010059,5.908333333333333,5.907127114373946,0.020419722413831397,cutoff,0.9250779269636048
S2_navigation,导航（GPS + 地图数据）,7010060,5.863888888888889,5.907127114373946,-0.7319670738055459,cutoff,0.922873829512057
S2_navigation,导航（GPS + 地图数据）,7010061,5.911111111111111,5.907127114373946,0.06744389717755,cutoff,0.9247621612978155
S2_navigation,导航（GPS + 地图数据）,7010062,5.894444444444445,5.907127114373946,-0.21470115140471652,cutoff,0.9253159906394722
S2_navigation,导航（GPS + 地图数据）,7010063,5.907706893437554,5.907127114373946,0.009814907524126395,cutoff,0.9255743599855927
S2_navigation,导航（GPS + 地图数据）,7010064,5.875,5.907127114373946,-0.5438703747507017,cutoff,0.9243460513738455
S2_navigation,导航（GPS + 地图数据）,7010065,5.894444444444445,5.907127114373946,-0.21470115140471652,cutoff,0.924549896876119
S2_navigation,导航（GPS + 地图数据）,7010066,5.891036893858902,5.907127114373946,-0.2723865629349844,cutoff,0.9255713213403882
S2_navigation,导航（GPS + 地图数据）,7010067,5.911819862965169,5.907127114373946,0.0794421467553014,cutoff,0.9245102018344763
S2_navigation,导航（GPS + 地图数据）,7010068,5.95,5.907127114373946,0.7257823438695052,cutoff,0.9238850933300604
S2_navigation,导航（GPS + 地图数据）,7010069,5.897222222222222,5.907127114373946,-0.16767697664101294,cutoff,0.9216154877952549
S2_navigation,导航（GPS + 地图数据）,7010070,5.9,5.907127114373946,-0.12065280187729434,cutoff,0.9251574541038678
S2_navigation,导航（GPS + 地图数据）,7010071,5.875723277291134,5.907127114373946,-0.5316262283639768,cutoff,0.9254981322692458
S2_navigation,导航（GPS + 地图数据）,7010072,5.919444444444444,5.907127114373946,0.20851642146867574,cutoff,0.9226050175667021
S2_navigation,导航（GPS + 地图数据）,7010073,5.902777777777778,5.907127114373946,-0.07362862711359078,cutoff,0.9237652602194821
S2_navigation,导航（GPS + 地图数据）,7010074,5.877777777777778,5.907127114373946,-0.49684619998698304,cutoff,0.9216069128993958
S2_navigation,导航（GPS + 地图数据）,7010075,5.932346150040495,5.907127114373946,0.42692556260017933,cutoff,0.9254318814355804
S2_navigation,导航（GPS + 地图数据）,7010076,5.8694444444444445,5.907127114373946,-0.6379187242781238,cutoff,0.9251710024829887
S2_navigation,导航（GPS + 地图数据）,7010077,5.86041511382389,5.907127114373946,-0.7907735798742327,cutoff,0.9254950429741814
S2_navigation,导航（GPS + 地图数据）,7010078,5.871650503330184,5.907127114373946,-0.6005730087885917,cutoff,0.9229376025756303
S2_navigation,导航（GPS + 地图数据）,7010079,5.908411213001356,5.907127114373946,0.021738124176906157,cutoff,0.9254292408426089
S2_navigation,导航（GPS + 地图数据）,7010080,5.905555555555556,5.907127114373946,-0.02660445234987217,cutoff,0.9253093577389611
S2_navigation,导航（GPS + 地图数据）,7010081,5.945874319396754,5.907127114373946,0.6559399226152409,cutoff,0.9237732231880561
S2_navigation,导航（GPS + 地图数据）,7010082,5.927777777777778,5.907127114373946,0.3495889457598165,cutoff,0.9237266373605939
S2_navigation,导航（GPS + 地图数据）,7010083,5.932843404660829,5.907127114373946,0.4353434383409062,cutoff,0.9167974832984176
S2_navigation,导航（GPS + 地图数据）,7010084,5.911111111111111,5.907127114373946,0.06744389717755,cutoff,0.9249322748639814
S2_navigation,导航（GPS + 地图数据）,7010085,5.8906226794362615,5.907127114373946,-0.27939867583895006,cutoff,0.9207538342705582
S2_navigation,导航（GPS + 地图数据）,7010086,5.936111111111111,5.907127114373946,0.49066147005094224,cutoff,0.9250451831957677
S2_navigation,导航（GPS + 地图数据）,7010087,5.911111111111111,5.907127114373946,0.06744389717755,cutoff,0.9252019464204494
S2_navigation,导航（GPS + 地图数据）,7010088,5.918569333935675,5.907127114373946,0.19370193564798707,cutoff,0.9255461875895186
S2_navigation,导航（GPS + 地图数据）,7010089,5.856694716147003,5.907127114373946,-0.8537550868716621,cutoff,0.9232709740422568
S2_navigation,导航（GPS + 地图数据）,7010090,5.905555555555556,5.907127114373946,-0.02660445234987217,cutoff,0.9245201019827847
S2_navigation,导航（GPS + 地图数据）,7010091,5.8868836844973815,5.907127114373946,-0.34269501035969857,cutoff,0.9246355947621098
S2_navigation,导航（GPS + 地图数据）,7010092,5.876237291725001,5.907127114373946,-0.5229246307190476,cutoff,0.9240762785801345
S2_navigation,导航（GPS + 地图数据）,7010093,5.891666666666667,5.907127114373946,-0.26172532616843514,cutoff,0.9221629254107148
S2_navigation,导航（GPS + 地图数据）,7010094,5.915784798036311,5.907127114373946,0.1465633546516777,cutoff,0.9240221873060407
S2_navigation,导航（GPS + 地图数据）,7010095,5.9,5.907127114373946,-0.12065280187729434,cutoff,0.9242543392414745
S2_navigation,导航（GPS + 地图数据）,7010096,5.925,5.907127114373946,0.3025647709960979,cutoff,0.9232708799316061
S2_navigation,导航（GPS + 地图数据）,7010097,5.929302934574584,5.907127114373946,0.37540787207163673,cutoff,0.9221369142631508
S2_navigation,导航（GPS + 地图数据）,7010098,5.897954415329024,5.907127114373946,-0.1552818970596006,cutoff,0.9230613000675971
S2_navigation,导航（GPS + 地图数据）,7010099,5.874721882129293,5.907127114373946,-0.5485785495592308,cutoff,0.9248459692365284
S3_gaming,游戏（高 CPU/GPU 负载）,7010000,3.8512426121441243,3.8456425279402824,0.14562154862691673,cutoff,0.9024365167943055
S3_gaming,游戏（高 CPU/GPU 负载）,7010001,3.8416490182352265,3.8456425279402824,-0.10384505777750404,cutoff,0.9057803558455981
S3_gaming,游戏（高 CPU/GPU 负载）,7010002,3.8361111111111112,3.8456425279402824,-0.24784978738718447,cutoff,0.8978907613437264
S3_gaming,游戏（高 CPU/GPU 负载）,7010003,3.8499353774465863,3.8456425279402824,0.11162892741887716,cutoff,0.9093968957896119
S3_gaming,游戏（高 CPU/GPU 负载）,7010004,3.845314840556613,3.8456425279402824,-0.00852100478109219,cutoff,0.9092409899708871
S3_gaming,游戏（高 CPU/GPU 负载）,7010005,3.847475304980309,3.8456425279402824,0.04765853889722959,cutoff,0.9091781637589116
S3_gaming,游戏（高 CPU/GPU 负载）,7010006,3.844978761048824,3.8456425279402824,-0.017260233800610356,cutoff,0.9092026507904056
S3_gaming,游戏（高 CPU/GPU 负载）,7010007,3.8427694401288597,3.8456425279402824,-0.07471021527738103,cutoff,0.9077059295746932
S3_gaming,游戏（高 CPU/GPU 负载）,7010008,3.847855614681418,3.8456425279402824,0.05754790584554749,cutoff,0.9092188650955465
S3_gaming,游戏（高 CPU/GPU 负载）,7010009,3.8402874812928696,3.8456425279402824,-0.13924972507210573,cutoff,0.8968889082270969
S3_gaming,游戏（高 CPU/GPU 负载）,7010010,3.85213831394921,3.8456425279402824,0.16891289197403758,cutoff,0.8994309306193304
S3_gaming,游戏（高 CPU/GPU 负载）,7010011,3.8487165538883645,3.8456425279402824,0.07993530146777814,cutoff,0.9065903676471779
S3_gaming,游戏（高 CPU/GPU 负载）,7010012,3.8428954010325302,3.8456425279402824,-0.0714347963387927,cutoff,0.9017529216220622
S3_gaming,游戏（高 CPU/GPU 负载）,7010013,3.8370151366354492,3.8456425279402824,-0.2243419985646444,cutoff,0.898028976341639
S3_gaming,游戏（高 CPU/GPU 负载）,7010014,3.84717888309127,3.8456425279402824,0.03995054506042084,cutoff,0.9093968260325913
S3_gaming,游戏（高 CPU/GPU 负载）,7010015,3.846819257427713,3.8456425279402824,0.03059903459255693,cutoff,0.9093636594168081
S3_gaming,游戏（高 CPU/GPU 负载）,7010016,3.844757461516717,3.8456425279402824,-0.023014786661400926,cutoff,0.9073858900351772
S3_gaming,游戏（高 CPU/GPU 负载）,7010017,3.844618127525459,3.8456425279402824,-0.02663795210762553,cutoff,0.9091824131347362
S3_gaming,游戏（高 CPU/GPU 负载）,7010018,3.8478775809809496,3.8456425279402824,0.05811910557022751,cutoff,0.9087549871060651
S3_gaming,游戏（高 CPU/GPU 负载）,7010019,3.8405497273785136,3.8456425279402824,-0.13243042026832494,cutoff,0.8981000055802587
S3_gaming,游戏（高 CPU/GPU 负载）,7010020,3.8429624846695414,3.8456425279402824,-0.06969038987033543,cutoff,0.9041602765084517
S3_gaming,游戏（高 CPU/GPU 负载）,7010021,3.8478534896971848,3.8456425279402824,0.05749264890948071,cutoff,0.9092239638426175
S3_gaming,游戏（高 CPU/GPU 负载）,7010022,3.8497374572770626,3.8456425279402824,0.10648231880703365,cutoff,0.9008100714806847
S3_gaming,游戏（高 CPU/GPU 负载）,7010023,3.8503273865292647,3.8456425279402824,0.12182251873242794,cutoff,0.9000817533956693
S3_gaming,游戏（高 CPU/GPU 负载）,7010024,3.8465553259731435,3.8456425279402824,0.023735904370447123,cutoff,0.90934067559758
S3_gaming,游戏（高 CPU/GPU 负载）,7010025,3.849695953891705,3.8456425279402824,0.10540308731174361,cutoff,0.908596914044945
S3_gaming,游戏（高 CPU/GPU 负载）,7010026,3.8409952656290414,3.8456425279402824,-0.12084488554192481,cutoff,0.9088614568451273
S3_gaming,游戏（高 CPU/GPU 负载）,7010027,3.8491084575802264,3.8456425279402824,0.09012615225576646,cutoff,0.9002838790182752
S3_gaming,游戏（高 CPU/GPU 负载）,7010028,3.847891641733285,3.8456425279402824,0.05848473373855531,cutoff,0.9026881475152071
S3_gaming,游戏（高 CPU/GPU 负载）,7010029,3.841834090447763,3.8456425279402824,-0.09903254046233848,cutoff,0.909201573262812
S3_gaming,游戏（高 CPU/GPU 负载）,7010030,3.8472555606609524,3.8456425279402824,0.04194442694427905,cutoff,0.9026058625014766
S3_gaming,游戏（高 CPU/GPU 负载）,7010031,3.8433663564838345,3.8456425279402824,-0.05918832652568426,cutoff,0.9088479879421228
S3_gaming,游戏（高 CPU/GPU 负载）,7010032,3.8358106499015783,3.8456425279402824,-0.2556628175206405,cutoff,0.89830144757934
S3_gaming,游戏（高 CPU/GPU 负载）,7010033,3.8484887998114425,3.8456425279402824,0.07401290812863494,cutoff,0.9086705265682934
S3_gaming,游戏（高 CPU/GPU 负载）,7010034,3.8449923210703245,3.8456425279402824,-0.016907626365004844,cutoff,0.908752433795436
S3_gaming,游戏（高 CPU/GPU 负载）,7010035,3.8502483458808543,3.8456425279402824,0.1197671886325528,cutoff,0.9086428788758142
S3_gaming,游戏（高 CPU/GPU 负载）,7010036,3.8402375038799716,3.8456425279402824,-0.14054931057790376,cutoff,0.8980289163974152
S3_gaming,游戏（高 CPU/GPU 负载）,7010037,3.8433625390910047,3.8456425279402824,-0.05928759193587531,cutoff,0.9093240542217681
S3_gaming,游戏（高 CPU/GPU 负载）,7010038,3.844088602561069,3.8456425279402824,-0.04040743173405281,cutoff,0.9000192225162265
S3_gaming,游戏（高 CPU/GPU 负载）,7010039,3.847871167914305,3.8456425279402824,0.05795234366768973,cutoff,0.9052945300846459
S3_gaming,游戏（高 CPU/GPU 负载）,7010040,3.845873238956936,3.8456425279402824,0.005999283994222334,cutoff,0.9007380748005944
S3_gaming,游戏（高 CPU/GPU 负载）,7010041,3.843745465038505,3.8456425279402824,-0.049330193537090526,cutoff,0.9086807795412126
S3_gaming,游戏（高 CPU/GPU 负载）,7010042,3.8469271374845433,3.8456425279402824,0.03340428900834265,cutoff,0.8985146711052691
S3_gaming,游戏（高 CPU/GPU 负载）,7010043,3.8472506442436054,3.8456425279402824,0.04181658309734602,cutoff,0.9071424270442282
S3_gaming,游戏（高 CPU/GPU 负载）,7010044,3.84538051944158,3.8456425279402824,-0.006813126721966124,cutoff,0.9034346325714682
S3_gaming,游戏（高 CPU/GPU 负载）,7010045,3.846872644189486,3.8456425279402824,0.03198727495512976,cutoff,0.9054729766125998
S3_gaming,游戏（高 CPU/GPU 负载）,7010046,3.843759180022782,3.8456425279402824,-0.04897355653358559,cutoff,0.9087747304529664
S3_gaming,游戏（高 CPU/GPU 负载）,7010047,3.8455848165054682,3.8456425279402824,-0.0015006968119071404,cutoff,0.8986184021567954
S3_gaming,游戏（高 CPU/GPU 负载）,7010048,3.843495201709079,3.8456425279402824,-0.05583790525515607,cutoff,0.9083817487783608
S3_gaming,游戏（高 CPU/GPU 负载）,7010049,3.8453708204309955,3.8456425279402824,-0.0070653345263573105,cutoff,0.908629096158768
S3_gaming,游戏（高 CPU/GPU 负载）,7010050,3.843513849339091,3.8456425279402824,-0.055353002410541446,cutoff,0.9032801435049294
S3_gaming,游戏（高 CPU/GPU 负载）,7010051,3.8446590676104884,3.8456425279402824,-0.025573368368191938,cutoff,0.9034230643439473
S3_gaming,游戏（高 CPU/GPU 负载）,7010052,3.846866626249636,3.8456425279402824,0.031830787715188,cutoff,0.9093862555335729
S3_gaming,游戏（高 CPU/GPU 负载）,7010053,3.845948356092444,3.8456425279402824,0.007952589195161477,cutoff,0.9093094424463114
S3_gaming,游戏（高 CPU/GPU 负载）,7010054,3.8497478171271577,3.8456425279402824,0.10675171072320505,cutoff,0.9020686252619691
S3_gaming,游戏（高 CPU/GPU 负载）,7010055,3.8468916229042898,3.8456425279402824,0.03248078714888751,cutoff,0.9033455864990014
S3_gaming,游戏（高 CPU/GPU 负载）,7010056,3.840991509352918,3.8456425279402824,-0.12094256170647177,cutoff,0.9002991984045753
S3_gaming,游戏（高 CPU/GPU 负载）,7010057,3.8462082741652313,3.8456425279402824,0.014711357616795531,cutoff,0.9051808993082687
S3_gaming,游戏（高 CPU/GPU 负载）,7010058,3.846550511137022,3.8456425279402824,0.023610701986544393,cutoff,0.8997077985678382
S3_gaming,游戏（高 CPU/GPU 负载）,7010059,3.835303446751543,3.8456425279402824,-0.2688518528079877,cutoff,0.8984480538629882
S3_gaming,游戏（高 CPU/GPU 负载）,7010060,3.841666666666667,3.8456425279402824,-0.10338613754994701,cutoff,0.8976694531879468
S3_gaming,游戏（高 CPU/GPU 负载）,7010061,3.849141570297895,3.8456425279402824,0.09098719738484765,cutoff,0.9035548149833834
S3_gaming,游戏（高 CPU/GPU 负载）,7010062,3.84060267624254,3.8456425279402824,-0.13105356676097255,cutoff,0.8998137153587994
S3_gaming,游戏（高 CPU/GPU 负载）,7010063,3.8506192746683268,3.8456425279402824,0.1294126193967881,cutoff,0.9045852454578822
S3_gaming,游戏（高 CPU/GPU 负载）,7010064,3.8464203920502533,3.8456425279402824,0.02022715591268335,cutoff,0.8989221746507332
S3_gaming,游戏（高 CPU/GPU 负载）,7010065,3.8481143902247505,3.8456425279402824,0.06427696455167108,cutoff,0.9086326558139837
S3_gaming,游戏（高 CPU/GPU 负载）,7010066,3.8430994050179863,3.8456425279402824,-0.0661299874811342,cutoff,0.8999846066137283
S3_gaming,游戏（高 CPU/GPU 负载）,7010067,3.8464816607756482,3.8456425279402824,0.021820354577139805,cutoff,0.9093304326903555
S3_gaming,游戏（高 CPU/GPU 负载）,7010068,3.850863405441104,3.8456425279402824,0.13576086344192984,cutoff,0.8991141637935806
S3_gaming,游戏（高 CPU/GPU 负载）,7010069,3.838064498700652,3.8456425279402824,-0.1970549572554559,cutoff,0.8983967462040641
S3_gaming,游戏（高 CPU/GPU 负载）,7010070,3.8446246510880986,3.8456425279402824,-0.026468316927235804,cutoff,0.9091361862644544
S3_gaming,游戏（高 CPU/GPU 负载）,7010071,3.8456333740312667,3.8456425279402824,-0.00023803327920296434,cutoff,0.9051571885573635
S3_gaming,游戏（高 CPU/GPU 负载）,7010072,3.8471846886623884,3.8456425279402824,0.0401015099791914,cutoff,0.9094034905178616
S3_gaming,游戏（高 CPU/GPU 负载）,7010073,3.8487425231396943,3.8456425279402824,0.08061059177729409,cutoff,0.9049040416011676
S3_gaming,游戏（高 CPU/GPU 负载）,7010074,3.8528505199154828,3.8456425279402824,0.18743270917229465,cutoff,0.9091647916543308
S3_gaming,游戏（高 CPU/GPU 负载）,7010075,3.8516010582098037,3.8456425279402824,0.15494238547212777,cutoff,0.9093046500715706
S3_gaming,游戏（高 CPU/GPU 负载）,7010076,3.8462164595640638,3.8456425279402824,0.014924206283124915,cutoff,0.9004646094928435
S3_gaming,游戏（高 CPU/GPU 负载）,7010077,3.8472222222222223,3.8456425279402824,0.04107751228729044,cutoff,0.8974796757059494
S3_gaming,游戏（高 CPU/GPU 负载）,7010078,3.8459693756644073,3.8456425279402824,0.008499170730255174,cutoff,0.9086098137055874
S3_gaming,游戏（高 CPU/GPU 负载）,7010079,3.8377232045852057,3.8456425279402824,-0.20592978410081958,cutoff,0.8981266233562414
S3_gaming,游戏（高 CPU/GPU 负载）,7010080,3.8461881876258595,3.8456425279402824,0.01418903815455061,cutoff,0.9093093502296061
S3_gaming,游戏（高 CPU/GPU 负载）,7010081,3.8441230701309497,3.8456425279402824,-0.039511155763781614,cutoff,0.9047361307373563
S3_gaming,游戏（高 CPU/GPU 负载）,7010082,3.851570547175021,3.8456425279402824,0.15414899309202454,cutoff,0.9078934353076274
S3_gaming,游戏（高 CPU/GPU 负载）,7010083,3.8490112626925477,3.8456425279402824,0.08759874917624173,cutoff,0.899399185728104
S3_gaming,游戏（高 CPU/GPU 负载）,7010084,3.849993587508515,3.8456425279402824,0.11314259025950606,cutoff,0.908887386425019
S3_gaming,游戏（高 CPU/GPU 负载）,7010085,3.8459383456678236,3.8456425279402824,0.007692283549287908,cutoff,0.9092948605011448
S3_gaming,游戏（高 CPU/GPU 负载）,7010086,3.8513734134710473,3.8456425279402824,0.14902283530326987,cutoff,0.8986133448175365
S3_gaming,游戏（高 CPU/GPU 负载）,7010087,3.8449672067589824,3.8456425279402824,-0.017560685279338278,cutoff,0.9001063207011029
S3_gaming,游戏（高 CPU/GPU 负载）,7010088,3.8434873879033753,3.8456425279402824,-0.05604109121555239,cutoff,0.9093240851350438
S3_gaming,游戏（高 CPU/GPU 负载）,7010089,3.841666666666667,3.8456425279402824,-0.10338613754994701,cutoff,0.8976531896513871
S3_gaming,游戏（高 CPU/GPU 负载）,7010090,3.8471206638369932,3.8456425279402824,0.038436643186972194,cutoff,0.9094126131083449
S3_gaming,游戏（高 CPU/GPU 负载）,7010091,3.8436945529706548,3.8456425279402824,-0.05065408330271796,cutoff,0.9093438884899409
S3_gaming,游戏（高 CPU/GPU 负载）,7010092,3.837447466723496,3.8456425279402824,-0.21309992172298287,cutoff,0.9092787812560348
S3_gaming,游戏（高 CPU/GPU 负载）,7010093,3.8487146645177046,3.8456425279402824,0.07988617129912108,cutoff,0.9044527741634663
S3_gaming,游戏（高 CPU/GPU 负载）,7010094,3.843419603082866,3.8456425279402824,-0.05780373087893821,cutoff,0.9079355032330046
S3_gaming,游戏（高 CPU/GPU 负载）,7010095,3.844114473556563,3.8456425279402824,-0.03973469641593812,cutoff,0.9093872593428749
S3_gaming,游戏（高 CPU/GPU 负载）,7010096,3.8465038249752688,3.8456425279402824,0.022396700388262414,cutoff,0.9068115427884955
S3_gaming,游戏（高 CPU/GPU 负载）,7010097,3.850372257570955,3.8456425279402824,0.12298932093425134,cutoff,0.9069347199946092
S3_gaming,游戏（高 CPU/GPU 负载）,7010098,3.852485868969138,3.8456425279402824,0.17795052397969585,cutoff,0.9089665656672488
S3_gaming,游戏（高 CPU/GPU 负载）,7010099,3.8454075705668833,3.8456425279402824,-0.006109703949132063,cutoff,0.9022691764030826
S4_mixed_day,混合使用（标准一天）,7010000,18.07038559934524,18.05516480711538,0.08430159675896796,cutoff,0.9430276159324726
S4_mixed_day,混合使用（标准一天）,7010001,18.00028006817919,18.05516480711538,-0.303983594292967,cutoff,0.943087245558525
S4_mixed_day,混合使用（标准一天）,7010002,18.044444444444444,18.05516480711538,-0.05937560130555794,cutoff,0.9430925162737239
S4_mixed_day,混合使用（标准一天）,7010003,18.113888888888887,18.05516480711538,0.32524810712536945,cutoff,0.9430844777580163
S4_mixed_day,混合使用（标准一天）,7010004,17.98752102106995,18.05516480711538,-0.37465061531187005,cutoff,0.9421808643913611
S4_mixed_day,混合使用（标准一天）,7010005,18.077028344531406,18.05516480711538,0.12109298170134478,cutoff,0.9436167406723287
S4_mixed_day,混合使用（标准一天）,7010006,18.06816370913025,18.05516480711538,0.07199547693825843,cutoff,0.9436111960680018
S4_mixed_day,混合使用（标准一天）,7010007,18.051059480864186,18.05516480711538,-0.022737683621555406,cutoff,0.9434095495630874
S4_mixed_day,混合使用（标准一天）,7010008,18.057000333543062,18.05516480711538,0.01016621253415594,cutoff,0.9431133661236272
S4_mixed_day,混合使用（标准一天）,7010009,18.06388888888889,18.05516480711538,0.048319037055111175,cutoff,0.9430313667242373
S4_mixed_day,混合使用（标准一天）,7010010,18.073475643556975,18.05516480711538,0.10141605815960396,cutoff,0.94343022667203
S4_mixed_day,混合使用（标准一天）,7010011,18.052599125239336,18.05516480711538,-0.014210237920571819,cutoff,0.9427171980714792
S4_mixed_day,混合使用（标准一天）,7010012,18.07818567555336,18.05516480711538,0.12750295377480836,cutoff,0.9433120807629668
S4_mixed_day,混合使用（标准一天）,7010013,18.051469625187405,18.05516480711538,-0.02046606590108411,cutoff,0.9433556349796665
S4_mixed_day,混合使用（标准一天）,7010014,18.074540695460374,18.05516480711538,0.10731493482330366,cutoff,0.9433887266881317
S4_mixed_day,混合使用（标准一天）,7010015,18.08888888888889,18.05516480711538,0.1867835720902403,cutoff,0.9436586284550021
S4_mixed_day,混合使用（标准一天）,7010016,17.956850250015176,18.05516480711538,-0.5445231774425995,cutoff,0.9438980018291347
S4_mixed_day,混合使用（标准一天）,7010017,18.030555555555555,18.05516480711538,-0.13630034299174734,cutoff,0.9428026409525886
S4_mixed_day,混合使用（标准一天）,7010018,18.08043956275834,18.05516480711538,0.1399862915291726,cutoff,0.9431107351797878
S4_mixed_day,混合使用（标准一天）,7010019,18.083333333333332,18.05516480711538,0.1560136754157606,cutoff,0.9432629973991733
S4_mixed_day,混合使用（标准一天）,7010020,18.115995827740917,18.05516480711538,0.336917559465123,cutoff,0.9425679684353437
S4_mixed_day,混合使用（标准一天）,7010021,18.072222222222223,18.05516480711538,0.09447388206682089,cutoff,0.9433682002214184
S4_mixed_day,混合使用（标准一天）,7010022,18.075,18.05516480711538,0.1098588304040509,cutoff,0.9430230429890377
S4_mixed_day,混合使用（标准一天）,7010023,18.044444444444444,18.05516480711538,-0.05937560130555794,cutoff,0.9430780186162296
S4_mixed_day,混合使用（标准一天）,7010024,18.038888888888888,18.05516480711538,-0.09014549798003764,cutoff,0.9430954083670201
S4_mixed_day,混合使用（标准一天）,7010025,18.006183743500866,18.05516480711538,-0.27128560795639634,cutoff,0.9431759871377432
S4_mixed_day,混合使用（标准一天）,7010026,17.994444444444444,18.05516480711538,-0.33630467137583586,cutoff,0.943204450098715
S4_mixed_day,混合使用（标准一天）,7010027,18.103800893675363,18.05516480711538,0.2693749244582755,cutoff,0.9430151751020126
S4_mixed_day,混合使用（标准一天）,7010028,18.081954396341875,18.05516480711538,0.14837632064116332,cutoff,0.9430774325910704
S4_mixed_day,混合使用（标准一天）,7010029,18.084604997679314,18.05516480711538,0.1630568919112459,cutoff,0.9430536151508713
S4_mixed_day,混合使用（标准一天）,7010030,18.087120314613585,18.05516480711538,0.1769881795020425,cutoff,0.9432318603213072
S4_mixed_day,混合使用（标准一天）,7010031,18.01452111737042,18.05516480711538,-0.22510838410591547,cutoff,0.9431465110094174
S4_mixed_day,混合使用（标准一天）,7010032,18.08319769906031,18.05516480711538,0.15526245395380847,cutoff,0.9420692294668909
S4_mixed_day,混合使用（标准一天）,7010033,18.10941810987598,18.05516480711538,0.3004863336346787,cutoff,0.9433287250828254
S4_mixed_day,混合使用（标准一天）,7010034,18.051875480650008,18.05516480711538,-0.01821820238425373,cutoff,0.9431294547954413
S4_mixed_day,混合使用（标准一天）,7010035,18.024026456143986,18.05516480711538,-0.172462291560592,cutoff,0.9430686113878366
S4_mixed_day,混合使用（标准一天）,7010036,18.053792630864343,18.05516480711538,-0.007599909863432908,cutoff,0.943141858271798
S4_mixed_day,混合使用（标准一天）,7010037,18.052854047540738,18.05516480711538,-0.012798330003226265,cutoff,0.943035408959624
S4_mixed_day,混合使用（标准一天）,7010038,18.019444444444446,18.05516480711538,-0.19784013634068706,cutoff,0.9437380395866091
S4_mixed_day,混合使用（标准一天）,7010039,18.04636238515655,18.05516480711538,-0.048752930548498226,cutoff,0.94328818809611
S4_mixed_day,混合使用（标准一天）,7010040,18.072149918190636,18.05516480711538,0.09407342030222723,cutoff,0.9426070639325657
S4_mixed_day,混合使用（标准一天）,7010041,18.074046901992332,18.05516480711538,0.10458001950507065,cutoff,0.9431961511254112
S4_mixed_day,混合使用（标准一天）,7010042,18.042394707935657,18.05516480711538,-0.07072823381091131,cutoff,0.9430794291944328
S4_mixed_day,混合使用（标准一天）,7010043,18.03611111111111,18.05516480711538,-0.10553044631726764,cutoff,0.9432047405434548
S4_mixed_day,混合使用（标准一天）,7010044,18.047260691261805,18.05516480711538,-0.04377758906115781,cutoff,0.9432637114792618
S4_mixed_day,混合使用（标准一天）,7010045,18.10236019380094,18.05516480711538,0.26139549092879416,cutoff,0.9430900432678478
S4_mixed_day,混合使用（标准一天）,7010046,18.092243676619198,18.05516480711538,0.20536433701899462,cutoff,0.9439327049889918
S4_mixed_day,混合使用（标准一天）,7010047,18.116916067439142,18.05516480711538,0.3420143819425449,cutoff,0.9434468672293354
S4_mixed_day,混合使用（标准一天）,7010048,18.10719609363095,18.05516480711538,0.2881795157863449,cutoff,0.9433222483111189
S4_mixed_day,混合使用（标准一天）,7010049,18.035102794153453,18.05516480711538,-0.11111509186567903,cutoff,0.9438306316308223
S4_mixed_day,混合使用（标准一天）,7010050,17.997222222222224,18.05516480711538,-0.3209197230385862,cutoff,0.9430712592544654
S4_mixed_day,混合使用（标准一天）,7010051,18.034903152552204,18.05516480711538,-0.11222082312530275,cutoff,0.9430413776101068
S4_mixed_day,混合使用（标准一天）,7010052,18.04995784019035,18.05516480711538,-0.028839210168705127,cutoff,0.9428318338268139
S4_mixed_day,混合使用（标准一天）,7010053,18.021195942030857,18.05516480711538,-0.1881393243839807,cutoff,0.943045266945656
S4_mixed_day,混合使用（标准一天）,7010054,18.039134698657737,18.05516480711538,-0.08878406056600725,cutoff,0.9435859929653826
S4_mixed_day,混合使用（标准一天）,7010055,18.102777777777778,18.05516480711538,0.2637083137764297,cutoff,0.9431471210557439
S4_mixed_day,混合使用（标准一天）,7010056,18.03190950834992,18.05516480711538,-0.12880136522650062,cutoff,0.9434891296208409
S4_mixed_day,混合使用（标准一天）,7010057,18.085826952141982,18.05516480711538,0.16982478617154415,cutoff,0.9432491285903996
S4_mixed_day,混合使用（标准一天）,7010058,18.075907744963175,18.05516480711538,0.11488644977431345,cutoff,0.9439113391145838
S4_mixed_day,混合使用（标准一天）,7010059,18.112115036394982,18.05516480711538,0.31542348069379145,cutoff,0.9430728669845034
S4_mixed_day,混合使用（标准一天）,7010060,17.96195556060606,18.05516480711538,-0.5162469991555259,cutoff,0.9430715917429
S4_mixed_day,混合使用（标准一天）,7010061,17.96388888888889,18.05516480711538,-0.5055391030854447,cutoff,0.9430815720815481
S4_mixed_day,混合使用（标准一天）,7010062,18.075742876160415,18.05516480711538,0.11397331048967857,cutoff,0.9430095440880303
S4_mixed_day,混合使用（标准一天）,7010063,18.05074458163992,18.05516480711538,-0.0244817786084024,cutoff,0.9432950933566876
S4_mixed_day,混合使用（标准一天）,7010064,18.063208985592865,18.05516480711538,0.044553337304995486,cutoff,0.9433065968287839
S4_mixed_day,混合使用（标准一天）,7010065,18.03611111111111,18.05516480711538,-0.10553044631726764,cutoff,0.943034888858009
S4_mixed_day,混合使用（标准一天）,7010066,18.02718133223149,18.05516480711538,-0.15498875353860728,cutoff,0.9433269509481079
S4_mixed_day,混合使用（标准一天）,7010067,18.116348180459717,18.05516480711538,0.3388690936802,cutoff,0.9430385952346895
S4_mixed_day,混合使用（标准一天）,7010068,18.062126306975095,18.05516480711538,0.03855683364891391,cutoff,0.9430279396835454
S4_mixed_day,混合使用（标准一天）,7010069,18.049917389941125,18.05516480711538,-0.02906324716673416,cutoff,0.9435053264459745
S4_mixed_day,混合使用（标准一天）,7010070,18.030388407312355,18.05516480711538,-0.1372261071428135,cutoff,0.9433562742636168
S4_mixed_day,混合使用（标准一天）,7010071,18.00276729725669,18.05516480711538,-0.290207873583298,cutoff,0.944070297994691
S4_mixed_day,混合使用（标准一天）,7010072,18.080807313412482,18.05516480711538,0.14202310846255922,cutoff,0.9431764125645774
S4_mixed_day,混合使用（标准一天）,7010073,18.07655755915059,18.05516480711538,0.11848549854710173,cutoff,0.9431528225666881
S4_mixed_day,混合使用（标准一天）,7010074,18.095918187579098,18.05516480711538,0.22571591508075925,cutoff,0.9437561835477749
S4_mixed_day,混合使用（标准一天）,7010075,17.990535227978263,18.05516480711538,-0.3579561849894899,cutoff,0.9417476015014402
S4_mixed_day,混合使用（标准一天）,7010076,18.094212974329086,18.05516480711538,0.21627145268880926,cutoff,0.9441056069155713
S4_mixed_day,混合使用（标准一天）,7010077,18.011595083842167,18.05516480711538,-0.24131445898539403,cutoff,0.9431011352074147
S4_mixed_day,混合使用（标准一天）,7010078,18.09025840486915,18.05516480711538,0.1943687478274447,cutoff,0.9431916896395893
S4_mixed_day,混合使用（标准一天）,7010079,18.05189248502435,18.05516480711538,-0.0181240222727785,cutoff,0.9434485175139692
S4_mixed_day,混合使用（标准一天）,7010080,18.123314670121058,18.05516480711538,0.3774535637515872,cutoff,0.9433590735801627
S4_mixed_day,混合使用（标准一天）,7010081,18.058410052727915,18.05516480711538,0.01797405699258602,cutoff,0.9431296813750665
S4_mixed_day,混合使用（标准一天）,7010082,18.086111111111112,18.05516480711538,0.1713986237530103,cutoff,0.943418684628919
S4_mixed_day,混合使用（标准一天）,7010083,18.10759089085811,18.05516480711538,0.290366132366014,cutoff,0.9433923488469828
S4_mixed_day,混合使用（标准一天）,7010084,18.030129893119856,18.05516480711538,-0.13865790904138722,cutoff,0.9438669912649569
S4_mixed_day,混合使用（标准一天）,7010085,18.03443131357111,18.05516480711538,-0.1148341417304557,cutoff,0.9430670435343355
S4_mixed_day,混合使用（标准一天）,7010086,17.951848066066063,18.05516480711538,-0.5722281804295658,cutoff,0.9431424348745144
S4_mixed_day,混合使用（标准一天）,7010087,18.076494690882875,18.05516480711538,0.11813729752879526,cutoff,0.9439513607403257
S4_mixed_day,混合使用（标准一天）,7010088,18.036308506755137,18.05516480711538,-0.10443715447454685,cutoff,0.9432370561825327
S4_mixed_day,混合使用（标准一天）,7010089,18.04747830781619,18.05516480711538,-0.042572302060410405,cutoff,0.9433658006054607
S4_mixed_day,混合使用（标准一天）,7010090,17.976679730244623,18.05516480711538,-0.43469598704424683,cutoff,0.9435316797482797
S4_mixed_day,混合使用（标准一天）,7010091,18.041641848482797,18.05516480711538,-0.07489800717439075,cutoff,0.9436143213936415
S4_mixed_day,混合使用（标准一天）,7010092,18.01388888888889,18.05516480711538,-0.22861003301516677,cutoff,0.9430896808159157
S4_mixed_day,混合使用（标准一天）,7010093,18.048412045698562,18.05516480711538,-0.03740071879130758,cutoff,0.9436981975277946
S4_mixed_day,混合使用（标准一天）,7010094,18.017008939953914,18.05516480711538,-0.21132937621498335,cutoff,0.9431161950970911
S4_mixed_day,混合使用（标准一天）,7010095,18.095642026291735,18.05516480711538,0.2241863733107801,cutoff,0.9432824388735637
S4_mixed_day,混合使用（标准一天）,7010096,18.062149087074822,18.05516480711538,0.0386830030855816,cutoff,0.9430358542241749
S4_mixed_day,混合使用（标准一天）,7010097,18.085093609731064,18.05516480711538,0.16576310953357343,cutoff,0.9431328254675949
S4_mixed_day,混合使用（标准一天）,7010098,18.08554356800121,18.05516480711538,0.16825524004001044,cutoff,0.9431640360842729
S4_mixed_day,混合使用（标准一天）,7010099,18.065260599270754,18.05516480711538,0.05591636666421922,cutoff,0.9433863868630736
S5_burst_recovery,高负载→休止：恢复效应演示,7010000,10.053544621344372,10.049614931662209,0.03910288810949752,cutoff,0.8968645171158574
S5_burst_recovery,高负载→休止：恢复效应演示,7010001,10.044342116323838,10.049614931662209,-0.052467834580987645,cutoff,0.884852841069092
S5_burst_recovery,高负载→休止：恢复效应演示,7010002,10.042738695212226,10.049614931662209,-0.06842288482436333,cutoff,0.8852324641184987
S5_burst_recovery,高负载→休止：恢复效应演示,7010003,10.053436439610449,10.049614931662209,0.038026411700613605,cutoff,0.8968638284043844
S5_burst_recovery,高负载→休止：恢复效应演示,7010004,10.047557316331268,10.049614931662209,-0.020474568875847372,cutoff,0.8850269564858232
S5_burst_recovery,高负载→休止：恢复效应演示,7010005,10.055271156081318,10.049614931662209,0.05628299648863898,cutoff,0.8970486790925738
S5_burst_recovery,高负载→休止：恢复效应演示,7010006,10.043400599783944,10.049614931662209,-0.06183651732452403,cutoff,0.8843424620798527
S5_burst_recovery,高负载→休止：恢复效应演示,7010007,10.045399632499462,10.049614931662209,-0.04194488238017714,cutoff,0.8964921645904331
S5_burst_recovery,高负载→休止：恢复效应演示,7010008,10.048815902858163,10.049614931662209,-0.00795084000212406,cutoff,0.8866582622635191
S5_burst_recovery,高负载→休止：恢复效应演示,7010009,10.04451471262822,10.049614931662209,-0.05075039261374329,cutoff,0.8963583269461132
S5_burst_recovery,高负载→休止：恢复效应演示,7010010,10.05421065666268,10.049614931662209,0.04573035914034089,cutoff,0.8969242850175342
S5_burst_recovery,高负载→休止：恢复效应演示,7010011,10.049356784195018,10.049614931662209,-0.0025687299358871734,cutoff,0.8950877451721524
S5_burst_recovery,高负载→休止：恢复效应演示,7010012,10.044103440040134,10.049614931662209,-0.054842813974000384,cutoff,0.885569514710238
S5_burst_recovery,高负载→休止：恢复效应演示,7010013,10.048323817019744,10.049614931662209,-0.01284740411691588,cutoff,0.8966281076132623
S5_burst_recovery,高负载→休止：恢复效应演示,7010014,10.05,10.049614931662209,0.0038316725606944136,cutoff,0.8839114749510595
S5_burst_recovery,高负载→休止：恢复效应演示,7010015,10.049194580357254,10.049614931662209,-0.004182760312841807,cutoff,0.8967100665829723
S5_burst_recovery,高负载→休止：恢复效应演示,7010016,10.047329722017352,10.049614931662209,-0.022739275687637756,cutoff,0.8846900245462775
S5_burst_recovery,高负载→休止：恢复效应演示,7010017,10.04979110725772,10.049614931662209,0.001753058168986551,cutoff,0.8859779943480554
S5_burst_recovery,高负载→休止：恢复效应演示,7010018,10.053443247183916,10.049614931662209,0.038094151345495604,cutoff,0.8968483237407279
S5_burst_recovery,高负载→休止：恢复效应演示,7010019,10.05650398381819,10.049614931662209,0.06855040917316471,cutoff,0.8857403614803003
S5_burst_recovery,高负载→休止：恢复效应演示,7010020,10.048326061458361,10.049614931662209,-0.012825070538640047,cutoff,0.8966635304263416
S5_burst_recovery,高负载→休止：恢复效应演示,7010021,10.049660142611266,10.049614931662209,0.0004498774267953774,cutoff,0.895238462318767
S5_burst_recovery,高负载→休止：恢复效应演示,7010022,10.055425169837951,10.049614931662209,0.05781553039845219,cutoff,0.8951412101185167
S5_burst_recovery,高负载→休止：恢复效应演示,7010023,10.041030364844588,10.049614931662209,-0.085421848259825,cutoff,0.8844106241992606
S5_burst_recovery,高负载→休止：恢复效应演示,7010024,10.047222222222222,10.049614931662209,-0.023808966375893845,cutoff,0.8839623638283148
S5_burst_recovery,高负载→休止：恢复效应演示,7010025,10.056015478285042,10.049614931662209,0.06368947135146352,cutoff,0.8853226523291163
S5_burst_recovery,高负载→休止：恢复效应演示,7010026,10.044444444444444,10.049614931662209,-0.051449605312482105,cutoff,0.8841257231373809
S5_burst_recovery,高负载→休止：恢复效应演示,7010027,10.048906691726328,10.049614931662209,-0.007047433565330498,cutoff,0.8950981308969305
S5_burst_recovery,高负载→休止：恢复效应演示,7010028,10.048682343141977,10.049614931662209,-0.009279843323091463,cutoff,0.8951309546964717
S5_burst_recovery,高负载→休止：恢复效应演示,7010029,10.046968819627748,10.049614931662209,-0.026330481838896032,cutoff,0.8966549859742109
S5_burst_recovery,高负载→休止：恢复效应演示,7010030,10.05205610692904,10.049614931662209,0.024291231887306124,cutoff,0.8864509689794104
S5_burst_recovery,高负载→休止：恢复效应演示,7010031,10.051821927086891,10.049614931662209,0.02196099492060192,cutoff,0.8864130434632302
S5_burst_recovery,高负载→休止：恢复效应演示,7010032,10.049637798485406,10.049614931662209,0.00022753929730767573,cutoff,0.8967735292014882
S5_burst_recovery,高负载→休止：恢复效应演示,7010033,10.05281976004376,10.049614931662209,0.03189006149335043,cutoff,0.8848364606355692
S5_burst_recovery,高负载→休止：恢复效应演示,7010034,10.048320608822564,10.049614931662209,-0.012879327700075351,cutoff,0.8966183785810166
S5_burst_recovery,高负载→休止：恢复效应演示,7010035,10.046916814623346,10.049614931662209,-0.026847964396745513,cutoff,0.896646533042526
S5_burst_recovery,高负载→休止：恢复效应演示,7010036,10.049342894184562,10.049614931662209,-0.0027069442908654474,cutoff,0.8967232058538207
S5_burst_recovery,高负载→休止：恢复效应演示,7010037,10.048630994323654,10.049614931662209,-0.009790796416039482,cutoff,0.8966445912515444
S5_burst_recovery,高负载→休止：恢复效应演示,7010038,10.049812476076294,10.049614931662209,0.001965691376522196,cutoff,0.8963578855560648
S5_burst_recovery,高负载→休止：恢复效应演示,7010039,10.055315979076306,10.049614931662209,0.05672901352803137,cutoff,0.8967439391688256
S5_burst_recovery,高负载→休止：恢复效应演示,7010040,10.047222222222222,10.049614931662209,-0.023808966375893845,cutoff,0.8838577399529396
S5_burst_recovery,高负载→休止：恢复效应演示,7010041,10.048850192776522,10.049614931662209,-0.0076096337112150254,cutoff,0.8850202715909544
S5_burst_recovery,高负载→休止：恢复效应演示,7010042,10.044444444444444,10.049614931662209,-0.051449605312482105,cutoff,0.883503564836017
S5_burst_recovery,高负载→休止：恢复效应演示,7010043,10.053508186696403,10.049614931662209,0.0387403404077534,cutoff,0.8866093746973776
S5_burst_recovery,高负载→休止：恢复效应演示,7010044,10.050111898515059,10.049614931662209,0.004945133283510591,cutoff,0.896648763653967
S5_burst_recovery,高负载→休止：恢复效应演示,7010045,10.0526176048204,10.049614931662209,0.029878489659645825,cutoff,0.8870644632450622
S5_burst_recovery,高负载→休止：恢复效应演示,7010046,10.054709509577448,10.049614931662209,0.050694259928188955,cutoff,0.8966256921186653
S5_burst_recovery,高负载→休止：恢复效应演示,7010047,10.051372427681848,10.049614931662209,0.01748819264807849,cutoff,0.8968192775550128
S5_burst_recovery,高负载→休止：恢复效应演示,7010048,10.053288119695965,10.049614931662209,0.036550535107408896,cutoff,0.8968406108412723
S5_burst_recovery,高负载→休止：恢复效应演示,7010049,10.053604794294552,10.049614931662209,0.03970164687377936,cutoff,0.8968751717228388
S5_burst_recovery,高负载→休止：恢复效应演示,7010050,10.047222222222222,10.049614931662209,-0.023808966375893845,cutoff,0.8838356850662706
S5_burst_recovery,高负载→休止：恢复效应演示,7010051,10.043464638061364,10.049614931662209,-0.06119929611897664,cutoff,0.8951390247577341
S5_burst_recovery,高负载→休止：恢复效应演示,7010052,10.04887435951381,10.049614931662209,-0.007369159449733351,cutoff,0.8967167030230717
S5_burst_recovery,高负载→休止：恢复效应演示,7010053,10.048313909298344,10.049614931662209,-0.01294599218688682,cutoff,0.8966598722991889
S5_burst_recovery,高负载→休止：恢复效应演示,7010054,10.05608715522452,10.049614931662209,0.06440270205696297,cutoff,0.8969855750755654
S5_burst_recovery,高负载→休止：恢复效应演示,7010055,10.054594053627238,10.049614931662209,0.04954540048436724,cutoff,0.8969965612263431
S5_burst_recovery,高负载→休止：恢复效应演示,7010056,10.051135144659359,10.049614931662209,0.015127077081931933,cutoff,0.8848002584702428
S5_burst_recovery,高负载→休止：恢复效应演示,7010057,10.049645520251875,10.049614931662209,0.0003043757385187347,cutoff,0.8967475674256716
S5_burst_recovery,高负载→休止：恢复效应演示,7010058,10.041996498338287,10.049614931662209,-0.07580821131682351,cutoff,0.8958158427710748
S5_burst_recovery,高负载→休止：恢复效应演示,7010059,10.044444444444444,10.049614931662209,-0.051449605312482105,cutoff,0.8838029071683312
S5_burst_recovery,高负载→休止：恢复效应演示,7010060,10.05223052408451,10.049614931662209,0.026026792470040402,cutoff,0.8968990502337666
S5_burst_recovery,高负载→休止：恢复效应演示,7010061,10.0446312940531,10.049614931662209,-0.04959033398788765,cutoff,0.8963931973783379
S5_burst_recovery,高负载→休止：恢复效应演示,7010062,10.048152718975802,10.049614931662209,-0.014549937448850856,cutoff,0.8966030482587966
S5_burst_recovery,高负载→休止：恢复效应演示,7010063,10.055205587880492,10.049614931662209,0.05563055158132645,cutoff,0.8957509792581103
S5_burst_recovery,高负载→休止：恢复效应演示,7010064,10.051502464920164,10.049614931662209,0.0187821450950151,cutoff,0.8968226866684198
S5_burst_recovery,高负载→休止：恢复效应演示,7010065,10.046372085949049,10.049614931662209,-0.03226835789442301,cutoff,0.8965790146263506
S5_burst_recovery,高负载→休止：恢复效应演示,7010066,10.045332231726473,10.049614931662209,-0.042615562535066945,cutoff,0.8844450398363843
S5_burst_recovery,高负载→休止：恢复效应演示,7010067,10.053363173603845,10.049614931662209,0.0372973687760632,cutoff,0.8847510937194293
S5_burst_recovery,高负载→休止：恢复效应演示,7010068,10.057697112431548,10.049614931662209,0.0804227905675803,cutoff,0.8971350211376851
S5_burst_recovery,高负载→休止：恢复效应演示,7010069,10.054751123658672,10.049614931662209,0.051108346253958374,cutoff,0.8958528110252704
S5_burst_recovery,高负载→休止：恢复效应演示,7010070,10.050573276036278,10.049614931662209,0.009536130295402146,cutoff,0.896733815670912
S5_burst_recovery,高负载→休止：恢复效应演示,7010071,10.054268312279405,10.049614931662209,0.046304068850786397,cutoff,0.8969260863514467
S5_burst_recovery,高负载→休止：恢复效应演示,7010072,10.048377656414255,10.049614931662209,-0.012311668221791973,cutoff,0.8849474447997255
S5_burst_recovery,高负载→休止：恢复效应演示,7010073,10.052833537507272,10.049614931662209,0.03202715593532732,cutoff,0.8849979781743672
S5_burst_recovery,高负载→休止：恢复效应演示,7010074,10.054438668007105,10.049614931662209,0.047999215668438976,cutoff,0.8848692441479059
S5_burst_recovery,高负载→休止：恢复效应演示,7010075,10.054138098755692,10.049614931662209,0.04500836225308734,cutoff,0.8969413156917245
S5_burst_recovery,高负载→休止：恢复效应演示,7010076,10.04818093347841,10.049614931662209,-0.014269185372279794,cutoff,0.896636325737254
S5_burst_recovery,高负载→休止：恢复效应演示,7010077,10.046605827702875,10.049614931662209,-0.02994248018253534,cutoff,0.8966284115196287
S5_burst_recovery,高负载→休止：恢复效应演示,7010078,10.041666666666666,10.049614931662209,-0.07909024424907037,cutoff,0.883924216288452
S5_burst_recovery,高负载→休止：恢复效应演示,7010079,10.043684702927289,10.049614931662209,-0.059009512058381376,cutoff,0.8964311451370343
S5_burst_recovery,高负载→休止：恢复效应演示,7010080,10.048268470166745,10.049614931662209,-0.013398140173727115,cutoff,0.8860550107218805
S5_burst_recovery,高负载→休止：恢复效应演示,7010081,10.043034774949358,10.049614931662209,-0.06547670490457214,cutoff,0.8951230912075147
S5_burst_recovery,高负载→休止：恢复效应演示,7010082,10.05292430393356,10.049614931662209,0.0329303390612991,cutoff,0.8968086733947275
S5_burst_recovery,高负载→休止：恢复效应演示,7010083,10.054356277066411,10.049614931662209,0.04717937390082682,cutoff,0.8872116398193534
S5_burst_recovery,高负载→休止：恢复效应演示,7010084,10.041502834256873,10.049614931662209,-0.0807204799437442,cutoff,0.8963636270248856
S5_burst_recovery,高负载→休止：恢复效应演示,7010085,10.04823386837104,10.049614931662209,-0.013742449840709794,cutoff,0.8966129771340475
S5_burst_recovery,高负载→休止：恢复效应演示,7010086,10.053776911145304,10.049614931662209,0.04141431797533547,cutoff,0.8969118921570425
S5_burst_recovery,高负载→休止：恢复效应演示,7010087,10.048323921844377,10.049614931662209,-0.012846361045780892,cutoff,0.8966244781732894
S5_burst_recovery,高负载→休止：恢复效应演示,7010088,10.047112404404738,10.049614931662209,-0.024901722846980015,cutoff,0.8961244536659958
S5_burst_recovery,高负载→休止：恢复效应演示,7010089,10.048091791452714,10.049614931662209,-0.015156204688953913,cutoff,0.8966030902609209
S5_burst_recovery,高负载→休止：恢复效应演示,7010090,10.051191738140705,10.049614931662209,0.015690217876195248,cutoff,0.8967765292015067
S5_burst_recovery,高负载→休止：恢复效应演示,7010091,10.043689691695732,10.049614931662209,-0.05895987066935697,cutoff,0.8954165209459891
S5_burst_recovery,高负载→休止：恢复效应演示,7010092,10.047500843164357,10.049614931662209,-0.021036512465674843,cutoff,0.8862301020948378
S5_burst_recovery,高负载→休止：恢复效应演示,7010093,10.057843781943864,10.049614931662209,0.08188224461944234,cutoff,0.8971539276061637
S5_burst_recovery,高负载→休止：恢复效应演示,7010094,10.054289774762964,10.049614931662209,0.04651763408393435,cutoff,0.896953336071881
S5_burst_recovery,高负载→休止：恢复效应演示,7010095,10.045568276325506,10.049614931662209,-0.04026677006253791,cutoff,0.8843879783948556
S5_burst_recovery,高负载→休止：恢复效应演示,7010096,10.05469635943468,10.049614931662209,0.05056340772282684,cutoff,0.8859800942795212
S5_burst_recovery,高负载→休止：恢复效应演示,7010097,10.055555555555555,10.049614931662209,0.059112950433853256,cutoff,0.8842110939947633
S5_burst_recovery,高负载→休止：恢复效应演示,7010098,10.048745563019878,10.049614931662209,-0.008650765708362085,cutoff,0.896687329685385
S5_burst_recovery,高负载→休止：恢复效应演示,7010099,10.044637052084108,10.049614931662209,-0.04953303795171294,cutoff,0.8842270327688867
