model,strategy,p_m_override,gamma,w,R_L,R_H,p,years,reps,H_safe,q,N_ref,N_q,burn_in,rec_target_frac,rec_hold_years,B_init,B_th,B_out_th,P_ext,P_host,mean_H,min_H,q10_min_H,median_min_H,q90_min_H,cv_H,geom_mean_H,mean_N,min_N,q10_min_N,median_min_N,q90_min_N,cv_N,geom_mean_N,P_rec_N,median_T_rec_N,q10_T_rec_N,q90_T_rec_N,P_rec_H,median_T_rec_H,q10_T_rec_H,q90_T_rec_H,mean_B1,max_B1,P_B1_persist,P_B1_outbreak,mean_B2,max_B2,P_B2_persist,P_B2_outbreak
3,S_78,0.78,1.0,0.0,1.0,10.0,0.05,120,60,0.3,0.2,2.1673187873058066,0.43346375746116134,10,0.8,1.0,1e-06,0.3,0.3,1.0,0.0,0.9760159607103102,0.3558496221674544,0.35432408091294654,0.35432408091294654,0.3579136023081727,0.05265322035756576,0.9745757318665441,0.07409471293299248,0.00016876809637371732,0.00016660822769663767,0.00016849573820061875,0.0001714968892258877,2.242658663810639,0.007961895197066292,0.0,inf,inf,inf,1.0,0.0,0.0,0.0,0.03325962752448115,0.3099048901589459,0.0,0.5833333333333334,0.001964640308721883,0.016592872223175223,0.0,0.0
3,S_var_g0.5_w0.0,,0.5,0.0,1.0,10.0,0.05,120,60,0.3,0.2,2.1673187873058066,0.43346375746116134,10,0.8,1.0,1e-06,0.3,0.3,1.0,0.0,0.7753619332210663,0.33104261222484443,0.30123869499163597,0.34353415027679585,0.3579136023081727,0.10743135627095476,0.7688254102899036,0.4506206574863222,0.23282776055438592,0.2299678706458522,0.2308222526646626,0.23907863642786373,0.8397692524754753,0.3617777036674176,0.0,inf,inf,inf,1.0,0.0,0.0,0.0,0.28542133615630344,0.5420920160661002,0.23333333333333334,1.0,0.1900298478876599,0.3395749496743841,0.0,0.9
3,S_var_g0.5_w3.0,,0.5,3.0,1.0,10.0,0.05,120,60,0.3,0.2,2.1673187873058066,0.43346375746116134,10,0.8,1.0,1e-06,0.3,0.3,1.0,0.0,0.7756650044964203,0.33211314679024057,0.30355263362237694,0.3438793791967423,0.3579136023081727,0.10734130223093379,0.7691664308183671,0.4505122623907953,0.23302790730505132,0.22990359215490674,0.23092511601188967,0.24028459893183093,0.8462540745333365,0.3610188276540139,0.0,inf,inf,inf,1.0,0.0,0.0,0.0,0.28469039356894504,0.5425464160311217,0.23333333333333334,1.0,0.1895306563596965,0.33896797472865814,0.0,0.8833333333333333
3,S_var_g0.5_w5.0,,0.5,5.0,1.0,10.0,0.05,120,60,0.3,0.2,2.1673187873058066,0.43346375746116134,10,0.8,1.0,1e-06,0.3,0.3,1.0,0.0,0.775728871051148,0.3324651409476161,0.30442423371000693,0.34391150817450156,0.3579136023081727,0.10755945473734456,0.7692298890253606,0.45087603568269985,0.23322038262212672,0.22992782684770038,0.23116747536810234,0.24083582123868733,0.8509079646453379,0.3607502485566406,0.0,inf,inf,inf,1.0,0.0,0.0,0.0,0.28430249696000537,0.543148916281856,0.23333333333333334,1.0,0.18928000958517605,0.33901484091807316,0.0,0.9
3,S_var_g1.0_w0.0,,1.0,0.0,1.0,10.0,0.05,120,60,0.3,0.2,2.1673187873058066,0.43346375746116134,10,0.8,1.0,1e-06,0.3,0.3,1.0,0.0,0.7843993448729549,0.3345502875249745,0.308817345840309,0.34409256550923484,0.3579136023081727,0.10026240142530121,0.778398348391617,0.42464360654689787,0.22596144207032565,0.22280034714543465,0.2237206551441697,0.2339040020650215,0.825914397084562,0.3440845326640274,0.0,inf,inf,inf,1.0,0.0,0.0,0.0,0.27103513328710727,0.5327813185841247,0.1,1.0,0.1804619604616892,0.3242206013119923,0.0,0.6833333333333333
3,S_var_g1.0_w3.0,,1.0,3.0,1.0,10.0,0.05,120,60,0.3,0.2,2.1673187873058066,0.43346375746116134,10,0.8,1.0,1e-06,0.3,0.3,1.0,0.0,0.7852309510202468,0.3368432090909852,0.31377463867227506,0.34480934023574183,0.3579136023081727,0.09968401652042765,0.7793369342576953,0.4235579299824786,0.22633726891048586,0.2224567972052014,0.22399764695536556,0.23521993005345962,0.8364546916943623,0.34231331544348564,0.0,inf,inf,inf,1.0,0.0,0.0,0.0,0.2693395521877411,0.5332734872201708,0.1,1.0,0.179302229976861,0.3220451155153201,0.0,0.6166666666666667
3,S_var_g1.0_w5.0,,1.0,5.0,1.0,10.0,0.05,120,60,0.3,0.2,2.1673187873058066,0.43346375746116134,10,0.8,1.0,1e-06,0.3,0.3,1.0,0.0,0.7854435513596739,0.33766200070712665,0.3156323184697007,0.34487789693475823,0.3579136023081727,0.09994263219072948,0.7795671255220159,0.42388951286582266,0.22662207433601533,0.22216155040003574,0.22440923891568038,0.23637793266147772,0.8453933877764841,0.3416753648650955,0.0,inf,inf,inf,1.0,0.0,0.0,0.0,0.2684766834212189,0.5344704904172126,0.1,1.0,0.1787430174983512,0.32169436687890585,0.0,0.6166666666666667
3,S_var_g2.0_w0.0,,2.0,0.0,1.0,10.0,0.05,120,60,0.3,0.2,2.1673187873058066,0.43346375746116134,10,0.8,1.0,1e-06,0.3,0.3,1.0,0.0,0.799289371308081,0.34140857783685113,0.3241455249063116,0.34525276717951847,0.3579136023081727,0.08995182021794149,0.7940664147618752,0.38641996857197003,0.2125209224283521,0.20905521111232328,0.21038528379596408,0.22167421396862338,0.8035149149325772,0.31703845243222695,0.0,inf,inf,inf,1.0,0.0,0.0,0.0,0.2458984299808041,0.5145163251251116,0.016666666666666666,1.0,0.16385064677351985,0.2946495691928989,0.0,0.5166666666666667
3,S_var_g2.0_w3.0,,2.0,3.0,1.0,10.0,0.05,120,60,0.3,0.2,2.1673187873058066,0.43346375746116134,10,0.8,1.0,1e-06,0.3,0.3,1.0,0.0,0.8015185130778781,0.34626231466831686,0.3346171768376862,0.3467410617831701,0.3579136023081727,0.08782986470092675,0.7965664132569276,0.38228075169995607,0.21266540580259796,0.20813866231828648,0.21056738839220143,0.22297664654488344,0.8136614720752913,0.31321114525622684,0.0,inf,inf,inf,1.0,0.0,0.0,0.0,0.24201999815775407,0.51339004357234,0.016666666666666666,1.0,0.1612095951538072,0.2874078228762381,0.0,0.5
3,S_var_g2.0_w5.0,,2.0,5.0,1.0,10.0,0.05,120,60,0.3,0.2,2.1673187873058066,0.43346375746116134,10,0.8,1.0,1e-06,0.3,0.3,1.0,0.0,0.8022929435478701,0.34777490428573554,0.33798411764285424,0.3468769666778582,0.3579136023081727,0.08764587228040276,0.7974266543263248,0.3815131148117327,0.21290393184445253,0.20640781271937028,0.21127573110403353,0.22305389257612124,0.8263995983969379,0.3116573367469194,0.0,inf,inf,inf,1.0,0.0,0.0,0.0,0.2400470008303419,0.5151331224499823,0.016666666666666666,1.0,0.15991587883226044,0.28458513568227656,0.0,0.48333333333333334
3,S_var_g4.0_w0.0,,4.0,0.0,1.0,10.0,0.05,120,60,0.3,0.2,2.1673187873058066,0.43346375746116134,10,0.8,1.0,1e-06,0.3,0.3,1.0,0.0,0.81998466079269,0.3508743920705183,0.34461642764651373,0.34758408520032646,0.3579136023081727,0.08041218014702954,0.8157240822110424,0.342286938536963,0.19023942628707888,0.18554935317046026,0.1882413451350573,0.19858489610127725,0.7803795742708364,0.2839174186462757,0.0,inf,inf,inf,1.0,0.0,0.0,0.0,0.20893904804138322,0.48475575789978204,0.016666666666666666,1.0,0.13979419570943766,0.25608559889473126,0.0,0.36666666666666664
3,S_var_g4.0_w3.0,,4.0,3.0,1.0,10.0,0.05,120,60,0.3,0.2,2.1673187873058066,0.43346375746116134,10,0.8,1.0,1e-06,0.3,0.3,1.0,0.0,0.8248185382859456,0.35352677637289553,0.34990164865822404,0.35020365917701435,0.3579136023081727,0.07611577824462851,0.8210535725543178,0.33312526345080895,0.18930861587657796,0.18268388244222045,0.18826987423701672,0.19867206459630873,0.7780496509620555,0.27741291324100276,0.0,inf,inf,inf,1.0,0.0,0.0,0.0,0.20128703350357963,0.4771444755959431,0.016666666666666666,1.0,0.13466928240572804,0.24547847430341635,0.0,0.3
3,S_var_g4.0_w5.0,,4.0,5.0,1.0,10.0,0.05,120,60,0.3,0.2,2.1673187873058066,0.43346375746116134,10,0.8,1.0,1e-06,0.3,0.3,1.0,0.0,0.8269079638242418,0.3536455506548622,0.35013540528553766,0.3503653393376308,0.3579136023081727,0.07500242986360799,0.8233319455960157,0.32981263238412756,0.18799763920293747,0.17870912800100036,0.18701870674675508,0.20229334532527546,0.7871512182453526,0.2744791557794093,0.0,inf,inf,inf,1.0,0.0,0.0,0.0,0.19735256762398562,0.47743094269325304,0.016666666666666666,1.0,0.13206472898121138,0.24063672689784044,0.0,0.23333333333333334
3,S_var_g8.0_w0.0,,8.0,0.0,1.0,10.0,0.05,120,60,0.3,0.2,2.1673187873058066,0.43346375746116134,10,0.8,1.0,1e-06,0.3,0.3,1.0,0.0,0.8456318748022086,0.3540997654198704,0.35101777528150324,0.35107060209164137,0.3579136023081727,0.07511303037031618,0.8423684401971004,0.2991687331789174,0.15828156363366042,0.1525463878082145,0.15684815744165326,0.164230444170605,0.7684672945910308,0.24976830978309966,0.0,inf,inf,inf,1.0,0.0,0.0,0.0,0.16376770223915246,0.44820505711610265,0.0,0.7833333333333333,0.1105503515582659,0.2290489572613476,0.0,0.16666666666666666
3,S_var_g8.0_w3.0,,8.0,3.0,1.0,10.0,0.05,120,60,0.3,0.2,2.1673187873058066,0.43346375746116134,10,0.8,1.0,1e-06,0.3,0.3,1.0,0.0,0.8537911892169091,0.355092366061605,0.35290707709755403,0.35290707709755403,0.3579136023081727,0.06913556871687354,0.8511295369123846,0.28514423864925703,0.15490515053332318,0.14667767276438576,0.1537848599115292,0.16565951045565988,0.7439592936870095,0.2411044783899575,0.0,inf,inf,inf,1.0,0.0,0.0,0.0,0.15144880212479164,0.4289310567296959,0.0,0.7833333333333333,0.10246014012022815,0.21196023062589037,0.0,0.1
3,S_var_g8.0_w5.0,,8.0,5.0,1.0,10.0,0.05,120,60,0.3,0.2,2.1673187873058066,0.43346375746116134,10,0.8,1.0,1e-06,0.3,0.3,1.0,0.0,0.8577752902898552,0.3551221971939207,0.35296382224386225,0.35296382224386225,0.3579136023081727,0.06744896622703439,0.8553255968727415,0.27915122316869323,0.15003575342414938,0.13715849334299265,0.15032179931751827,0.16347230629479112,0.7399940933553552,0.23698240478275373,0.0,inf,inf,inf,1.0,0.0,0.0,0.0,0.145132296717865,0.4236382586998398,0.0,0.7833333333333333,0.09826514754481476,0.20384910938552023,0.0,0.1
3,S_56,0.56,1.0,0.0,1.0,10.0,0.05,120,60,0.3,0.2,2.1673187873058066,0.43346375746116134,10,0.8,1.0,1e-06,0.3,0.3,1.0,0.4,0.7661221651271634,0.32713701315657107,0.2940294658110544,0.33283448480968125,0.3579136023081727,0.11492926899702932,0.7589869960933471,0.47890768667911865,0.23946286546518472,0.23700153220467488,0.23770742324510163,0.2436038628757948,0.8504404751766955,0.3809647659215211,0.0,inf,inf,inf,1.0,0.0,0.0,0.0,0.2996382371288624,0.5500381459882097,0.4666666666666667,1.0,0.19948643496539992,0.3527049957861134,0.0,1.0
3,S_50,0.5,1.0,0.0,1.0,10.0,0.05,120,60,0.3,0.2,2.1673187873058066,0.43346375746116134,10,0.8,1.0,1e-06,0.3,0.3,1.0,0.43333333333333335,0.7517180584829224,0.31649531670421893,0.2719516251419075,0.3208069056568347,0.3579136023081727,0.1177389318007909,0.7441090715941918,0.5144636406997221,0.259026893688358,0.25440672360856026,0.2558672478650209,0.2666900931436603,0.8099799870680953,0.4162034196573267,0.0,inf,inf,inf,1.0,0.0,0.0,1.666666666666666,0.32676358083262075,0.5537072940438191,0.9833333333333333,1.0,0.2171190872377175,0.3603494394229709,0.0,1.0
