loss,s_on,s1_screen,s1_cpu,s1_gpu,s1_wifi,s1_p,s3_wifi_min,s4_cpu_min,s4_gpu_min,s4_p_min,s5_wifi_max,s5_infra_min,s5_p_min,s2_p_max,S1_standby_light_n,S2_browse_social_n,S3_video_streaming_n,S4_gaming_n,S5_nav_call_n,S1_standby_light_tte_med,S2_browse_social_tte_med,S3_video_streaming_tte_med,S4_gaming_tte_med,S5_nav_call_tte_med
0.13304110970643374,0.4290428653328753,0.3462391776515633,0.3377653215674687,0.12740504509332312,0.6187688077512044,0.12228255871782559,0.7459435965124344,0.8010612078429009,0.7942685409578144,0.9835986406472398,0.3194732307259234,0.8442205519272322,0.9185916119569938,0.4263071732411716,8,64,83,9,11,11.622301579180029,8.064999315182593,6.821275634368083,2.4894732596976987,3.8707637415747866
0.13472006245212892,0.3833114967734533,0.3430296983321405,0.34716199948082305,0.1083495583508908,0.5667332860676197,0.18294259690439646,0.7807183568348589,0.9772136720992894,0.7247028033569106,0.9886918686407198,0.32954281402023644,0.7348173994651348,0.9356697214493825,0.4347784495990525,9,75,79,8,10,11.496527143868999,8.078862320081358,7.019483468395793,2.431950175958086,3.772011831041246
0.15310459475807178,0.4172199215898055,0.3411578584675769,0.21407856921231316,0.3333912342323742,0.5015279986341774,0.2381338208263048,0.7382530690680041,0.9429583013211411,0.9250322942664172,0.9843518485624754,0.38800411654093625,0.7538508301365695,0.9189842974293573,0.43956960557111846,8,68,87,8,18,11.307635212172226,8.064999315182593,6.838815820871985,2.6362525487751483,3.9378225131396665
0.16323770997515982,0.38468821602193964,0.3491808117590981,0.3244497042411233,0.1795734791690302,0.5154253758815579,0.15047188955771607,0.8318223103386833,0.8492108567581345,0.8142395386919034,0.98578609686172,0.2086230164874544,0.8083123096320871,0.8847963541949905,0.47510181995407696,9,97,64,8,11,11.118743280475451,7.961539872633147,6.796253486647764,2.6362525487751483,4.045988752735764
0.16406662885979031,0.44454971191672416,0.3450924119175619,0.17700104464520924,0.351708121364256,0.6571368996397606,0.20953774702553532,0.8231124660383583,0.9122298066315147,0.9127284285513118,0.9747773229145311,0.433083596222934,0.8053836684490625,0.9296924435323598,0.3149032676788115,9,40,58,10,17,11.496527143868999,8.470025626448281,6.748704970296804,2.8191611952953908,3.7693151766319244
0.17379960042625148,0.42586437703350455,0.3409831134410387,0.18753264391591232,0.2723139105223866,0.5683848744580701,0.08078937808909305,0.7065232419036646,0.9129440595146371,0.8950121142145663,0.97676408944507,0.377955884956645,0.8317294331356322,0.9180613672310413,0.4604317898423091,8,69,93,11,14,11.622301579180029,7.968636013913506,6.740614218365147,2.855290552738184,3.9378225131396665
0.17420416663614055,0.42649677825890425,0.2446156345805879,0.3497539981678862,0.25583852800125756,0.6021894282912438,0.12246317822180933,0.7993052191280074,0.9362983694960524,0.7367445702028625,0.9862373859768373,0.21837473965139825,0.8652938435302671,0.8822968182742481,0.4724270043169767,9,80,69,9,10,10.274906262064784,7.952152156101631,6.821275634368083,2.4894732596976987,4.049792166966487
0.17438147468030585,0.38697175778931864,0.3357465908592778,0.32050447815929856,0.262402719492922,0.6131585559597132,0.23878472725188957,0.73286591949141,0.883472679890638,0.7736139718348,0.9842223212364716,0.38902016655736926,0.7429949106066713,0.9023769791314747,0.37474993371205295,13,55,94,9,23,10.329257474352229,8.33783501995364,7.025893358532434,2.4894732596976987,4.05359558119721
0.17553519777590082,0.43768280134132276,0.3027387382121931,0.3491684864484314,0.24352896842760063,0.6781673745976697,0.18022743879257777,0.725724102449749,0.8413965619205319,0.8068255697887464,0.9863739442357896,0.30704527855851593,0.7026791565027732,0.923916284003312,0.3209961139234188,12,40,84,8,10,10.302081868208507,8.541542903047764,6.748704970296804,2.6362525487751483,3.9378225131396665
0.17606157560022923,0.398039596887067,0.3460294273250635,0.17461977509605875,0.3712752090322063,0.6221332241196735,0.08064781192843849,0.7006573002511776,0.9695400644325729,0.7799430914125507,0.9437069516928767,0.3347373619223357,0.7805256597285779,0.924342820726881,0.26036926767473745,8,27,100,14,13,11.622301579180029,8.80798630558112,6.796253486647764,2.877112551982208,3.8707637415747866
0.1776180895569681,0.4330638434980861,0.30983216676540304,0.23421061526015585,0.2519279966572647,0.6915191705575717,0.1814793969483898,0.8200318074728684,0.9089114382634852,0.9334795426266477,0.9778666872733575,0.21899159458389372,0.6799010492556183,0.9054323970145369,0.3991772760895252,9,60,62,8,8,10.390770326820387,8.286369071216072,6.796253486647764,2.6362525487751483,4.025435018720155
0.177798101151273,0.4649138252154945,0.33184353402804767,0.23862947013811153,0.2688471692779512,0.6175948905054582,0.16734892458746287,0.7100042273434956,0.8733052048309153,0.7746739524840724,0.9826844711488477,0.4214005024237353,0.8215019281968559,0.8837629897534905,0.30995060373008,9,33,83,8,26,10.390770326820387,8.596207335038006,6.437707862832841,2.6362525487751483,4.049792166966487
0.17946067449511519,0.5005745913415687,0.3439283978651307,0.27202328900821043,0.2943564930162943,0.6458709063195249,0.05991346399475134,0.8309625433692674,0.8781547181589001,0.9498999734175302,0.9408910515386224,0.2973162894471308,0.7598563406339847,0.8957167152347151,0.3765219685493173,9,47,51,8,11,11.496527143868999,8.285189183076481,6.349397199808116,2.908027590517527,3.8707637415747866
0.17978966782050093,0.4404887126926118,0.3220698773298073,0.2230829859097216,0.2737519047555327,0.5653900750416174,0.1661099754384502,0.7884638459357274,0.9625448058885795,0.8854374172312808,0.9803533303214892,0.24744546409604612,0.776597092065582,0.8998528520925198,0.24869510438129055,8,24,65,8,12,10.577134980151607,8.91444424744995,6.740614218365147,2.6362525487751483,4.0833103682856144
0.1801914495013797,0.3856522252097239,0.3401551597770628,0.18230707418590641,0.3418184774600909,0.6137760619462824,0.1861235719862465,0.8516059050323336,0.9524942386176238,0.8405421405877693,0.976345447975743,0.19784208984837542,0.8486587990245941,0.9030316137636513,0.3154268652032703,9,55,55,11,8,11.496527143868999,8.486878471057523,6.740614218365147,2.855290552738184,4.049792166966487
0.18142977881289646,0.4108978927191792,0.2946812563934965,0.28992104190912366,0.2059764868243178,0.6409566297460206,0.22332730868718956,0.780663447433174,0.9654210028942076,0.9198776275554905,0.9864455794439748,0.36296957419432463,0.8168651561996156,0.8936037274550558,0.36366308392933067,9,51,76,8,20,10.390770326820387,8.346657028752986,6.830045727620034,2.6362525487751483,4.0833103682856144
0.18175144060755222,0.42856449993189016,0.34449136940420183,0.3344279621724325,0.20620251952909385,0.6425964644942401,0.07619887949983531,0.7014371847939166,0.8442618250434683,0.7817841251065202,0.9788969253375513,0.19502927592769312,0.6822538658284095,0.8890562513177379,0.5043816999885925,10,72,94,12,9,11.307635212172226,7.915173699446159,6.748704970296804,2.8191611952953908,4.05359558119721
0.18203840574753857,0.3867784875157654,0.24013302062348912,0.3460649687783399,0.2531925209855944,0.6698565721389382,0.2405886267709114,0.7428984221989774,0.8211619596028332,0.7711573273120993,0.9860444175558248,0.4186297721849199,0.7720918690613752,0.9204243422692099,0.3704278441468419,11,53,92,9,19,9.668286901502986,8.346657028752986,7.025893358532434,2.4894732596976987,3.7747084854505677
0.18404881880473511,0.4560472730166634,0.34287792894508673,0.20080353350433985,0.35158628719758533,0.5742060508448655,0.24421692319581442,0.7932514380675417,0.9004073622934564,0.7397845172804998,0.9772019047128971,0.18717758110252936,0.7597879532326388,0.8846340800634518,0.2683107935749846,11,30,62,12,9,11.118743280475451,8.727176997704444,6.631263445328813,2.8191611952953908,4.05359558119721
0.18731072887931893,0.40859276262286914,0.2680254776514559,0.34228907885605303,0.36854623397470576,0.5920832464241309,0.11130366557442666,0.715715471705019,0.8674216529695148,0.7600239666331297,0.9851554902425266,0.3032794136806742,0.6301103584987157,0.9288741416012811,0.5789215405986902,16,102,96,9,11,9.777099501740562,7.533881810648195,6.7640135305779525,2.4894732596976987,3.8707637415747866
