phone_test_id,brightness_pct,brightness_nits,apl,obs_screen_w,obs_total_w
-1,48.0,240.0,0.33986928104575165,0.33277981794409756,6.186047566492058
1,100.0,500.0,0.6013071895424837,0.5543900827312306,4.226042872966518
10,53.0,265.0,0.5019607843137255,0.3728082304122917,2.645931004720527
100,47.0,235.0,0.4483660130718954,0.3011251773961426,2.1488482359860392
101,78.0,390.0,0.5163398692810457,0.5650188342207589,1.985825986765873
102,34.0,170.0,0.23790849673202613,0.2389960414975774,1.7980081880645842
103,36.0,180.0,0.5869281045751633,0.32540987376624214,2.964708699194641
104,17.0,85.0,0.5150326797385621,0.2347903821257434,2.259497829548481
105,96.0,480.0,0.5529411764705883,0.46924218322580646,1.912301134796681
106,3.0,15.0,0.050980392156862744,0.15274679219744738,2.425428546338494
107,31.0,155.0,0.49542483660130715,0.24375966965894882,1.9988281895746165
108,15.0,75.0,0.3464052287581699,0.16622053703463222,1.6759725412209552
109,17.0,85.0,0.3568627450980392,0.19975385069614138,1.7759791175230173
11,83.0,415.0,0.5607843137254902,0.5498183107398084,1.8148997734157215
110,27.0,135.0,0.4287581699346405,0.2164460238854906,2.2970910116816325
111,76.0,380.0,0.5215686274509804,0.6294723426441675,3.373633966013908
112,32.0,160.0,0.403921568627451,0.22381013598527735,1.9202167030172457
113,80.0,400.0,0.33986928104575165,0.2563656903347889,2.1517365555240175
114,78.0,390.0,0.6771241830065359,0.5470226813421354,3.070943389193629
115,52.0,260.0,0.6640522875816994,0.47407617541976016,2.279209833923472
116,14.0,70.0,0.6705882352941176,0.22329203197294595,2.1496592777342247
117,98.0,490.0,0.18823529411764706,0.21283997149040662,2.7310975011029264
118,52.0,260.0,0.4,0.23475535459755295,1.9546319499831615
119,38.0,190.0,0.469281045751634,0.2501358456404289,1.6533334298146452
12,28.0,140.0,0.657516339869281,0.2869443071114326,1.4959049888051281
120,73.0,365.0,0.4143790849673203,0.288180487037895,1.7227510572040068
121,33.0,165.0,0.615686274509804,0.3109354015604822,2.161987159490457
122,97.0,485.0,0.2222222222222222,0.2229207667357171,1.7806864550419301
123,48.0,240.0,0.6705882352941176,0.38308642795493913,2.281797674526529
124,49.0,245.0,0.4117647058823529,0.263570637117273,2.052270304514767
125,70.0,350.0,0.5594771241830065,0.570919756404427,1.5714394814334807
126,29.0,145.0,0.7137254901960784,0.3210674702145704,1.083870410905555
127,13.0,65.0,0.30196078431372547,0.17275412097599133,4.40580170013222
128,69.0,345.0,0.396078431372549,0.26994041831710086,2.279186856180539
129,66.0,330.0,0.5973856209150327,0.5822079010441388,2.2085671697122486
13,9.0,45.0,0.5856209150326798,0.2088122425823024,2.770463091090412
130,65.0,325.0,0.6104575163398692,0.4437084951261615,1.828746742255849
131,89.0,445.0,0.4117647058823529,0.3022631814141439,2.679225215929254
132,3.0,15.0,0.7163398692810458,0.15767022453494015,2.574546406377039
133,28.0,140.0,0.4117647058823529,0.19635796251807872,2.5764749236888176
134,13.0,65.0,0.550326797385621,0.19645714899132016,1.7429056449209304
135,27.0,135.0,0.5934640522875817,0.289193691277209,1.99681842686564
136,56.0,280.0,0.665359477124183,0.39682449420679716,1.7777431225781073
137,97.0,485.0,0.6143790849673202,0.5595043047032475,1.9436299462399858
138,88.0,440.0,0.4666666666666667,0.7000641884633849,2.677972057029047
139,74.0,370.0,0.5620915032679739,0.4366329358657675,1.6760276727774086
14,19.0,95.0,0.38300653594771245,0.17208238746395552,1.6239636641686361
140,27.0,135.0,0.37254901960784315,0.18989608793169568,1.608756454372991
141,18.0,90.0,0.16470588235294117,0.15006105174897116,1.5773632838991765
142,14.0,70.0,0.6352941176470588,0.20933723257765033,2.7154839396409174
143,45.0,225.0,0.396078431372549,0.2914364259038893,1.7423018522399631
144,4.0,20.0,0.7176470588235294,0.16463892102509714,1.573893912819158
145,53.0,265.0,0.29934640522875816,0.25370044316262746,2.1304262706656427
146,8.0,40.0,0.35294117647058826,0.15129535454248721,1.5763264935552894
147,42.0,210.0,0.13986928104575164,0.1603058534926682,2.8004183663714786
148,54.0,270.0,0.36470588235294116,0.2275991585312655,1.6181348475630857
149,47.0,235.0,0.615686274509804,0.34175349020946866,2.293955490914649
15,19.0,95.0,0.6405228758169935,0.28434108687240817,2.489954085188878
150,20.0,100.0,0.530718954248366,0.26685752184566247,4.671576547725882
151,67.0,335.0,0.5699346405228759,0.47651711773995037,5.393496639153453
152,45.0,225.0,0.473202614379085,0.3821417673796284,5.3122965447722486
153,7.0,35.0,0.6248366013071895,0.18199762073220632,2.057788859717864
154,36.0,180.0,0.6013071895424837,0.3359047806706347,6.48577505305142
155,84.0,420.0,0.4522875816993464,0.5294385248513369,2.243534231575531
156,65.0,325.0,0.2901960784313726,0.21735818983773336,2.573964995733265
157,71.0,355.0,0.6862745098039216,0.6352142718764505,4.483283144436474
158,39.0,195.0,0.4143790849673203,0.35495779486122897,2.8486486096634747
159,80.0,400.0,0.5241830065359476,0.37519905329778225,2.862493171471665
16,62.0,310.0,0.28104575163398693,0.2248590713902173,2.8634579380401037
160,47.0,235.0,0.5673202614379085,0.3646464129041816,2.4347065358124373
161,44.0,220.0,0.4849673202614379,0.25070839390711086,2.8028849007041483
162,61.0,305.0,0.5477124183006535,0.361389780762839,2.331819568602813
163,16.0,80.0,0.5241830065359476,0.19058348748016438,3.7424171337673426
164,57.0,285.0,0.6379084967320261,0.5176953421665682,3.215187324364384
165,97.0,485.0,0.37777777777777777,0.30444161294094574,1.275515155427292
166,33.0,165.0,0.28496732026143795,0.19549398664649775,2.661210113172822
167,43.0,215.0,0.5934640522875817,0.33045243184871664,3.806238954467441
168,91.0,455.0,0.5320261437908497,0.5927983972809547,2.096241342694542
169,88.0,440.0,0.403921568627451,0.3343610272843723,2.4953260716225443
17,97.0,485.0,0.534640522875817,0.6132388677141752,3.0465181771488363
170,39.0,195.0,0.5477124183006535,0.4012517300371484,1.9476343249223864
171,59.0,295.0,0.49019607843137253,0.3188486098238948,1.3691859792813692
172,70.0,350.0,0.47843137254901963,0.34566795323724375,3.3563489779944504
173,94.0,470.0,0.2954248366013072,0.2530349233669916,1.7760315903189274
174,4.0,20.0,0.38169934640522873,0.15214116815574194,2.8014187641884853
175,75.0,375.0,0.49542483660130715,0.49351240851717165,2.6106820530699806
176,18.0,90.0,0.1607843137254902,0.15302711196547467,2.4544936444188443
177,48.0,240.0,0.16339869281045752,0.16921831340421456,2.8037145301924316
178,77.0,385.0,0.5660130718954248,0.4906176119948988,1.9402247007906723
179,42.0,210.0,0.4562091503267974,0.2894418848832013,2.0560785365523064
18,32.0,160.0,0.6392156862745098,0.2932171307879986,2.1874075359561447
180,69.0,345.0,0.8026143790849672,0.6838318601334571,2.38570269320968
181,41.0,205.0,0.34509803921568627,0.24610325319877865,3.7846771316998673
182,10.0,50.0,0.44183006535947716,0.16855910777942326,1.5928364721578534
183,95.0,475.0,0.1803921568627451,0.23922738444282865,1.5949966373302793
184,94.0,470.0,0.3908496732026144,0.36843038300767295,1.809626660103312
185,40.0,200.0,0.6039215686274509,0.3259197139496915,2.743516018550675
186,95.0,475.0,0.3869281045751634,0.3173785937827858,1.3136038579641947
187,48.0,240.0,0.4496732026143791,0.2948662400857084,3.070805862304467
188,46.0,230.0,0.45359477124183006,0.2459069787185681,3.53418924214341
189,95.0,475.0,0.42745098039215684,0.4684217153854542,1.9096565060106752
19,39.0,195.0,0.39738562091503266,0.21454605171372612,2.196149758944018
190,19.0,95.0,0.28627450980392155,0.15799716683187523,2.6932847232782136
191,9.0,45.0,0.5320261437908497,0.2079616996039326,1.621374585614453
192,92.0,460.0,0.1568627450980392,0.21118480037327678,2.805103127211029
193,85.0,425.0,0.49411764705882355,0.5169468333421267,2.038323509473746
194,48.0,240.0,0.4993464052287582,0.28651616689463477,2.097359476451011
195,62.0,310.0,0.1111111111111111,0.17312024200354084,2.1232007918707585
196,32.0,160.0,0.6888888888888889,0.30951280214780597,2.134511760654349
197,22.0,110.0,0.5124183006535947,0.2703784256463536,1.8342884221938063
198,37.0,185.0,0.5751633986928104,0.2851586944675887,2.5959881256957176
199,8.0,40.0,0.265359477124183,0.1580544329156613,1.3894183046578745
2,52.0,260.0,0.37254901960784315,0.2947954790273815,4.854109314499851
20,16.0,80.0,0.5150326797385621,0.18945881773155512,1.6446757335580642
200,8.0,40.0,0.5843137254901961,0.1642319768940058,3.0657349439963686
201,47.0,235.0,0.4,0.2447160936557814,1.728930128658367
202,6.0,30.0,0.6,0.18145295082000584,1.7152077270407948
203,32.0,160.0,0.5856209150326798,0.33930821994359,2.729630289167012
204,47.0,235.0,0.6705882352941176,0.3960375927114534,1.7531723221458946
205,23.0,115.0,0.49411764705882355,0.2449303678274087,3.3658680045015132
206,71.0,355.0,0.3934640522875817,0.2803667186969598,2.2284345783300057
207,69.0,345.0,0.477124183006536,0.46880981286261925,1.9493302641509123
208,27.0,135.0,0.44313725490196076,0.19610594128648762,1.733988444800235
209,69.0,345.0,0.43529411764705883,0.48858285941564544,1.719427663237988
21,18.0,90.0,0.44575163398692813,0.22606734153919,2.2616627444261157
210,7.0,35.0,0.7738562091503268,0.19653237182262825,3.3974285762103267
211,47.0,235.0,0.5934640522875817,0.46756326702724005,2.2571268280789214
212,3.0,15.0,0.3254901960784314,0.14400489328502092,2.0689780914081886
213,39.0,195.0,0.5385620915032681,0.3065618676561187,1.8534010053766452
214,76.0,380.0,0.6601307189542484,0.6190680151756764,4.38407945769548
215,16.0,80.0,0.3581699346405229,0.19692517746334945,1.9517053663954718
216,59.0,295.0,0.2065359477124183,0.1701299758720091,1.3548766478107532
217,4.0,20.0,0.4875816993464052,0.1525230999485256,1.9266612892151158
218,14.0,70.0,0.4562091503267974,0.17137499207037576,2.4201443065789183
219,13.0,65.0,0.5032679738562091,0.19389399203169466,2.053271019553457
22,87.0,435.0,0.28104575163398693,0.26388854210948287,2.216206624626949
220,16.0,80.0,0.5359477124183006,0.20695039753596461,3.1521517409811874
221,87.0,435.0,0.3712418300653595,0.3433146253990037,1.6812588302049947
222,82.0,410.0,0.12026143790849673,0.19402912739080067,1.5922214080050083
223,13.0,65.0,0.20261437908496732,0.14734266776227659,2.433515138328006
224,77.0,385.0,0.4915032679738562,0.49323750492505347,2.5602442926229165
225,78.0,390.0,0.7150326797385621,0.5675854463206134,3.1429250626307073
226,37.0,185.0,0.5973856209150327,0.3188005558820178,2.1213354445239014
227,74.0,370.0,0.6235294117647059,0.5156927981332791,1.7464000094151215
228,10.0,50.0,0.46013071895424834,0.18192287259294884,2.4420881815805
229,16.0,80.0,0.8392156862745098,0.29007558863745025,1.8150241185338645
23,43.0,215.0,0.6196078431372549,0.35082355387628517,2.757105146525503
230,56.0,280.0,0.5790849673202614,0.3754069641354629,2.499000181701663
231,97.0,485.0,0.32026143790849676,0.37013424439347387,1.7871722479421819
232,41.0,205.0,0.734640522875817,0.5150359410392281,1.3748023773331224
233,87.0,435.0,0.5045751633986928,0.4377546743469666,6.951172998276081
234,40.0,200.0,0.43137254901960786,0.34837021912025445,6.12417966141494
235,81.0,405.0,0.5294117647058824,0.38772489991209874,3.3596546129732117
236,44.0,220.0,0.7241830065359477,0.5086658846413481,3.866825900551926
237,62.0,310.0,0.4143790849673203,0.26038283577132026,4.5167510891032485
238,91.0,455.0,0.26143790849673204,0.2564978682541871,3.191055399182309
239,86.0,430.0,0.7176470588235294,0.8109212833212933,4.488307046147847
24,95.0,475.0,0.3254901960784314,0.38369083023586004,1.8194380748491312
240,37.0,185.0,0.5411764705882353,0.3442571469848194,1.8485784168886263
241,82.0,410.0,0.6509803921568628,0.495483462978606,1.8754303235957814
242,21.0,105.0,0.40784313725490196,0.21022326514581374,4.088267273385073
243,78.0,390.0,0.6261437908496732,0.5503802482720624,2.6148212957572814
244,63.0,315.0,0.473202614379085,0.306875276466545,2.086752420253981
245,81.0,405.0,0.33725490196078434,0.31971691911867023,1.8877948906609971
246,94.0,470.0,0.5294117647058824,0.6853993233160995,3.1675868079489353
247,53.0,265.0,0.4065359477124183,0.2960200057095741,1.9477511091436286
248,87.0,435.0,0.465359477124183,0.35972571256507474,2.179479938042476
249,22.0,110.0,0.5555555555555555,0.2482372536469764,1.7364517172611427
25,36.0,180.0,0.6418300653594771,0.4120332810283952,2.0292718350290913
250,53.0,265.0,0.5712418300653594,0.3528909014741473,1.880353956430237
251,26.0,130.0,0.2679738562091503,0.17658643647429467,2.1763245411702705
252,1.0,5.0,0.6313725490196078,0.15264445457103837,1.6345939166411454
253,79.0,395.0,0.5163398692810457,0.40564685468630934,2.352203672356278
254,4.0,20.0,0.3320261437908497,0.15507113745684395,1.3774270744219144
255,14.0,70.0,0.6732026143790849,0.2101684553949663,3.796131555310014
256,82.0,410.0,0.3673202614379085,0.34203102768690447,2.7586747076415485
257,91.0,455.0,0.645751633986928,0.6025716148978908,2.157602990667894
258,54.0,270.0,0.26928104575163403,0.19347616304137114,2.1527882159398675
259,48.0,240.0,0.3163398692810458,0.2054825988879578,1.3655519475415032
26,4.0,20.0,0.6222222222222222,0.16204231103962705,1.4909106524102564
260,29.0,145.0,0.37254901960784315,0.26282322120086304,1.9859292980823735
262,41.0,205.0,0.21437908496732025,0.17514779574985329,1.666470331318635
263,65.0,325.0,0.330718954248366,0.27272515595585656,2.2828756631619003
264,84.0,420.0,0.3071895424836601,0.30033747445138675,2.0401195635553186
265,91.0,455.0,0.6248366013071895,0.8449384303677682,2.6178778250735277
266,23.0,115.0,0.6666666666666666,0.25261750400271576,2.269226367305824
267,22.0,110.0,0.4875816993464052,0.22244925527706796,1.864846106063632
268,40.0,200.0,0.6771241830065359,0.3355398450752214,1.4204193570936736
269,73.0,365.0,0.1830065359477124,0.1816108670403123,4.120525722204707
27,9.0,45.0,0.403921568627451,0.18082736083826176,2.4381964636153253
270,98.0,490.0,0.6470588235294118,0.7864749348125425,2.3468088026873497
271,73.0,365.0,0.530718954248366,0.44514547714669594,2.545626601978747
272,3.0,15.0,0.4196078431372549,0.1411735707794096,2.1236466222396695
273,70.0,350.0,0.42745098039215684,0.530490851637445,2.2830407527929633
274,72.0,360.0,0.39869281045751637,0.4791935901967934,1.7914877340417144
275,96.0,480.0,0.4915032679738562,0.534332383875895,1.983398206816229
276,69.0,345.0,0.6718954248366014,0.604396697826087,1.9062089920409628
277,27.0,135.0,0.27581699346405225,0.1765935016157888,1.8426920102475757
278,62.0,310.0,0.36209150326797385,0.4104927147363184,3.0215998917014932
279,90.0,450.0,0.5372549019607843,0.4971089052843096,2.40851623264643
28,55.0,275.0,0.49542483660130715,0.38290475132409574,1.8218011624091794
280,1.0,5.0,0.6718954248366014,0.15359336919325695,1.6985804142352476
281,22.0,110.0,0.33725490196078434,0.177428942303105,1.602119699419763
282,70.0,350.0,0.5124183006535947,0.4264507140354992,3.184001494664984
283,46.0,230.0,0.48366013071895425,0.3059252654957658,1.6844398624338655
284,63.0,315.0,0.2496732026143791,0.2181674127913857,1.0000304801561766
285,49.0,245.0,0.3607843137254902,0.22721406082045623,2.501779784525758
286,27.0,135.0,0.5986928104575163,0.2593593248318894,3.398546944031284
287,49.0,245.0,0.6274509803921569,0.40707678588020685,2.0975884014712256
288,24.0,120.0,0.5281045751633987,0.26006842889242215,2.2030201979164112
289,65.0,325.0,0.5372549019607843,0.351449380152773,2.3485388550544855
29,23.0,115.0,0.6026143790849673,0.24800396227798976,2.5898252899875644
290,53.0,265.0,0.5529411764705883,0.32478377729731145,1.7318274784018495
291,52.0,260.0,0.6444444444444445,0.5998214972939259,2.611070248250786
292,100.0,500.0,0.5372549019607843,0.5412977286479348,2.449411183040942
293,15.0,75.0,0.5568627450980392,0.22540752424396204,1.99719439006345
294,38.0,190.0,0.2169934640522876,0.16244968490100217,1.658839661178243
295,32.0,160.0,0.5555555555555555,0.2589158462176452,1.8966328526097493
296,72.0,360.0,0.7607843137254902,0.6529711148439519,3.1656809705080207
297,55.0,275.0,0.2928104575163399,0.20082014563123565,2.2356285285276205
298,6.0,30.0,0.3607843137254902,0.17165960981884987,1.8719573881386398
299,6.0,30.0,0.44313725490196076,0.19439733775240428,2.2614261165945053
3,92.0,460.0,0.4143790849673203,0.34598787294188904,2.5774247183702887
30,100.0,500.0,0.665359477124183,0.5747575833448217,3.2120397988536165
300,65.0,325.0,0.5529411764705883,0.35696100309753287,2.307823771912605
301,6.0,30.0,0.4588235294117647,0.17355897163595765,1.6604489489828917
302,32.0,160.0,0.44313725490196076,0.22268646581495233,2.329862670357429
303,49.0,245.0,0.5320261437908497,0.3454924614719102,1.8587384861961143
304,36.0,180.0,0.6535947712418301,0.32866507693020897,2.766970931119352
305,84.0,420.0,0.15032679738562094,0.20064364118276032,2.048282425086363
306,58.0,290.0,0.8392156862745098,0.6564177444236322,2.47877974586585
307,31.0,155.0,0.3660130718954248,0.21781859749846538,1.99328179485858
308,10.0,50.0,0.34771241830065364,0.15531753832005737,1.4736138742006424
309,28.0,140.0,0.5686274509803921,0.24901681974609904,3.5794184035844823
31,43.0,215.0,0.4392156862745098,0.4229387230693516,2.8894005481770084
310,80.0,400.0,0.7450980392156863,0.6094933396410619,2.08816063537559
311,81.0,405.0,0.3437908496732026,0.5671168395828778,2.533359597842255
312,12.0,60.0,0.48104575163398694,0.171887551722619,1.8841322484282985
313,91.0,455.0,0.4444444444444444,0.3694471528105219,2.152130297767502
314,93.0,465.0,0.3032679738562091,0.2506277275409436,2.8954944468403294
315,24.0,120.0,0.5882352941176471,0.31469584969258646,1.1106393179610554
316,46.0,230.0,0.3150326797385621,0.24215090675046552,1.7375005153398506
317,80.0,400.0,0.22091503267973858,0.1896303285675386,1.7232971747132384
318,90.0,450.0,0.5006535947712418,0.4580013150258387,1.5065746128077953
319,1.0,5.0,0.722875816993464,0.15057458389779885,2.749026721896671
32,94.0,470.0,0.649673202614379,0.6437429847157531,2.5904145199658934
320,21.0,105.0,0.3215686274509804,0.16980671957213497,2.147159601794633
321,65.0,325.0,0.6091503267973857,0.510140876160646,2.016669184234653
322,41.0,205.0,0.5908496732026144,0.3429444474774213,1.8145658680653942
323,77.0,385.0,0.26143790849673204,0.22020472266600347,1.5738686815618006
324,50.0,250.0,0.20130718954248367,0.20163848159835415,2.4513555102552007
325,70.0,350.0,0.665359477124183,0.4893533554195879,1.271421393281162
326,70.0,350.0,0.5124183006535947,0.4180426646757158,4.753309777438655
327,66.0,330.0,0.48366013071895425,0.3507486374765952,2.120849481081665
328,23.0,115.0,0.5555555555555555,0.24570023506420344,2.1969806034096337
329,11.0,55.0,0.396078431372549,0.19565873695158692,1.6444935725535512
33,31.0,155.0,0.3241830065359477,0.19708584851876898,2.165447766063955
330,31.0,155.0,0.6483660130718955,0.30629767729571905,2.067574456684624
331,3.0,15.0,0.5594771241830065,0.1676464974283958,1.8741257532325029
332,80.0,400.0,0.7712418300653594,0.6505374627814755,2.4086062378721826
333,44.0,220.0,0.6339869281045751,0.36090675098011693,1.4641895113076022
334,40.0,200.0,0.550326797385621,0.33411546265880443,2.7634924389094975
335,17.0,85.0,0.40261437908496733,0.17625352050742396,1.6955164748535223
336,63.0,315.0,0.44313725490196076,0.3570504801854646,1.1304113620689937
337,59.0,295.0,0.4235294117647059,0.29026542352110335,3.2881081860584915
338,3.0,15.0,0.5882352941176471,0.1695703288208961,1.6185471460923304
339,57.0,285.0,0.15947712418300652,0.16665968125913344,3.154962231296654
34,80.0,400.0,0.22875816993464054,0.1940261005635638,2.5923712569967847
340,54.0,270.0,0.6875816993464052,0.41675003927970405,2.954406991714576
341,91.0,455.0,0.7895424836601308,0.9051733368664197,2.654909708877751
342,14.0,70.0,0.3869281045751634,0.1756055801247133,1.5987096015409976
343,40.0,200.0,0.5986928104575163,0.2987485653951759,1.447238841236852
344,32.0,160.0,0.39869281045751637,0.21150342994611884,1.6160943866896784
345,25.0,125.0,0.44575163398692813,0.24062242432850242,2.0572826596204004
346,65.0,325.0,0.5764705882352941,0.37382016440837973,2.891647726766252
347,7.0,35.0,0.41830065359477125,0.16645681055633268,2.379005989028545
348,86.0,430.0,0.45359477124183006,0.35483097924316953,2.8461816626377163
349,27.0,135.0,0.6091503267973857,0.3178678226813733,1.8358809215861425
35,40.0,200.0,0.43137254901960786,0.25798584815074777,1.6553049863224918
350,12.0,60.0,0.6222222222222222,0.19771247476402737,4.628122946527388
351,84.0,420.0,0.734640522875817,0.7413770314788123,2.6565174805089975
352,13.0,65.0,0.44052287581699345,0.16565348148306352,2.0624767857136344
353,52.0,260.0,0.592156862745098,0.4243789650909645,6.99840267710284
354,29.0,145.0,0.8248366013071896,0.41973353576999317,4.378654387440657
355,25.0,125.0,0.5320261437908497,0.2636847335447188,1.6105148887448093
356,36.0,180.0,0.4627450980392157,0.22111748049200067,5.094545277369689
357,2.0,10.0,0.4287581699346405,0.14877181795639272,2.649258405635523
358,81.0,405.0,0.6862745098039216,0.5759587271130461,4.8489417633238245
359,2.0,10.0,0.469281045751634,0.14962777265478186,1.8161888807963835
36,93.0,465.0,0.6300653594771242,0.7008238025508048,2.1230293993776646
360,2.0,10.0,0.6274509803921569,0.15308117311920627,2.1814197403841584
361,62.0,310.0,0.3790849673202615,0.3005858095158295,2.6318870295166445
362,100.0,500.0,0.4366013071895425,0.3792969192267577,2.807142697796047
363,68.0,340.0,0.6562091503267974,0.4993996579533322,2.951818423825118
364,53.0,265.0,0.2549019607843137,0.2111730519027933,1.8134246902213806
365,69.0,345.0,0.49019607843137253,0.3855820852849612,1.9295650693952096
366,83.0,415.0,0.7633986928104575,0.7479598180341466,2.499359363942875
367,81.0,405.0,0.4196078431372549,0.3039550750364901,1.549350472362781
368,79.0,395.0,0.4470588235294118,0.31987751096151035,3.2512744555246593
369,54.0,270.0,0.38169934640522873,0.4303818170192249,1.9860907616888823
37,43.0,215.0,0.5751633986928104,0.46168138865480873,2.0130114741214813
370,79.0,395.0,0.5581699346405229,0.5388539343629343,2.2774244196124003
371,60.0,300.0,0.26666666666666666,0.1938394950488922,1.7186706220320587
372,83.0,415.0,0.31241830065359477,0.44627058213254267,3.188273532102744
373,42.0,210.0,0.2627450980392157,0.17263290559519776,2.153337651354539
374,20.0,100.0,0.5320261437908497,0.21663556812650997,0.9855182125042271
375,68.0,340.0,0.6183006535947712,0.5271033259524978,4.361449362202167
376,78.0,390.0,0.8130718954248366,0.8510563469298754,2.219945070940481
377,82.0,410.0,0.7137254901960784,0.608088538858049,2.130394440888184
378,9.0,45.0,0.4562091503267974,0.17436240306944523,2.546145354002201
379,27.0,135.0,0.5738562091503269,0.34305173090697416,1.8432307220453608
38,6.0,30.0,0.6732026143790849,0.17094643395912484,2.117600895018117
380,34.0,170.0,0.4718954248366013,0.24727353991899972,2.0847987414859808
381,27.0,135.0,0.5555555555555555,0.23327730655807383,1.7522930681137523
382,67.0,335.0,0.4562091503267974,0.3297717264547347,1.86153643967061
383,53.0,265.0,0.39738562091503266,0.3683996685546246,2.432968825306155
384,12.0,60.0,0.3437908496732026,0.1795188192789456,1.9093101882801438
385,73.0,365.0,0.4522875816993464,0.3377364742704012,2.1006907682317095
386,24.0,120.0,0.26013071895424833,0.1622431545269581,1.832668445984508
387,5.0,25.0,0.6300653594771242,0.16048206897029713,1.7286140529291214
388,10.0,50.0,0.469281045751634,0.16569660436124084,2.3325158518929285
389,96.0,480.0,0.47058823529411764,0.6615391624325219,2.1811668351856826
39,77.0,385.0,0.5620915032679739,0.40363998745002955,1.8545729900294565
390,59.0,295.0,0.49411764705882355,0.46931339225802604,4.442675197537912
391,58.0,290.0,0.49411764705882355,0.471626352005796,1.9888250690000497
392,50.0,250.0,0.4392156862745098,0.3271217492496687,2.008956116335375
393,87.0,435.0,0.3568627450980392,0.30293404771606264,1.7151173983415542
394,38.0,190.0,0.807843137254902,0.45368286058794915,2.979397297512071
395,36.0,180.0,0.48888888888888893,0.27520177358025566,2.8372472888770712
396,81.0,405.0,0.4849673202614379,0.5044331188353675,1.9342991740750657
397,33.0,165.0,0.6405228758169935,0.31809343158364706,2.2684459118341245
398,26.0,130.0,0.26928104575163403,0.1823628557048121,2.6915273628634586
399,22.0,110.0,0.4588235294117647,0.21222181246462696,1.1941460926797607
4,59.0,295.0,0.7477124183006536,0.5233469244487794,3.9785430029203086
40,62.0,310.0,0.8183006535947712,0.6824317025924731,2.196256536252032
400,59.0,295.0,0.3934640522875817,0.28564120792333725,2.0149270253500537
401,31.0,155.0,0.7098039215686275,0.3310390046144686,1.9334875614170886
402,9.0,45.0,0.265359477124183,0.14688947247666095,2.8290083129584254
403,79.0,395.0,0.6209150326797386,0.4340060135786166,2.235365192969918
404,35.0,175.0,0.742483660130719,0.4204760393196629,1.8774712388517458
405,47.0,235.0,0.6274509803921569,0.3417868728517188,2.3693417886919277
406,45.0,225.0,0.3790849673202615,0.2281923236267233,1.206877514583747
407,47.0,235.0,0.29411764705882354,0.21875127687834295,3.252944076720393
408,29.0,145.0,0.43137254901960786,0.22820445950079832,2.7388757986524186
409,8.0,40.0,0.4915032679738562,0.16642051191211218,2.6331989579335415
41,28.0,140.0,0.473202614379085,0.2166407077300712,1.6978973806044024
410,20.0,100.0,0.4470588235294118,0.2084483660834256,1.668016576818014
411,33.0,165.0,0.7712418300653594,0.40397008058455897,1.8450500538058894
412,80.0,400.0,0.4065359477124183,0.3529432953687964,1.8172243145238196
413,22.0,110.0,0.5150326797385621,0.20903704905322915,1.671348813896341
414,4.0,20.0,0.6274509803921569,0.17451976130974436,0.9721460293812522
415,84.0,420.0,0.6261437908496732,0.5060607565347593,1.384308774167558
416,70.0,350.0,0.4849673202614379,0.5607433412308077,1.5663610265189
417,71.0,355.0,0.7816993464052288,0.7304604970525973,4.828644530777982
418,23.0,115.0,0.08366013071895424,0.14497690387726977,1.5485436761553186
419,7.0,35.0,0.6888888888888889,0.1871464976010281,2.9004538020491215
42,73.0,365.0,0.3699346405228758,0.3221202091339124,2.8424509569794445
420,49.0,245.0,0.6379084967320261,0.36674339322705696,2.1912277149504207
421,46.0,230.0,0.46143790849673205,0.2447092876606382,1.7084993283465488
422,16.0,80.0,0.47843137254901963,0.24597520955319416,1.6091118661094734
423,48.0,240.0,0.6,0.39727618181139646,2.7510986925525986
424,98.0,490.0,0.49019607843137253,0.5374297044923896,2.3213022534949026
425,59.0,295.0,0.5647058823529412,0.32595275932883055,2.8471738139770415
426,55.0,275.0,0.3947712418300654,0.39035764813358065,2.361270500512059
427,72.0,360.0,0.6366013071895426,0.584218575569424,3.1696473684978232
428,95.0,475.0,0.4339869281045752,0.509151326469609,3.0187413014242908
429,53.0,265.0,0.4640522875816993,0.28059528697077063,2.2743278480925957
43,71.0,355.0,0.5895424836601307,0.5648879555491724,2.912511871896879
430,9.0,45.0,0.12549019607843137,0.1420119616649009,1.605848641315155
431,94.0,470.0,0.3686274509803922,0.2890265357535003,1.7974105463143182
432,28.0,140.0,0.7620915032679739,0.3972231375015405,2.9277183830834477
433,47.0,235.0,0.4392156862745098,0.26567365347244604,2.8654588483000323
434,48.0,240.0,0.3607843137254902,0.21561522992612717,2.1698234261129703
435,48.0,240.0,0.3241830065359477,0.3512492521750137,2.105343080891102
436,52.0,260.0,0.477124183006536,0.36710069123160566,2.092025705232367
437,78.0,390.0,0.34771241830065364,0.3575341141385788,1.8175659330064977
438,8.0,40.0,0.4470588235294118,0.15665897493411418,1.8580396494959213
439,11.0,55.0,0.44183006535947716,0.16963618395194166,1.9027551437888863
44,46.0,230.0,0.39869281045751637,0.32264539467696196,2.71510657346081
440,38.0,190.0,0.542483660130719,0.2834304802534797,2.2398635517558754
441,62.0,310.0,0.526797385620915,0.52004930231365,2.316052160773389
442,64.0,320.0,0.6901960784313725,0.5744252849399963,2.818056803119087
443,2.0,10.0,0.265359477124183,0.14518752916428007,1.941106011932575
444,2.0,10.0,0.4143790849673203,0.14389431864072078,1.7792982996914473
445,20.0,100.0,0.46013071895424834,0.2132704713014376,3.2550872350574274
446,90.0,450.0,0.5660130718954248,0.5761313937734194,2.985112582053735
447,14.0,70.0,0.4928104575163399,0.2048551227594728,3.1546825014991757
448,31.0,155.0,0.40261437908496733,0.22207328510406552,2.057922259573525
449,23.0,115.0,0.6039215686274509,0.30458549688975833,3.2554211967390754
45,47.0,235.0,0.46143790849673205,0.3965552477556282,2.4190231129291675
450,38.0,190.0,0.43529411764705883,0.3718400678868002,3.333645278512704
451,55.0,275.0,0.5620915032679739,0.3841212005080978,2.582510787424579
452,35.0,175.0,0.330718954248366,0.18456528636393066,2.460259852069806
453,29.0,145.0,0.32941176470588235,0.21032837346852667,3.021643051255534
454,48.0,240.0,0.5058823529411764,0.2834012072097633,4.212984227707169
455,19.0,95.0,0.32026143790849676,0.17871656637524733,1.9354524725454219
456,6.0,30.0,0.23398692810457516,0.1619266959238471,2.4184415001159096
457,39.0,195.0,0.4915032679738562,0.36007705402700285,2.120746588868441
458,4.0,20.0,0.33856209150326794,0.15465578001375396,2.46666551625548
459,64.0,320.0,0.48627450980392156,0.5580129954570646,3.6252424869051163
46,57.0,285.0,0.4928104575163399,0.3889679706358778,1.8424143370515997
460,43.0,215.0,0.42614379084967324,0.3951420261944149,2.0480939179226265
461,28.0,140.0,0.33856209150326794,0.1976016487074353,2.434805896743716
462,100.0,500.0,0.596078431372549,0.5961900665424634,4.063320573842333
463,79.0,395.0,0.46143790849673205,0.3414330802761074,2.0810963462075667
464,15.0,75.0,0.5294117647058824,0.20965413368129138,2.174536543282144
465,19.0,95.0,0.4300653594771242,0.19001793762414362,2.831040266336073
466,12.0,60.0,0.5450980392156862,0.17823011696137175,2.1207327830904825
467,54.0,270.0,0.6130718954248366,0.37666873535125106,2.3768004960943703
468,4.0,20.0,0.4549019607843137,0.15250091201638077,1.6272085635772853
469,40.0,200.0,0.4196078431372549,0.2435023083656965,2.1433888620292176
47,92.0,460.0,0.4366013071895425,0.4399540089344101,1.9956855483080553
470,10.0,50.0,0.7241830065359477,0.21763774044273876,2.9582817172677434
471,33.0,165.0,0.47843137254901963,0.23709677501815482,2.0802399150411555
472,42.0,210.0,0.6797385620915033,0.35672104558462925,2.2978150780149678
473,18.0,90.0,0.1843137254901961,0.1655365958861188,2.674885118677582
474,50.0,250.0,0.7215686274509804,0.5079693343221638,3.0295578319011653
475,92.0,460.0,0.665359477124183,0.8634482685834621,2.3428653470689356
476,96.0,480.0,0.5333333333333333,0.603867712999859,1.6736567105089333
477,90.0,450.0,0.3764705882352941,0.4167886462647458,2.0051714285272055
478,36.0,180.0,0.1568627450980392,0.16430499987739408,1.7107045364124178
479,4.0,20.0,0.7542483660130719,0.1693646103676636,3.206661270592417
48,72.0,360.0,0.469281045751634,0.39669806459651286,1.8005076515121126
480,21.0,105.0,0.4496732026143791,0.27543991082646374,1.6738149651574723
481,24.0,120.0,0.477124183006536,0.2193813179415627,2.289378556968155
482,26.0,130.0,0.5385620915032681,0.2571899260363194,2.5470261894860937
483,62.0,310.0,0.37777777777777777,0.3002853073542601,3.9658219505231687
484,63.0,315.0,0.5973856209150327,0.4266724307424034,1.936850822453901
485,28.0,140.0,0.4444444444444444,0.24503256154240888,1.6552563805952643
486,60.0,300.0,0.15163398692810456,0.17249807683745605,1.591967812766213
487,97.0,485.0,0.4235294117647059,0.37129527303448073,2.6099427854088137
488,3.0,15.0,0.7294117647058823,0.16390344478666205,2.656089468609187
489,79.0,395.0,0.1607843137254902,0.18981866518644147,2.168116542863962
49,92.0,460.0,0.3333333333333333,0.25379483210260284,3.665146156373449
490,35.0,175.0,0.3058823529411765,0.1934650298999156,1.3850486166941591
491,86.0,430.0,0.4993464052287582,0.5744794860000975,3.319861492461834
492,52.0,260.0,0.18823529411764706,0.16671060723428602,2.6848533527610794
493,89.0,445.0,0.6313725490196078,0.9307692945903273,2.3876946395204275
494,75.0,375.0,0.44183006535947716,0.4670831266722631,1.7484132542578885
495,19.0,95.0,0.7790849673202614,0.3097276279671934,1.3395349575817503
496,23.0,115.0,0.6928104575163399,0.27459526836356135,3.277822988674773
497,45.0,225.0,0.5777777777777778,0.4377932567559173,1.225043012500519
498,57.0,285.0,0.5150326797385621,0.3057492161159566,1.1941479995871278
499,59.0,295.0,0.34248366013071896,0.221630585029817,3.314507315911988
5,66.0,330.0,0.42745098039215684,0.33063746929510157,4.095368982309562
50,52.0,260.0,0.49019607843137253,0.3904971621371314,1.6370279783717667
500,99.0,495.0,0.6013071895424837,0.7537493802362444,2.8084832290925124
501,57.0,285.0,0.46797385620915033,0.29649617279940577,0.8665902102946526
502,91.0,455.0,0.21437908496732025,0.21128848441615658,5.533533533659724
503,6.0,30.0,0.3058823529411765,0.14583991448152558,4.198879436449643
504,52.0,260.0,0.3437908496732026,0.22613020591200342,3.1114369976505767
505,35.0,175.0,0.43529411764705883,0.24037022959171234,5.289494694495226
506,39.0,195.0,0.33464052287581697,0.18871445276114635,2.97450046022309
507,59.0,295.0,0.25620915032679736,0.20832675303676954,3.4520725710111626
508,56.0,280.0,0.4496732026143791,0.2527587599938551,4.0856227930933295
509,89.0,445.0,0.4065359477124183,0.2992248030318453,2.284088879918569
51,43.0,215.0,0.7281045751633987,0.46053885901457275,2.6981484943458205
510,12.0,60.0,0.24705882352941178,0.1450475374980419,2.4235656091621167
511,46.0,230.0,0.5163398692810457,0.2890445159492029,2.216662596228273
512,77.0,385.0,0.44575163398692813,0.33287076530646753,1.1516333755100405
513,26.0,130.0,0.7620915032679739,0.370066916741129,4.202435633144742
514,10.0,50.0,0.7490196078431373,0.21836197265524387,2.305010860382281
515,36.0,180.0,0.330718954248366,0.20025943176206987,1.994540914443036
516,59.0,295.0,0.6300653594771242,0.48660332526778577,2.793757729432454
517,10.0,50.0,0.3686274509803922,0.16462503882814142,2.1767694973502705
518,7.0,35.0,0.2366013071895425,0.14520383369107193,1.252586717968063
519,36.0,180.0,0.5320261437908497,0.25722165600484775,1.9481640238792732
52,92.0,460.0,0.4366013071895425,0.438676244485918,1.913731319581863
521,96.0,480.0,0.2366013071895425,0.25569344229414703,2.408561603659063
522,48.0,240.0,0.3934640522875817,0.26126537977033704,3.8453074898413897
523,13.0,65.0,0.44575163398692813,0.16427029050339606,1.9573954343333708
524,39.0,195.0,0.7633986928104575,0.40013852414444734,2.9988214399992494
525,91.0,455.0,0.22745098039215686,0.2645038887484867,2.738352176790282
526,75.0,375.0,0.649673202614379,0.7725793341191829,2.1991328104208265
527,9.0,45.0,0.3843137254901961,0.15325507841830818,1.600997352802723
528,97.0,485.0,0.27712418300653596,0.37620027766917236,1.5789394088573896
529,46.0,230.0,0.4091503267973856,0.36376466751417624,3.245382658155099
53,4.0,20.0,0.2784313725490196,0.14704584401315962,1.818450461892667
531,44.0,220.0,0.6967320261437908,0.5112351224511508,3.1319777029631948
532,83.0,415.0,0.47843137254901963,0.4987055752698724,2.482785344086359
533,86.0,430.0,0.4849673202614379,0.44515568800808264,1.7961969233310016
534,85.0,425.0,0.25620915032679736,0.2652672790326009,2.2032791016710354
535,29.0,145.0,0.5176470588235295,0.3011387001116405,1.8715313050856768
536,51.0,255.0,0.473202614379085,0.2664124301113442,2.327821404090689
537,37.0,185.0,0.6026143790849673,0.337745698921471,2.37923744573284
538,10.0,50.0,0.6261437908496732,0.19692109182199657,2.77320440757804
539,33.0,165.0,0.33986928104575165,0.2047319435586673,1.9692871298364851
54,87.0,435.0,0.5411764705882353,0.4400471871993049,2.1456353922476468
540,44.0,220.0,0.2797385620915033,0.2473593734368262,1.6948190927123759
541,23.0,115.0,0.6915032679738562,0.3037457853733442,2.076635183636868
542,97.0,485.0,0.5411764705882353,0.7327400010815862,2.786109545814031
543,34.0,170.0,0.6692810457516339,0.3360247608640504,2.1041405525849037
544,62.0,310.0,0.6366013071895426,0.5853640394873877,2.122509244894191
545,4.0,20.0,0.41568627450980394,0.15535846033254155,2.8836249365003956
546,46.0,230.0,0.4287581699346405,0.2702870209644142,1.7424458124717843
547,54.0,270.0,0.10980392156862745,0.16643948855288093,1.8434536278295228
548,13.0,65.0,0.45098039215686275,0.16639149935418723,2.9506690901749204
549,46.0,230.0,0.37254901960784315,0.2735672584556781,1.820933550448377
55,93.0,465.0,0.6823529411764706,0.6185932827692944,1.648701129251704
550,69.0,345.0,0.5450980392156862,0.5222681048833764,2.581613193442245
551,3.0,15.0,0.5490196078431373,0.15121415402677293,2.239127528397522
552,57.0,285.0,0.29411764705882354,0.21417267546456412,3.008132346238561
553,15.0,75.0,0.4196078431372549,0.22486652695236692,2.1836300260131396
554,54.0,270.0,0.4483660130718954,0.2770487423835682,1.7358478122570693
555,18.0,90.0,0.2823529411764706,0.162829269945939,2.0324513729282407
556,38.0,190.0,0.3803921568627451,0.2109781647054037,1.1732429274172278
557,57.0,285.0,0.40261437908496733,0.2466670247363795,4.079785249472525
558,15.0,75.0,0.4,0.22370137570178483,1.6167240026916345
559,77.0,385.0,0.5581699346405229,0.4174739865174293,2.3537295889900873
56,35.0,175.0,0.7372549019607844,0.3527437837854621,3.09231294176662
560,20.0,100.0,0.3516339869281046,0.18175709083354244,2.2126445368846976
561,8.0,40.0,0.5686274509803921,0.18474604531196728,2.603927180284691
562,63.0,315.0,0.7058823529411765,0.5235969402821533,1.7269237444366587
563,95.0,475.0,0.08888888888888889,0.1691626766944638,1.7065505910590297
564,2.0,10.0,0.4483660130718954,0.14710991584799965,2.605878426604239
565,10.0,50.0,0.596078431372549,0.1751073727737393,1.6164461779652215
566,62.0,310.0,0.322875816993464,0.23838778019203274,2.761702689884146
567,17.0,85.0,0.6875816993464052,0.2667343636386077,2.762818690479717
568,99.0,495.0,0.2928104575163399,0.29931979796234254,1.766543389038602
569,21.0,105.0,0.2169934640522876,0.1546564368962106,1.5363669409092864
57,64.0,320.0,0.5777777777777778,0.3988729900048657,2.7306267450839554
570,84.0,420.0,0.542483660130719,0.6830477330515884,2.556487309202738
571,89.0,445.0,0.3464052287581699,0.27212169322792573,1.4672469534609112
572,55.0,275.0,0.23137254901960785,0.19384359438230264,2.5040957541650073
573,93.0,465.0,0.6522875816993464,0.5395473916078011,2.3000368734183043
574,40.0,200.0,0.473202614379085,0.3000386451721587,1.7258948455776135
575,33.0,165.0,0.5450980392156862,0.26138601678376794,2.971824464790804
576,43.0,215.0,0.34248366013071896,0.2310516011743387,2.7674174175177315
577,53.0,265.0,0.49019607843137253,0.31393163250318123,1.7175048875549896
578,43.0,215.0,0.4366013071895425,0.2633028163607896,2.162013548081624
579,86.0,430.0,0.4993464052287582,0.41856317100200296,2.159311353663248
58,67.0,335.0,0.27712418300653596,0.21028588070339377,2.5032109275368475
580,56.0,280.0,0.2718954248366013,0.22966468073799381,1.6111577117207565
581,1.0,5.0,0.3411764705882353,0.1379504788208971,1.6437426552065144
582,93.0,465.0,0.3163398692810458,0.29836905367158706,2.539171709972044
583,23.0,115.0,0.49411764705882355,0.22234434738897293,1.3108529414522303
584,63.0,315.0,0.7267973856209151,0.5161332051016663,4.6180950651178145
585,59.0,295.0,0.4065359477124183,0.28027936788791435,2.488083829418614
586,78.0,390.0,0.657516339869281,0.5700414174013051,2.3857042026210205
587,76.0,380.0,0.26666666666666666,0.21757209715764897,1.7215198638844165
588,41.0,205.0,0.5581699346405229,0.4425481354363132,1.191409465546724
589,21.0,105.0,0.30065359477124187,0.17572527397429594,3.6487240703103248
59,30.0,150.0,0.6130718954248366,0.3358698690623634,2.2142926062916377
590,18.0,90.0,0.592156862745098,0.24546737367776686,2.9948617957639567
591,56.0,280.0,0.42483660130718953,0.2601807587234943,2.585051966546038
592,87.0,435.0,0.6379084967320261,0.5342576985410358,1.9587006138763774
593,29.0,145.0,0.49673202614379086,0.22014811794508118,1.6742731100153379
594,46.0,230.0,0.8052287581699347,0.5574526447100517,1.3539543853239842
595,54.0,270.0,0.3281045751633987,0.2599789000015105,2.6340412269785616
596,69.0,345.0,0.6248366013071895,0.5545928986911225,2.4912284671809877
597,89.0,445.0,0.3215686274509804,0.31224696913507766,2.92624813525889
598,65.0,325.0,0.3869281045751634,0.26104248202922414,2.1151453326200977
599,85.0,425.0,0.7725490196078432,0.8962321426396073,2.298391919205045
6,93.0,465.0,0.5542483660130719,0.4380580401609332,2.3119538561668778
60,88.0,440.0,0.5189542483660131,0.47244074162969085,1.9240782532313756
600,75.0,375.0,0.3947712418300654,0.3176591001255,7.44759757019374
601,94.0,470.0,0.5241830065359476,0.44420027855341704,3.1404732276445047
602,17.0,85.0,0.43267973856209146,0.18679156814199327,3.7262386436310337
603,45.0,225.0,0.5738562091503269,0.3146808550346651,4.311636307745043
604,87.0,435.0,0.5228758169934641,0.538606768109905,4.504282553410502
605,58.0,290.0,0.4875816993464052,0.3382018910238517,4.071918907720623
606,41.0,205.0,0.7843137254901961,0.4354839535926041,2.7757622321081317
607,49.0,245.0,0.6,0.47263168881955864,2.3425161553224667
608,87.0,435.0,0.15555555555555556,0.19589218585657905,1.8648049249410072
609,87.0,435.0,0.7163398692810458,0.7984669376586125,3.3476957094341357
61,100.0,500.0,0.3071895424836601,0.2609277528674012,2.802561673513928
610,4.0,20.0,0.6967320261437908,0.15457229504593673,1.6219502062557738
611,75.0,375.0,0.6339869281045751,0.5497974442293802,2.0574946483894263
612,81.0,405.0,0.45098039215686275,0.4091797891790589,2.16005416902336
613,42.0,210.0,0.37777777777777777,0.21215666228536026,1.7011972505199722
614,40.0,200.0,0.2679738562091503,0.19379556202328804,3.0364357295257403
615,59.0,295.0,0.47581699346405226,0.5098984909118716,1.9204730961804624
616,79.0,395.0,0.5450980392156862,0.640368033384757,2.599547328956708
617,62.0,310.0,0.4065359477124183,0.30560740495064875,2.1784581266407153
618,56.0,280.0,0.6235294117647059,0.40372002323935613,1.213454556900635
619,69.0,345.0,0.44052287581699345,0.4572707629298827,4.247425814916601
62,59.0,295.0,0.3176470588235294,0.2169468371777888,2.903435670907132
620,32.0,160.0,0.8810457516339869,0.4396227233278146,2.0981953345447018
621,74.0,370.0,0.3686274509803922,0.40037320284726585,1.8582092335774643
622,15.0,75.0,0.6692810457516339,0.2618046797056226,2.235479332732111
623,86.0,430.0,0.6235294117647059,0.4650299696486563,1.948910910342379
624,26.0,130.0,0.3281045751633987,0.22151856162171504,1.8892057989146651
625,91.0,455.0,0.7163398692810458,0.657949423977682,2.1498699257786567
626,53.0,265.0,0.5137254901960784,0.42701098830090345,1.7533199394822192
627,47.0,235.0,0.7725490196078432,0.5369548008653287,2.0430086435863877
628,66.0,330.0,0.18169934640522878,0.21478915176075491,2.8150779377488044
629,14.0,70.0,0.5241830065359476,0.21455516794424476,1.999658876159919
63,95.0,475.0,0.3790849673202615,0.44080755588944537,2.3496680392283436
630,50.0,250.0,0.6091503267973857,0.4290675601117789,1.8823146361520504
631,93.0,465.0,0.4065359477124183,0.48368697332253324,1.6326519636933887
632,54.0,270.0,0.6418300653594771,0.40757013674281084,2.1938936204260995
633,38.0,190.0,0.5633986928104575,0.3333435109243662,1.8295925526601993
634,11.0,55.0,0.3333333333333333,0.18559616456692915,2.083994512295023
635,70.0,350.0,0.6261437908496732,0.4411436041075635,2.510040195789253
636,38.0,190.0,0.4993464052287582,0.3185718915667054,1.4453826144812767
637,32.0,160.0,0.4575163398692811,0.26391595028273684,1.6265636381333264
638,82.0,410.0,0.4575163398692811,0.3341388288794517,2.28465826720092
639,47.0,235.0,0.5607843137254902,0.3211985354575775,1.680593456050214
64,65.0,325.0,0.3150326797385621,0.3118985456993519,1.9351840469914279
640,82.0,410.0,0.6235294117647059,0.486246366149474,2.8034411088318243
641,43.0,215.0,0.32026143790849676,0.21743802023427317,1.741713930034507
642,30.0,150.0,0.5084967320261438,0.3125353790926509,2.764306576464757
643,84.0,420.0,0.6797385620915033,0.5337979000000721,2.316898388953191
644,33.0,165.0,0.43529411764705883,0.21572567169553158,2.159196658690095
646,81.0,405.0,0.4718954248366013,0.45168909546311065,1.9813539998767942
647,11.0,55.0,0.6784313725490196,0.20218773179982305,1.8161907944916722
648,4.0,20.0,0.35424836601307186,0.15020037573662962,1.732076302663799
649,80.0,400.0,0.7555555555555555,0.6682335993649513,2.209729535891564
65,81.0,405.0,0.403921568627451,0.47686559742462076,1.9060318791863295
650,67.0,335.0,0.6483660130718955,0.4780682388101721,2.1297478481190364
651,25.0,125.0,0.2235294117647059,0.16131019770992172,1.8163905726931406
652,26.0,130.0,0.5529411764705883,0.22258694082080543,1.5345482595303415
653,51.0,255.0,0.45359477124183006,0.45675400091604945,4.315112564744447
654,27.0,135.0,0.47973856209150323,0.2808145066322873,2.210342660777256
655,4.0,20.0,0.3908496732026144,0.1424935981984664,1.5536037253705246
656,35.0,175.0,0.21568627450980393,0.17167304991671928,2.1400121774138405
657,29.0,145.0,0.5333333333333333,0.24435497183995156,2.801299675803274
658,14.0,70.0,0.5359477124183006,0.22610823202184036,1.7985697574112733
659,4.0,20.0,0.24836601307189543,0.1578677702835813,1.6339887915569127
66,73.0,365.0,0.5124183006535947,0.3659278255618729,2.9117906868281813
660,64.0,320.0,0.4300653594771242,0.5062980791979779,2.247322610513875
661,93.0,465.0,0.4130718954248366,0.6791935740030669,2.6427568565858306
662,90.0,450.0,0.5555555555555555,0.7119778881325952,3.271865309178313
663,83.0,415.0,0.5973856209150327,0.6455726451959595,2.195063073648485
664,86.0,430.0,0.36339869281045756,0.48712853761828806,2.896846213504985
665,6.0,30.0,0.477124183006536,0.17669803488074073,1.9772222858749122
666,77.0,385.0,0.5490196078431373,0.465352934697508,1.2498781734839683
667,31.0,155.0,0.6013071895424837,0.33700419973704493,1.8053742366047765
668,14.0,70.0,0.47581699346405226,0.1897865775785512,2.7783013276192396
669,31.0,155.0,0.5241830065359476,0.24514080307557468,1.2283794551569118
67,37.0,185.0,0.6052287581699347,0.3490706262635415,3.7442027262776607
670,75.0,375.0,0.43790849673202614,0.30964315363097833,4.1495637460118004
671,6.0,30.0,0.19477124183006536,0.14709747248786156,2.118567471868838
672,47.0,235.0,0.44313725490196076,0.28290441221672064,2.2437073466748862
673,93.0,465.0,0.36339869281045756,0.31153115386978214,2.801389268838642
674,55.0,275.0,0.3163398692810458,0.2250472019514657,2.0110143310762503
675,56.0,280.0,0.592156862745098,0.5862660748188159,1.5499593261443882
676,32.0,160.0,0.396078431372549,0.2411171259761195,1.6696788884106903
677,40.0,200.0,0.7084967320261437,0.44424519757724357,3.0701017643471937
678,61.0,305.0,0.469281045751634,0.34599931913993937,1.8233314381336334
679,21.0,105.0,0.7699346405228759,0.2778577707106877,1.7590692164990402
68,79.0,395.0,0.3581699346405229,0.2698625248819851,1.7815222153479926
680,32.0,160.0,0.4091503267973856,0.214590226874975,2.800556628145603
681,44.0,220.0,0.49019607843137253,0.2582075850420731,1.768125061333628
682,31.0,155.0,0.5686274509803921,0.2601641693464241,1.7438550074905677
683,43.0,215.0,0.5869281045751633,0.4069369569549228,2.9581842218523713
684,71.0,355.0,0.6993464052287582,0.5931763664818015,2.130090878876523
685,84.0,420.0,0.6392156862745098,0.558868013443622,2.6036190546814297
686,10.0,50.0,0.39869281045751637,0.16033659393978958,2.0807942288001904
687,72.0,360.0,0.23790849673202613,0.20720498341176594,2.236932873132496
688,65.0,325.0,0.6091503267973857,0.4658082516463302,1.9549480877006304
689,48.0,240.0,0.22483660130718955,0.19177233073269737,2.7522614649401254
69,73.0,365.0,0.4718954248366013,0.36018884637991355,3.298500438007821
690,99.0,495.0,0.4496732026143791,0.40692084789502053,2.106154715772035
691,20.0,100.0,0.4117647058823529,0.1786778881402401,1.6476434945789888
692,40.0,200.0,0.2901960784313726,0.19452307003066066,2.4549215022110977
693,45.0,225.0,0.7856209150326797,0.5360540122700537,3.1684189787546413
694,97.0,485.0,0.6104575163398692,0.7021456805549255,2.422681281107294
695,93.0,465.0,0.4117647058823529,0.31804350842238016,2.0063819652507835
696,38.0,190.0,0.1568627450980392,0.1748812427885091,2.2916530837384923
697,89.0,445.0,0.5764705882352941,0.663447724609774,3.7016588681983955
698,53.0,265.0,0.7019607843137254,0.5152837761611996,3.228827248769946
699,43.0,215.0,0.5254901960784314,0.3432654077795648,2.3271412343435203
7,19.0,95.0,0.6758169934640523,0.26852705146266803,2.8885697966290826
70,96.0,480.0,0.6732026143790849,0.8803082614130227,2.3901797188415834
700,29.0,145.0,0.4823529411764706,0.23165989631895056,2.4836879199307265
701,9.0,45.0,0.5843137254901961,0.19001391243149596,3.060480865098628
702,42.0,210.0,0.5032679738562091,0.3015032636950785,2.8285539706696787
703,79.0,395.0,0.526797385620915,0.6419715825931447,2.4753271745299705
704,65.0,325.0,0.2915032679738562,0.2213010172964828,2.20985657359927
705,67.0,335.0,0.665359477124183,0.5326159690614483,2.2822756583718786
706,4.0,20.0,0.6535947712418301,0.16324805855492142,2.1190133561045763
707,19.0,95.0,0.4980392156862745,0.19653102158970712,1.655257520853397
708,94.0,470.0,0.6235294117647059,0.7470223885569709,2.6393776497981443
709,62.0,310.0,0.2261437908496732,0.23464684292433363,2.9032479691476194
71,64.0,320.0,0.6823529411764706,0.5222580106429584,1.4479552112185956
710,77.0,385.0,0.657516339869281,0.6643195154977763,2.1628921533954664
711,21.0,105.0,0.2980392156862745,0.19593437735433328,2.2909377028562106
712,70.0,350.0,0.7516339869281046,0.6089328360991391,2.1016760607185936
713,96.0,480.0,0.7320261437908496,0.6960095053678372,2.2864900508696087
714,14.0,70.0,0.3738562091503268,0.16128045947122094,1.7811998206010347
715,34.0,170.0,0.6732026143790849,0.3052647487723684,2.429360986393816
716,83.0,415.0,0.46013071895424834,0.3927887541004175,2.9505399612284293
717,46.0,230.0,0.33986928104575165,0.268041597106914,1.640867513377733
718,20.0,100.0,0.6549019607843137,0.23511183270959748,1.7945964357036057
719,90.0,450.0,0.5372549019607843,0.4006072792234488,2.176726789948678
720,1.0,5.0,0.837908496732026,0.15123722001860754,1.4987971283842456
721,2.0,10.0,0.3071895424836601,0.14917546164054102,2.7787287917271355
722,93.0,465.0,0.2535947712418301,0.23201485023164503,2.80510179904201
723,47.0,235.0,0.44183006535947716,0.25864171132067615,2.0506084208585027
724,38.0,190.0,0.7986928104575163,0.46351302468395794,2.3975833959822603
725,82.0,410.0,0.5529411764705883,0.6524351976569102,2.4024143665207034
726,66.0,330.0,0.4013071895424836,0.3200840380291834,2.6128595643626302
727,23.0,115.0,0.7071895424836602,0.27162483248748603,2.901761236668702
728,3.0,15.0,0.5986928104575163,0.17655403915699203,2.140843493224384
729,42.0,210.0,0.8313725490196079,0.5147867491379076,1.992885796274282
73,26.0,130.0,0.4588235294117647,0.20155076943817954,2.743894219134802
730,39.0,195.0,0.4575163398692811,0.26595573732980976,2.965838482197344
731,100.0,500.0,0.31241830065359477,0.2798716561279908,2.291122659146065
732,50.0,250.0,0.41830065359477125,0.31620223548497767,2.1391743107466255
733,43.0,215.0,0.49542483660130715,0.2817546120008476,2.2344573931401537
734,67.0,335.0,0.5529411764705883,0.5794230591677069,3.1117508526697795
735,72.0,360.0,0.37516339869281046,0.42822856217740557,4.56723910220475
736,88.0,440.0,0.4666666666666667,0.35934988011466723,3.404457093395747
737,18.0,90.0,0.38823529411764707,0.19616283293264586,3.6835338968223157
738,57.0,285.0,0.4562091503267974,0.3057686170792347,4.223180383259468
739,14.0,70.0,0.4928104575163399,0.19100055698794208,2.317356212859108
74,60.0,300.0,0.657516339869281,0.5151341942766031,1.4127511915018072
740,89.0,445.0,0.4444444444444444,0.3689528934727353,4.388460140848228
741,26.0,130.0,0.6679738562091504,0.27226251129820744,2.0836230590207183
742,72.0,360.0,0.7333333333333333,0.6181460363563066,2.196054130298544
743,92.0,460.0,0.37516339869281046,0.35597868616106915,1.9127734777424361
744,63.0,315.0,0.37254901960784315,0.3323227008930309,1.8498559537630508
745,75.0,375.0,0.28627450980392155,0.3428749767117479,1.9388715499705156
746,39.0,195.0,0.36339869281045756,0.21366531100296035,1.7847711528797894
747,95.0,475.0,0.49411764705882355,0.4635550884415893,2.667208701584582
748,41.0,205.0,0.35947712418300654,0.23871584087083927,2.053504900237942
749,35.0,175.0,0.7895424836601308,0.42175440790640867,2.184549715421291
75,92.0,460.0,0.43137254901960786,0.5692261255128489,3.445779691008655
750,24.0,120.0,0.30980392156862746,0.170985014494335,1.7938363520633218
751,15.0,75.0,0.5555555555555555,0.2121806032348855,2.9147648833731163
752,16.0,80.0,0.4444444444444444,0.19249040657001282,1.7987817147733527
753,73.0,365.0,0.5333333333333333,0.3588617401450118,2.1529966906851317
754,16.0,80.0,0.44313725490196076,0.21083273041614198,1.6970822074280945
755,57.0,285.0,0.22745098039215686,0.22993068132299108,2.9767051788450125
756,49.0,245.0,0.21307189542483662,0.1760451199997276,1.872569360104363
757,90.0,450.0,0.7516339869281046,0.8888599666761512,2.7253777102475505
758,43.0,215.0,0.39215686274509803,0.38152422077033965,2.942086064428857
759,50.0,250.0,0.861437908496732,0.6415712979065623,2.2518518415131727
76,92.0,460.0,0.49673202614379086,0.39336386626999964,4.233933324543773
760,5.0,25.0,0.43137254901960786,0.15630060407323593,2.6856268360419664
761,34.0,170.0,0.22875816993464054,0.15906049102055164,2.1607063495948764
762,48.0,240.0,0.42091503267973857,0.38302804118478584,2.3979435641673144
763,83.0,415.0,0.4522875816993464,0.3991993569178228,2.893437703402347
764,54.0,270.0,0.5437908496732026,0.2995668893638499,1.8493265869924442
765,61.0,305.0,0.7816993464052288,0.5888406717040984,2.2035496036942415
766,13.0,65.0,0.5699346405228759,0.2064864728584576,2.019235032490337
767,46.0,230.0,0.37777777777777777,0.24144739915245442,2.8466686267616566
768,92.0,460.0,0.4065359477124183,0.356313155358862,2.7794487928850087
769,45.0,225.0,0.5934640522875817,0.45574527525906755,1.9470866503861093
770,25.0,125.0,0.20130718954248367,0.1642644990061888,1.7548679605383273
771,1.0,5.0,0.6392156862745098,0.14943365532418998,2.4001666912247406
772,14.0,70.0,0.4235294117647059,0.192216282443598,3.0963206069235247
773,28.0,140.0,0.4666666666666667,0.3232170554597053,2.684822000298042
774,86.0,430.0,0.8052287581699347,0.8350325848019382,3.6343772543853827
775,38.0,190.0,0.6,0.4038751000503286,2.1805468586224106
776,36.0,180.0,0.39215686274509803,0.22935224808704308,2.808349290157872
777,12.0,60.0,0.4392156862745098,0.17970722996473112,2.153331248747942
778,53.0,265.0,0.4091503267973856,0.3215048793052015,2.8592724411214356
779,53.0,265.0,0.330718954248366,0.25279538033767635,2.2148206588959716
78,38.0,190.0,0.34248366013071896,0.19181234868388883,2.1192471296797324
780,27.0,135.0,0.6509803921568628,0.2914127729942508,2.195355132708344
781,35.0,175.0,0.5359477124183006,0.32094466943249106,2.106266122564272
782,80.0,400.0,0.3895424836601307,0.2914767407106126,1.4256300302167917
783,21.0,105.0,0.6562091503267974,0.3020521321462326,3.1218107446599377
784,72.0,360.0,0.5529411764705883,0.591961824714438,3.6211819493368416
785,42.0,210.0,0.4065359477124183,0.2393353826243513,1.9772198760238904
786,65.0,325.0,0.4339869281045752,0.39199816923175984,2.7565096451965085
787,53.0,265.0,0.526797385620915,0.3193837116175437,2.297661487434318
788,52.0,260.0,0.5163398692810457,0.3452869107834376,1.8343550514075067
789,49.0,245.0,0.4483660130718954,0.2532997783186335,1.7029942617729152
79,41.0,205.0,0.6366013071895426,0.3446814898679349,2.821117547969992
790,5.0,25.0,0.5712418300653594,0.17681606205751038,3.4237177137408343
791,17.0,85.0,0.27058823529411763,0.15958855599726993,1.6075211259809266
792,76.0,380.0,0.6143790849673202,0.4632200263211227,1.2146833342998131
793,52.0,260.0,0.5620915032679739,0.47387048555525874,3.541543462469934
794,70.0,350.0,0.5398692810457516,0.4001166587704018,2.01812404921732
795,12.0,60.0,0.4235294117647059,0.20372627516358052,3.2149984114841366
796,1.0,5.0,0.3947712418300654,0.15297355239136975,2.201052328569666
797,53.0,265.0,0.611764705882353,0.47103563361858697,2.4505424976146184
798,31.0,155.0,0.3947712418300654,0.20791998668426692,1.849778058757528
799,6.0,30.0,0.3738562091503268,0.15660364621683126,2.7927308752505966
8,23.0,115.0,0.4366013071895425,0.19772438618651578,3.0486252836239287
80,82.0,410.0,0.6784313725490196,0.6890318672907252,3.207806100810558
800,10.0,50.0,0.3803921568627451,0.21070984050089386,5.2199639582030954
801,74.0,370.0,0.6130718954248366,0.6816314574990742,5.27917832489816
802,9.0,45.0,0.857516339869281,0.22191227811029413,1.0639640034558824
803,16.0,80.0,0.6039215686274509,0.2080761465493847,5.765260040706761
804,33.0,165.0,0.2457516339869281,0.16862087626382305,6.027998596658768
805,32.0,160.0,0.665359477124183,0.30589640222253506,3.290161393130701
806,24.0,120.0,0.2222222222222222,0.1559767052207659,4.386283287251958
807,8.0,40.0,0.37516339869281046,0.16838796216415836,3.9313577007027964
808,40.0,200.0,0.5385620915032681,0.2963480192089589,2.0942227447175314
809,92.0,460.0,0.465359477124183,0.662406802175746,3.3193140700412354
81,6.0,30.0,0.5830065359477123,0.16195263807357096,2.1080241739107213
810,16.0,80.0,0.43267973856209146,0.1820824828022103,3.3354511908561046
811,38.0,190.0,0.3843137254901961,0.22121600523304544,1.7542940072446338
812,78.0,390.0,0.40261437908496733,0.2953685882377816,3.6583112993302214
813,63.0,315.0,0.41830065359477125,0.3552058808460634,2.257642239584802
814,56.0,280.0,0.6444444444444445,0.38444004568154655,2.8755329217538868
815,35.0,175.0,0.8326797385620915,0.4519245626930426,2.3832163533069375
816,78.0,390.0,0.4915032679738562,0.35824963424407674,2.8666463254890178
817,61.0,305.0,0.14248366013071898,0.16241410833544964,1.3837306779703895
818,36.0,180.0,0.6588235294117647,0.39967029078722943,2.1315329761191384
819,50.0,250.0,0.4549019607843137,0.24866794737792308,2.189894186220508
82,71.0,355.0,0.4627450980392157,0.3765097149564645,1.611065446241969
820,61.0,305.0,0.24183006535947713,0.20751962804313248,1.6674277094729986
821,92.0,460.0,0.6928104575163399,0.6141459371021653,2.103024311808691
822,36.0,180.0,0.31895424836601305,0.18327109820689652,2.543050154730327
823,92.0,460.0,0.6431372549019608,0.6709653362835909,2.458497297801158
824,45.0,225.0,0.30196078431372547,0.19694296795371652,2.8122562859095286
825,46.0,230.0,0.49673202614379086,0.2677551778187456,2.0017385595173254
826,49.0,245.0,0.5084967320261438,0.38912098583509513,1.726138885936575
827,17.0,85.0,0.4117647058823529,0.23936495525621376,1.9844880526952648
828,44.0,220.0,0.8065359477124182,0.4685755736766998,2.286458007462164
829,84.0,420.0,0.4339869281045752,0.4408512579385662,3.2049890993261307
83,81.0,405.0,0.45098039215686275,0.3537860667640374,2.6640281198447546
830,16.0,80.0,0.4549019607843137,0.17950032975280494,1.7903631928615216
831,30.0,150.0,0.7594771241830065,0.3711431495124662,1.6676442414137602
832,5.0,25.0,0.33464052287581697,0.15687165583152193,3.713990692278088
833,38.0,190.0,0.6483660130718955,0.34614924567036476,1.8206622566807351
834,69.0,345.0,0.23137254901960785,0.21160722496261894,2.1997427130724865
835,18.0,90.0,0.661437908496732,0.24814322534606006,2.66320600615677
836,62.0,310.0,0.722875816993464,0.5819671554373232,2.650615178905403
837,89.0,445.0,0.11503267973856209,0.18269667699235345,2.3228223500749947
838,86.0,430.0,0.24052287581699347,0.2123764456154272,2.7670414534115593
839,19.0,95.0,0.40784313725490196,0.18556929853624266,2.2674220976306647
84,60.0,300.0,0.5150326797385621,0.3021094617178189,2.1750451730141593
840,79.0,395.0,0.7281045751633987,0.7569942093297458,2.2410709386642047
841,90.0,450.0,0.3764705882352941,0.328235857073238,1.8881528127335063
842,17.0,85.0,0.2549019607843137,0.17061909612750012,1.4820845342187883
843,40.0,200.0,0.4104575163398693,0.28513113780779387,1.693349430389757
844,22.0,110.0,0.19215686274509805,0.15720268523079023,1.6329549660712277
846,76.0,380.0,0.6352941176470588,0.7484707855558692,3.799096306359127
847,84.0,420.0,0.3568627450980392,0.245397540608923,1.9877779228641308
848,26.0,130.0,0.21307189542483662,0.15634157838219875,2.6435510139248137
849,92.0,460.0,0.3503267973856209,0.29505506049789354,2.206512696507085
85,60.0,300.0,0.21568627450980393,0.19563257693930122,2.0000056178169743
850,13.0,65.0,0.5150326797385621,0.18231651249568914,1.6267111490975974
851,81.0,405.0,0.4627450980392157,0.3653428484403738,2.370149459408914
852,75.0,375.0,0.5437908496732026,0.3796806680192205,2.161116241779676
853,32.0,160.0,0.477124183006536,0.31049857582930124,2.289934838337292
854,73.0,365.0,0.657516339869281,0.6207679520859526,2.397609520348992
855,36.0,180.0,0.5385620915032681,0.30903416842694115,2.2502337156485415
856,6.0,30.0,0.330718954248366,0.1754195386883579,2.1159312214200985
857,5.0,25.0,0.6248366013071895,0.16815350936457701,1.8424787621149832
858,68.0,340.0,0.3699346405228758,0.23710389008976224,2.066949603329269
859,10.0,50.0,0.3111111111111111,0.16836684977086047,2.1635410567875755
86,36.0,180.0,0.2823529411764706,0.2215416542233693,1.7286039980994838
860,91.0,455.0,0.657516339869281,0.6673816643149927,2.5095550506961892
861,56.0,280.0,0.6588235294117647,0.40826577820625765,3.0209242131741987
862,91.0,455.0,0.19869281045751633,0.18203212883782158,2.161954544032192
863,42.0,210.0,0.43790849673202614,0.329058044600199,2.3712529470502663
864,60.0,300.0,0.7686274509803922,0.5927389803755576,1.85511325632255
865,61.0,305.0,0.54640522875817,0.3875049596396247,1.9109865655577138
866,8.0,40.0,0.45359477124183006,0.15998740747778625,1.6798017632953557
867,85.0,425.0,0.2196078431372549,0.2040210357614275,2.025356083378147
868,94.0,470.0,0.5490196078431373,0.4202973689036118,1.5236059614064974
869,63.0,315.0,0.5032679738562091,0.31295725242987504,3.3950804730771313
87,98.0,490.0,0.3738562091503268,0.36325717029343024,2.8119247212078498
870,4.0,20.0,0.265359477124183,0.15818254899731274,2.2630546778066765
871,7.0,35.0,0.5830065359477123,0.17221465107272824,1.6828387895415373
872,11.0,55.0,0.21307189542483662,0.1446992693847762,1.9398128943020878
873,46.0,230.0,0.7738562091503268,0.46215000719152716,1.9172233675486645
874,4.0,20.0,0.3895424836601307,0.16350413499751615,1.6930154908428545
875,13.0,65.0,0.4575163398692811,0.17839019596141914,2.542027367689889
876,51.0,255.0,0.39215686274509803,0.26278255333010786,1.713243868431688
877,77.0,385.0,0.530718954248366,0.43605917594834537,2.9713963834505552
878,14.0,70.0,0.5411764705882353,0.20804725426846157,1.9422974924965364
879,22.0,110.0,0.35294117647058826,0.17947812818327194,2.7771032765509407
88,75.0,375.0,0.27450980392156865,0.2445220475454048,2.045826975900919
880,74.0,370.0,0.6967320261437908,0.6946312960928723,2.223240338987502
881,38.0,190.0,0.4444444444444444,0.24602202845528462,2.2068494978609206
882,90.0,450.0,0.5633986928104575,0.4572250731082265,1.9629049205642972
883,27.0,135.0,0.3071895424836601,0.18258551752950927,1.747437323787128
884,10.0,50.0,0.5045751633986928,0.20191821066719937,2.4258939020535357
885,56.0,280.0,0.5150326797385621,0.30479448320590147,1.7566872736661485
886,90.0,450.0,0.3359477124183007,0.446639774610114,2.5376264088780465
887,56.0,280.0,0.6026143790849673,0.5059315463496723,2.0036511034193847
888,9.0,45.0,0.33856209150326794,0.1546760768157395,1.6224988732160004
889,27.0,135.0,0.32679738562091504,0.22848191685510927,1.8323763955083028
89,73.0,365.0,0.40522875816993464,0.40062142590067373,2.2108895254044465
890,62.0,310.0,0.5725490196078431,0.5695094776988259,3.0283659301331345
891,98.0,490.0,0.6183006535947712,0.5866981567436937,2.171289520307905
892,91.0,455.0,0.5660130718954248,0.49728743730137026,2.170291101153709
893,57.0,285.0,0.3673202614379085,0.2616295537563207,3.328035403586027
894,63.0,315.0,0.5686274509803921,0.3940904139188412,2.2550840359082334
895,96.0,480.0,0.5934640522875817,0.8655250147559459,2.7619431284449987
897,71.0,355.0,0.542483660130719,0.6059061567302535,1.8527617980024287
898,97.0,485.0,0.4522875816993464,0.3926616626468127,2.0622481383168374
899,76.0,380.0,0.28627450980392155,0.2783994007302389,2.4574229404777626
9,19.0,95.0,0.3333333333333333,0.19041572881107616,1.6493460939346052
90,12.0,60.0,0.5660130718954248,0.21098940361918495,2.230418087213072
900,99.0,495.0,0.5006535947712418,0.4388893530305953,7.183872715451984
901,1.0,5.0,0.4549019607843137,0.14521674511490093,5.240460049730955
902,69.0,345.0,0.5124183006535947,0.39634844154482096,4.3133906590096815
903,85.0,425.0,0.40784313725490196,0.4471573415740859,2.831835894538798
904,83.0,415.0,0.4522875816993464,0.42705377561655056,1.787686442056534
905,2.0,10.0,0.47973856209150323,0.14185454955829382,3.5168575722464457
906,5.0,25.0,0.5790849673202614,0.1585965445119274,3.10145772457193
907,33.0,165.0,0.2928104575163399,0.2839836746531306,2.704532713988715
908,63.0,315.0,0.3241830065359477,0.3238955584349197,4.281620618880526
909,17.0,85.0,0.330718954248366,0.1678756653419101,2.6982334229852087
91,92.0,460.0,0.23398692810457516,0.20549852751004793,2.766476432759502
910,10.0,50.0,0.396078431372549,0.1602029643951234,1.6276862732595678
911,94.0,470.0,0.31895424836601305,0.4014200748417525,1.932576663447933
912,37.0,185.0,0.2954248366013072,0.2274110425718249,1.740167788798887
913,8.0,40.0,0.403921568627451,0.1596346684654527,1.9601098551421225
914,16.0,80.0,0.8457516339869281,0.2903337948991166,1.6777336211642362
915,72.0,360.0,0.33725490196078434,0.23839602144367483,2.9156088920233323
916,41.0,205.0,0.7098039215686275,0.364582423890867,1.62484649171789
917,30.0,150.0,0.6954248366013073,0.3459260485072434,1.8794505130327168
918,25.0,125.0,0.5516339869281045,0.22852363512829776,2.715714185688471
919,5.0,25.0,0.25882352941176473,0.14435014204435467,1.7718883310440596
92,48.0,240.0,0.5006535947712418,0.2981655682177809,2.818614537492969
920,49.0,245.0,0.611764705882353,0.4447890206250511,2.462798374932504
921,55.0,275.0,0.6026143790849673,0.35287092152135796,2.509617030533376
922,99.0,495.0,0.5490196078431373,0.4768771023322151,2.0883771199291714
923,62.0,310.0,0.4287581699346405,0.32712751800202416,2.0315700169699915
924,27.0,135.0,0.4065359477124183,0.327509609534704,1.5369270040556895
925,14.0,70.0,0.4130718954248366,0.16604245306063659,2.1796768140141145
926,89.0,445.0,0.7294117647058823,0.6320469142228407,3.5265319826183075
927,25.0,125.0,0.5032679738562091,0.20564931206152762,2.1974842232169918
928,35.0,175.0,0.29673202614379085,0.18074769100292576,2.714367511031666
929,97.0,485.0,0.657516339869281,0.559738054986462,1.2907633476715343
93,52.0,260.0,0.5058823529411764,0.4410761007391965,2.9292077202255036
930,31.0,155.0,0.42483660130718953,0.21758554470258057,2.1497963402004414
931,32.0,160.0,0.5137254901960784,0.22886473130149051,1.3189355264060194
932,38.0,190.0,0.7764705882352941,0.4302910434682893,2.1087136731334413
933,75.0,375.0,0.5790849673202614,0.6577187713573064,2.4254270941602774
934,57.0,285.0,0.5320261437908497,0.33568449440777964,2.811214539152811
935,98.0,490.0,0.5490196078431373,0.682304259947422,2.7693719953358213
936,3.0,15.0,0.6588235294117647,0.16821521896944142,1.7650194028879518
937,98.0,490.0,0.23921568627450981,0.267631003623974,1.9512165730458324
938,87.0,435.0,0.2522875816993464,0.21505684845589135,1.8470022449647399
939,70.0,350.0,0.35424836601307186,0.5679435131831532,2.1760588272728234
94,13.0,65.0,0.5477124183006535,0.23871679869118728,1.6448920624561314
940,49.0,245.0,0.5686274509803921,0.32751811955994947,2.6442372440481847
941,65.0,325.0,0.6915032679738562,0.5621557674652944,2.9238453490846132
942,99.0,495.0,0.49673202614379086,0.7548280868056845,2.392155768501027
943,4.0,20.0,0.6810457516339868,0.16555139323138632,1.7233063529993193
944,76.0,380.0,0.36339869281045756,0.3884054542776988,2.7915989703706865
945,78.0,390.0,0.807843137254902,0.8209505445789187,1.5794696899041707
946,8.0,40.0,0.44183006535947716,0.18057373867143814,2.4445450014538137
947,99.0,495.0,0.742483660130719,0.9036909669650249,2.5286028862584278
948,15.0,75.0,0.47973856209150323,0.17936400330998828,1.8767606614640655
949,7.0,35.0,0.5071895424836602,0.1596176626520681,3.3070868815009122
95,31.0,155.0,0.6039215686274509,0.29530652633806803,2.8438019563538073
950,47.0,235.0,0.34771241830065364,0.21215419988434847,1.993421916545875
951,3.0,15.0,0.4849673202614379,0.1582182263517039,1.7998963194019604
952,63.0,315.0,0.25620915032679736,0.21793772468134234,1.777394516046028
953,87.0,435.0,0.45098039215686275,0.5622602275867911,3.0412222811931637
954,20.0,100.0,0.5124183006535947,0.2030676249762383,2.9759098151292087
955,94.0,470.0,0.5098039215686274,0.7279385685134279,2.104895985884965
956,13.0,65.0,0.3581699346405229,0.17478793583804955,1.4332081010607258
957,51.0,255.0,0.5620915032679739,0.32533756064763314,3.382086173896923
958,62.0,310.0,0.5359477124183006,0.574380950064061,2.1896679051135943
959,78.0,390.0,0.3673202614379085,0.41561316943599347,1.8409714110180202
96,95.0,475.0,0.7856209150326797,0.9224035464174215,2.3455499324546194
960,30.0,150.0,0.396078431372549,0.1885818495380887,2.398632821217628
961,83.0,415.0,0.27058823529411763,0.21737500278333383,1.7225662442909642
962,85.0,425.0,0.2679738562091503,0.3349498640913763,2.4297484317520315
963,35.0,175.0,0.3032679738562091,0.1928687855779905,1.4998349224726788
964,100.0,500.0,0.44313725490196076,0.4306366450781037,3.272263033422928
965,43.0,215.0,0.5947712418300654,0.32898319684582916,1.7547286156515067
966,100.0,500.0,0.5450980392156862,0.579862939585566,3.1283430969115247
967,63.0,315.0,0.5006535947712418,0.46307400157117634,2.8178554729510514
968,6.0,30.0,0.5647058823529412,0.17401175034741412,1.881187589908318
969,59.0,295.0,0.3803921568627451,0.4771369363898527,2.3934226104785883
97,6.0,30.0,0.39215686274509803,0.16818300071596287,1.5864725356711191
970,60.0,300.0,0.42745098039215684,0.349902308345096,2.947530901210488
971,82.0,410.0,0.27450980392156865,0.2623420507208111,2.739116445721256
972,4.0,20.0,0.33856209150326794,0.15042997834353222,1.6071107673991325
973,47.0,235.0,0.7045751633986927,0.5154996577412583,2.905751566065723
974,29.0,145.0,0.5189542483660131,0.2314171661378617,2.3720408059196965
975,47.0,235.0,0.4444444444444444,0.2900689080756496,1.2478462572264468
976,46.0,230.0,0.6732026143790849,0.4215469335397089,1.9592314800663355
977,39.0,195.0,0.396078431372549,0.2445050199387877,1.663095315198567
978,38.0,190.0,0.6692810457516339,0.323207304186118,1.786562403914531
979,100.0,500.0,0.48627450980392156,0.6546781957747747,1.8875481281531532
98,64.0,320.0,0.44575163398692813,0.30367106127002264,2.839320111965098
980,66.0,330.0,0.5137254901960784,0.4337371797770571,2.9247473105437014
981,58.0,290.0,0.4718954248366013,0.31161630544278485,2.8582186394306204
982,22.0,110.0,0.49411764705882355,0.2722344126745253,1.8893355174308217
983,32.0,160.0,0.49542483660130715,0.31459890795838275,1.8180630169941236
984,2.0,10.0,0.15032679738562094,0.14554646755322667,1.944439688469094
985,34.0,170.0,0.6039215686274509,0.3327806944573255,2.156781343943706
986,91.0,455.0,0.6732026143790849,0.5859192842037012,1.9126720139197328
987,37.0,185.0,0.5882352941176471,0.29319532661234005,3.546197923825466
988,48.0,240.0,0.6509803921568628,0.412568501478665,2.4179397096089756
989,46.0,230.0,0.3843137254901961,0.26737292260500467,2.1066130523175053
99,74.0,370.0,0.2980392156862745,0.2552281176661326,1.046249054155543
990,87.0,435.0,0.6026143790849673,0.4794306442757816,1.9758657416730099
991,9.0,45.0,0.48104575163398694,0.168792867776338,1.9014753743231516
992,40.0,200.0,0.396078431372549,0.2217770088152938,0.9740638878934865
993,62.0,310.0,0.3581699346405229,0.23666386114089127,3.63647441974558
994,97.0,485.0,0.788235294117647,1.0129594094194079,2.519949947712717
995,79.0,395.0,0.34509803921568627,0.24297006131711657,1.6816855139202014
996,44.0,220.0,0.8052287581699347,0.4585947243952784,2.3112108505092053
997,32.0,160.0,0.3934640522875817,0.24441325891490973,3.359788706062874
998,82.0,410.0,0.4196078431372549,0.3327990385571597,2.2991127687966153
999,21.0,105.0,0.2496732026143791,0.16124364087669213,1.6292537197327734
