phone_test_id,duration_s_est,P_total_W,avg_temp_C,delta_temp_C
-1,29.745867781024316,6.186047566492058,33.375,5.898
1,29.852907032019957,4.226042872966518,39.22916666666666,1.113
10,30.933543941235566,2.645931004720527,45.21472727272727,0.454
100,29.97951177805678,2.1488482359860392,43.81225,1.534
102,29.947601105176865,1.7980081880645842,44.162333333333336,0.412
103,33.917142020501196,2.964708699194641,45.142428571428574,2.04
104,30.51226387492342,2.259497829548481,46.2175,0.239
106,30.889354012552356,2.425428546338494,45.14683333333333,1.034
107,30.040303270276898,1.9988281895746165,45.262666666666654,0.095
108,34.38134371701694,1.6759725412209552,44.99316666666666,0.072
109,31.606295055027587,1.7759791175230173,44.7275,0.206
110,29.615550125807825,2.2970910116816325,45.028,1.258
111,29.787412331141358,3.373633966013908,45.783833333333334,1.527
113,34.569896955570734,2.1517365555240175,45.5166,0.764
114,30.033916719063477,3.070943389193629,45.996300000000005,1.146
115,32.459781850205935,2.279209833923472,46.444,0.215
116,31.996230617763885,2.1496592777342247,46.0385,0.454
117,30.212397018662987,2.7310975011029264,46.63142857142857,1.504
120,29.960580656249647,1.7227510572040068,45.022,0.298
121,32.067439760530185,2.161987159490457,45.047428571428576,0.516
122,29.958781260423425,1.7806864550419301,44.962833333333336,0.345
123,30.058415680624176,2.281797674526529,44.94857142857143,0.699
124,33.96666162671088,2.052270304514767,45.199375,0.214
127,30.39982734492579,4.40580170013222,44.470375,5.088
128,30.016664414539257,2.279186856180539,45.9482,0.358
129,30.55378660219417,2.2085671697122486,44.527699999999996,0.183
13,29.64643249142625,2.770463091090412,43.953,2.315
131,35.350563079539526,2.679225215929254,45.195,1.412
132,34.152147649081186,2.574546406377039,46.218714285714285,1.241
133,32.52683860008791,2.5764749236888176,46.3376,1.193
135,34.688034258941,1.99681842686564,44.795300000000005,0.925
137,29.631722392122892,1.9436299462399858,44.5574,0.344
138,29.95824687170356,2.677972057029047,44.885,1.0
140,34.02068153400589,1.608756454372991,44.1244,0.55
141,34.15966223507209,1.5773632838991765,44.335,0.229
142,32.9785636706222,2.7154839396409174,44.854699999999994,1.517
144,33.90289432177953,1.573893912819158,44.612300000000005,0.298
145,34.2408728264545,2.1304262706656427,44.665099999999995,0.688
147,31.268691868157937,2.8004183663714786,45.2338,1.997
149,32.40817325987345,2.293955490914649,44.7232,1.199
15,29.47424550378123,2.489954085188878,44.384875,1.031
150,32.99277223125659,4.671576547725882,27.9052,6.083
151,29.92195115659335,5.393496639153453,34.63275,4.452
152,29.720354590402266,5.3122965447722486,40.26528571428572,3.72
154,29.482856626369642,6.48577505305142,41.95275,6.316
156,35.10982866892298,2.573964995733265,40.87871428571428,1.471
157,29.708948266023864,4.483283144436474,43.48471428571428,2.886
158,29.98312101754455,2.8486486096634747,43.89933333333334,0.756
159,24.715661754269554,2.862493171471665,44.0628,0.779
16,30.280545018009494,2.8634579380401037,44.8962,1.612
160,33.86546172493287,2.4347065358124373,43.780833333333334,0.344
161,34.7776674580934,2.8028849007041483,44.306285714285714,1.834
163,29.135694953981748,3.7424171337673426,45.620875,3.187
164,32.37998396270153,3.215187324364384,45.36,1.585
166,29.884678630347317,2.661210113172822,42.34325,2.428
167,31.14274180313131,3.806238954467441,45.53328571428572,3.007
169,29.874197143112358,2.4953260716225443,44.73663636363636,1.256
17,30.23701604374167,3.0465181771488363,46.05142857142857,0.74
172,31.085881320465155,3.3563489779944504,44.1436,3.312
174,31.169877604962355,2.8014187641884853,43.874,1.993
175,29.876185385455376,2.6106820530699806,44.53228571428572,0.783
176,33.86667640758215,2.4544936444188443,45.20033333333333,1.357
177,30.22202477731723,2.8037145301924316,45.121,1.345
179,29.807576369513292,2.0560785365523064,44.4702,0.619
18,30.81924419288989,2.1874075359561447,46.344666666666654,0.191
180,31.277517610381356,2.38570269320968,43.81936363636364,0.504
181,30.03546459693477,3.7846771316998673,45.38711111111111,4.421
185,24.835188327420177,2.743516018550675,44.02125,1.489
187,31.718105724504078,3.070805862304467,43.74788888888889,3.287
188,31.34473040634785,3.53418924214341,45.19066666666666,2.163
19,30.0295094774004,2.196149758944018,45.860285714285716,0.453
190,29.98339882227825,2.6932847232782136,45.22063636363636,1.347
192,29.896967846377102,2.805103127211029,45.1825,1.685
194,34.03656540594337,2.097359476451011,44.525,0.825
195,34.2680773662922,2.1232007918707585,44.99133333333334,0.421
196,31.930321142436064,2.134511760654349,45.073142857142855,0.236
198,30.017113802905616,2.5959881256957176,44.728142857142856,1.854
2,29.72634187882264,4.854109314499851,41.04528571428572,2.889
200,32.83439952861079,3.0657349439963686,44.319,2.762
203,29.441263646192986,2.729630289167012,44.28628571428572,2.049
205,29.633331095160347,3.3658680045015132,45.0855,2.826
206,34.348067358280296,2.2284345783300057,45.215,0.43
208,33.47709563698249,1.733988444800235,43.913428571428575,0.115
21,32.13623568727196,2.2616627444261157,45.42942857142857,1.181
210,31.79312429298677,3.3974285762103267,44.310857142857145,2.899
212,32.046368821079525,2.0689780914081886,44.551,0.367
214,29.69079968920615,4.38407945769548,45.9114,2.955
217,34.732447459543316,1.9266612892151158,43.835142857142856,1.008
218,33.60471389202591,2.4201443065789183,44.5268,1.588
219,30.007292468092956,2.053271019553457,44.58655555555556,0.298
22,31.36240151420889,2.216206624626949,45.506,0.215
220,33.60184144150062,3.1521517409811874,45.21455555555556,2.624
223,29.65921594783669,2.433515138328006,43.909875,1.969
224,30.19938770014385,2.5602442926229165,44.6872,0.902
225,33.57588389704452,3.1429250626307073,45.15025,1.594
228,31.841025883707136,2.4420881815805,44.434714285714286,1.905
23,30.06343051677057,2.757105146525503,45.812166666666656,1.571
230,30.882124205148724,2.499000181701663,44.598625,1.267
231,29.870437536990586,1.7871722479421819,44.43671428571428,0.069
232,30.946671828231036,1.3748023773331224,29.31225,0.356
233,24.641502814342264,6.951172998276081,36.5135,1.959
234,31.83304275481659,6.12417966141494,41.49488888888889,4.223
235,31.673695739166295,3.3596546129732117,41.909,0.367
236,31.504849748371566,3.866825900551926,42.21857142857143,2.428
237,30.403521755117215,4.5167510891032485,44.788599999999995,2.644
238,33.312005810754314,3.191055399182309,45.48666666666666,1.805
239,29.76607385064341,4.488307046147847,46.111333333333334,2.76
242,31.1110510870995,4.088267273385073,45.266571428571424,4.124
243,32.701433608003335,2.6148212957572814,46.09571428571428,0.382
244,33.85229187437681,2.086752420253981,45.57071428571428,0.429
246,30.161031659890714,3.1675868079489353,45.20125,1.714
248,29.972994410158627,2.179479938042476,45.14528571428572,1.003
250,30.730098874415734,1.880353956430237,44.950666666666656,0.252
251,31.10026961493724,2.1763245411702705,45.05075,0.747
253,29.946751987440408,2.352203672356278,44.73542857142857,0.78
255,33.81297437399203,3.796131555310014,45.665571428571425,3.51
256,30.112132021182738,2.7586747076415485,46.44385714285715,0.835
258,29.570876284366545,2.1527882159398675,45.63542857142857,1.241
260,34.7180441250231,1.9859292980823735,44.585375,1.077
261,29.988324403395684,2.3571025526186458,45.0197,0.468
262,29.936866599073618,1.666470331318635,44.680555555555564,0.435
263,29.997596936642,2.2828756631619003,44.926300000000005,0.857
265,30.980917147163677,2.6178778250735277,45.1608,0.072
266,29.969052880670475,2.269226367305824,45.6335,0.764
269,29.7419837327038,4.120525722204707,45.33828571428572,4.713
27,29.78486684059824,2.4381964636153253,44.210142857142856,2.073
271,30.07394247863818,2.545626601978747,45.23833333333334,1.267
272,33.03027455953246,2.1236466222396695,45.86385714285714,0.907
273,32.75281131470062,2.2830407527929633,45.65233333333334,0.167
275,27.030019395881876,1.983398206816229,44.025800000000004,0.091
277,27.253517528006586,1.8426920102475757,43.5264,0.481
278,24.731516970607082,3.0215998917014932,44.7622,1.295
279,29.778851405619278,2.40851623264643,44.80014285714285,0.482
282,29.379131309058156,3.184001494664984,44.791714285714285,2.912
285,27.521156508606005,2.501779784525758,43.59111111111111,1.786
286,31.00038273269477,3.398546944031284,44.6799,3.097
288,34.51018609448295,2.2030201979164112,45.0085,0.792
289,33.29813634196217,2.3485388550544855,45.3624,0.855
29,31.215093663861847,2.5898252899875644,44.66422222222222,2.196
291,35.10984741272841,2.611070248250786,44.4395,1.168
292,32.57772625212441,2.449411183040942,45.3065,0.358
293,31.903776776568908,1.99719439006345,45.04428571428572,0.445
295,30.05739403994702,1.8966328526097493,44.754285714285714,0.321
296,34.40311453194935,3.1656809705080207,45.032,1.669
297,29.83701100107691,2.2356285285276205,45.819428571428574,0.501
298,32.516262061138306,1.8719573881386398,45.240875,0.167
299,32.128122810137235,2.2614261165945053,45.162625,0.8
3,32.18314948591369,2.5774247183702887,40.658625,0.069
30,29.959350140787453,3.2120397988536165,45.631181818181815,1.92
300,29.570231414785987,2.307823771912605,45.61772727272727,0.429
302,34.27295737896425,2.329862670357429,45.42845454545454,1.137
304,29.917937362107125,2.766970931119352,44.93025,1.959
306,34.509662321821104,2.47877974586585,45.59144444444445,0.382
309,31.021616497474437,3.5794184035844823,45.0758,3.293
31,30.09543867320982,2.8894005481770084,46.6192,1.121
311,31.30832277721464,2.533359597842255,45.222,0.638
312,29.79260136692903,1.8841322484282985,45.41111111111111,0.358
313,33.01423992483365,2.152130297767502,45.50271428571428,0.596
314,30.135369831296977,2.8954944468403294,46.22185714285715,1.67
316,31.810883802350443,1.7375005153398506,43.89042857142857,1.031
317,30.004319486338208,1.7232971747132384,44.316,0.275
319,29.794831511673703,2.749026721896671,44.2605,2.254
32,28.839153511610025,2.5904145199658934,46.289,0.144
320,34.85968296787983,2.147159601794633,45.069545454545455,0.769
322,30.020022396914644,1.8145658680653942,44.316900000000004,0.206
324,29.85993981443341,2.4513555102552007,43.75657142857143,1.809
326,29.7083679818767,4.753309777438655,44.57325,5.134
327,34.620569095055316,2.120849481081665,45.80416666666666,0.143
328,35.18660741930382,2.1969806034096337,45.40875,0.832
33,31.30350824541569,2.165447766063955,45.78255555555556,0.693
330,30.087939904110073,2.067574456684624,44.87875,0.55
331,29.74938256082071,1.8741257532325029,45.017,0.303
332,32.99464136163932,2.4086062378721826,45.109666666666655,0.585
334,30.041820209488495,2.7634924389094975,44.50514285714286,2.332
335,29.98913708838644,1.6955164748535223,44.773857142857146,0.206
337,29.09982293334977,3.2881081860584915,44.24888888888889,3.3
339,30.6039847457436,3.154962231296654,45.248333333333335,2.483
34,29.91791811866096,2.5923712569967847,46.3924,1.336
340,30.11624811663589,2.954406991714576,45.877428571428574,1.408
341,29.435040196916315,2.654909708877751,46.20566666666666,0.12
344,29.998603670237987,1.6160943866896784,43.717,0.641
345,34.248435756028144,2.0572826596204004,44.284875,1.008
346,31.15320243408128,2.891647726766252,45.211,1.41
347,29.791620251002904,2.379005989028545,46.164,0.405
348,32.60343997649165,2.8461816626377163,46.147,1.48
350,32.32055062673663,4.628122946527388,26.666,7.214
352,32.18151470104143,2.0624767857136344,31.2246,0.868
353,32.135476104541844,6.99840267710284,36.98625,7.635
354,30.88906454639269,4.378654387440657,40.979,1.726
356,29.76360533560466,5.094545277369689,41.48155555555556,5.051
357,29.924106244737022,2.649258405635523,43.248625,0.435
358,32.91563846099776,4.8489417633238245,44.477714285714285,4.329
360,25.0172385395162,2.1814197403841584,43.008,0.504
361,29.858940037571625,2.6318870295166445,43.40275,1.535
362,34.31443192240544,2.807142697796047,44.43557142857143,1.703
363,29.83303386455767,2.951818423825118,45.3352,1.229
365,32.18030010227244,1.9295650693952096,44.625625,0.275
366,29.703301602408864,2.499359363942875,45.127625,0.166
368,33.94771235398182,3.2512744555246593,45.22271428571428,3.198
37,29.97691805325416,2.0130114741214813,45.19263636363636,0.287
370,33.34031432442561,2.2774244196124003,44.094,0.733
371,29.91057235808218,1.7186706220320587,44.45014285714286,0.298
372,30.243046598453745,3.188273532102744,45.218714285714285,2.296
373,34.33834259735689,2.153337651354539,46.11933333333334,0.31
375,32.692503147166114,4.361449362202167,44.925,5.385
377,30.826801713123192,2.130394440888184,45.143666666666654,0.284
378,30.183287799810962,2.546145354002201,45.5334,1.263
38,33.8150419035346,2.117600895018117,45.531099999999995,0.929
380,30.467543814193697,2.0847987414859808,45.2536,0.732
381,29.94178425671547,1.7522930681137523,45.24677777777778,0.12
383,30.04603398105656,2.432968825306155,44.940400000000004,0.906
385,34.169677939043794,2.1006907682317095,45.213800000000006,0.072
387,31.360981306463334,1.7286140529291214,44.319199999999995,0.436
388,29.865396603185758,2.3325158518929285,44.6817,1.245
390,29.968479143779188,4.442675197537912,45.58822222222222,4.849
392,34.81311534448896,2.008956116335375,45.30554545454545,0.095
393,35.17626085441027,1.7151173983415542,44.34211111111111,0.229
394,34.062111516562126,2.979397297512071,45.194,2.085
395,33.22049169612714,2.8372472888770712,46.655,0.907
397,29.162051717827016,2.2684459118341245,45.6285,0.478
398,29.86924194390157,2.6915273628634586,45.86485714285715,1.997
4,29.953771999580184,3.9785430029203086,42.44611111111111,2.496
40,30.934193651138937,2.196256536252032,45.0383,0.142
400,33.97548801456308,2.0149270253500537,44.2735,1.351
402,29.73929861380241,2.8290083129584254,44.74475,2.561
404,29.721902442632516,1.8774712388517458,45.029,0.092
405,30.293584632897645,2.3693417886919277,45.011666666666656,0.652
407,34.548221349475085,3.252944076720393,44.773857142857146,3.204
408,34.57059828948311,2.7388757986524186,46.01728571428572,1.122
409,32.33586309285976,2.6331989579335415,46.43328571428572,1.145
411,34.67641480404578,1.8450500538058894,45.159333333333336,0.215
412,30.281558286556102,1.8172243145238196,44.871300000000005,0.275
416,29.87071001375904,1.5663610265189,41.77922222222222,0.137
417,32.91590797104959,4.828644530777982,43.70866666666666,5.545
419,34.16462897288435,2.9004538020491215,45.01114285714286,2.172
42,29.610971402455288,2.8424509569794445,45.641,1.545
420,30.06918475448856,2.1912277149504207,44.823,0.092
421,31.566745216220877,1.7084993283465488,44.204666666666654,0.115
423,32.36306725055729,2.7510986925525986,44.680142857142854,1.893
424,33.97260304265378,2.3213022534949026,44.5965,0.16
425,34.537075508798885,2.8471738139770415,44.91471428571428,1.723
427,30.052824786356172,3.1696473684978232,45.95614285714286,1.384
428,34.196772327358374,3.0187413014242908,46.770166666666654,1.073
429,33.40617275724741,2.2743278480925957,46.64485714285715,0.668
43,34.480959191625125,2.912511871896879,46.442181818181815,0.573
432,33.92152386439735,2.9277183830834477,45.18971428571428,2.295
433,29.943126229470142,2.8654588483000323,46.44014285714285,1.241
434,30.624997499930338,2.1698234261129703,46.2158,0.143
435,29.897321045346413,2.105343080891102,45.7576,0.287
437,29.942089038816423,1.8175659330064977,44.9017,0.16
438,29.985753541435553,1.8580396494959213,44.7805,0.526
439,29.66528992669103,1.9027551437888863,44.9596,0.251
44,32.63528690406265,2.71510657346081,46.5546,0.907
440,32.95842773196122,2.2398635517558754,45.045199999999994,0.75
442,34.73026480221168,2.818056803119087,44.97418181818182,1.448
443,29.84350862028663,1.941106011932575,45.37444444444444,0.358
445,32.87531616586984,3.2550872350574274,44.1475,1.581
446,29.83995998526683,2.985112582053735,43.830333333333336,0.389
447,29.969175964640158,3.1546825014991757,44.23533333333334,1.674
449,29.940210838963868,3.2554211967390754,43.494625,2.497
45,29.967915400452274,2.4190231129291675,46.3495,0.453
450,30.074799393392606,3.333645278512704,45.04757142857143,1.425
451,30.393201601405615,2.582510787424579,44.36485714285715,0.229
452,31.53913759748593,2.460259852069806,44.113,1.168
453,34.48518148320089,3.021643051255534,45.094857142857144,1.755
454,32.9343537740973,4.212984227707169,45.661,3.36
456,32.961986054316135,2.4184415001159096,44.773625,1.027
458,29.572366629884343,2.46666551625548,44.319714285714284,1.834
459,31.095734535605555,3.6252424869051163,45.43785714285715,2.255
461,33.68685574061323,2.434805896743716,44.44711111111111,1.539
462,32.728581853989894,4.063320573842333,44.942555555555565,3.356
464,30.077533625294333,2.174536543282144,45.04522222222222,0.562
465,31.75239471826321,2.831040266336073,45.295300000000005,1.234
467,33.23967246296938,2.3768004960943703,45.134699999999995,0.311
468,29.85134486584389,1.6272085635772853,44.4863,0.389
469,31.35506729113715,2.1433888620292176,44.147125,0.756
47,30.781163922382476,1.9956855483080553,44.96681818181818,0.323
470,29.992661105294477,2.9582817172677434,44.698666666666654,2.158
472,29.947633583920517,2.2978150780149678,44.5895,0.687
473,29.930622979270524,2.674885118677582,45.163428571428575,1.526
474,34.70803920386437,3.0295578319011653,45.66985714285715,1.194
477,25.241089255483224,2.0051714285272055,43.464,0.573
478,31.14927321801027,1.7107045364124178,43.285,0.298
479,29.720170282405057,3.206661270592417,44.39466666666666,2.937
481,30.12099191289805,2.289378556968155,44.03633333333334,0.916
482,31.173578162547397,2.5470261894860937,44.31754545454545,1.377
483,33.23666433956058,3.9658219505231687,45.116099999999996,4.21
485,34.125547354595476,1.6552563805952643,44.5229,0.207
486,32.39780828883767,1.591967812766213,43.51966666666666,0.687
487,33.00397253210572,2.6099427854088137,44.2135,1.145
488,33.51872783359902,2.656089468609187,44.97557142857143,1.61
489,30.578156980632283,2.168116542863962,45.3853,0.239
49,29.87236479222254,3.665146156373449,45.51314285714285,3.056
491,29.921946209369455,3.319861492461834,44.43333333333334,2.494
492,29.91138488715307,2.6848533527610794,45.700199999999995,1.336
494,34.25183997785391,1.7484132542578885,43.4212,0.549
496,25.268529840132256,3.277822988674773,44.78177777777778,2.891
499,29.216684644231876,3.314507315911988,43.48522222222222,4.093
5,29.121301527449315,4.095368982309562,44.370875,3.064
500,31.29742776794221,2.8084832290925124,44.67257142857143,0.596
502,32.44649714470146,5.533533533659724,34.26533333333334,5.298
503,33.145153631197644,4.198879436449643,40.4897,2.783
504,29.99311799354013,3.1114369976505767,40.532,1.014
505,29.212325926105425,5.289494694495226,42.389,4.565
506,34.796083706854546,2.97450046022309,43.26542857142857,0.916
507,30.104455761646832,3.4520725710111626,43.674571428571426,1.557
508,34.06475366136933,4.0856227930933295,45.333166666666656,2.577
51,29.71250439625537,2.6981484943458205,44.377,1.722
510,29.87645712014909,2.4235656091621167,45.135333333333335,0.937
511,31.03893804906096,2.216662596228273,44.7255,0.765
513,28.884871202456587,4.202435633144742,44.4446,4.613
514,30.808274364582637,2.305010860382281,44.7794,0.251
516,30.02532292484816,2.793757729432454,44.77333333333333,1.341
517,33.81691037549252,2.1767694973502705,44.9108,0.947
519,24.946310682417,1.9481640238792732,43.134,0.252
520,33.33953864194224,3.2533367412453558,43.954800000000006,2.176
521,31.24557822630339,2.408561603659063,44.438199999999995,0.665
522,33.417853406906715,3.8453074898413897,45.231300000000005,2.866
523,33.64065269848033,1.9573954343333708,45.8151,0.191
524,31.285255850386168,2.9988214399992494,45.86090909090909,1.623
525,31.61117249040733,2.738352176790282,46.5429,0.645
527,34.70361578220937,1.600997352802723,44.715199999999996,0.229
529,30.152294908615797,3.245382658155099,44.5969,2.9
53,31.234818979276945,1.818450461892667,44.43685714285714,0.526
531,32.64296929804849,3.1319777029631948,45.279,1.787
532,31.047573316639795,2.482785344086359,46.07033333333334,0.119
534,33.18045087640249,2.2032791016710354,44.12285714285714,1.122
535,31.75693179082525,1.8715313050856768,45.11157142857143,0.306
536,30.008230819274047,2.327821404090689,44.90557142857143,0.949
537,29.97227877692347,2.37923744573284,45.3125,0.454
538,34.03735503306701,2.77320440757804,45.813,1.48
539,33.234750285213295,1.9692871298364851,46.1872,0.143
541,30.10262346153682,2.076635183636868,44.718428571428575,0.389
542,29.852577808708908,2.786109545814031,45.16516666666666,0.681
544,33.79883323126643,2.122509244894191,45.13514285714285,0.283
545,30.985193972013544,2.8836249365003956,45.64275,1.662
547,30.014330799926558,1.8434536278295228,44.63657142857143,0.824
548,32.98719782713075,2.9506690901749204,45.1545,2.232
550,31.748453721959038,2.581613193442245,45.1535,0.8
551,29.524077195956625,2.239127528397522,45.986714285714285,0.931
552,30.784244953781055,3.008132346238561,46.34128571428572,1.623
553,30.015650187622764,2.1836300260131396,46.583285714285715,0.096
555,29.60493510519251,2.0324513729282407,45.36616666666666,0.597
557,30.259093175544212,4.079785249472525,44.72714285714285,4.703
559,34.21739072182738,2.3537295889900873,45.1149,1.075
56,29.576069020928497,3.09231294176662,43.548,2.405
560,30.393793435382015,2.2126445368846976,45.61544444444444,0.358
561,29.96442857187327,2.603927180284691,45.858,1.027
563,24.528719054278582,1.7065505910590297,44.10328571428572,0.367
564,30.006884895968152,2.605878426604239,44.460375,2.014
566,33.69443327149152,2.761702689884146,45.17671428571428,1.898
567,30.171282425169316,2.762818690479717,46.392428571428574,0.716
57,32.76373827403104,2.7306267450839554,44.78371428571428,1.416
570,29.63171369062037,2.556487309202738,44.61683333333333,0.756
572,32.399954300890435,2.5040957541650073,44.52283333333334,2.338
573,32.08089959459551,2.3000368734183043,44.71514285714286,0.412
575,29.767799561548905,2.971824464790804,44.92933333333333,2.172
576,34.30311972421911,2.7674174175177315,45.741285714285716,1.36
578,34.88441460828098,2.162013548081624,44.376333333333335,1.099
579,32.856775323131366,2.159311353663248,45.029,0.165
58,29.827001863350148,2.5032109275368475,44.7776,1.276
581,32.22711038872726,1.6437426552065144,44.296285714285716,0.207
582,29.978402681887975,2.539171709972044,44.696,1.665
584,33.447458274889236,4.6180950651178145,45.12385714285715,5.344
585,31.60453722267647,2.488083829418614,45.952571428571424,0.596
586,30.405318865728216,2.3857042026210205,45.49585714285715,0.43
589,30.2542491218338,3.6487240703103248,44.836444444444446,4.23
59,30.986433231563247,2.2142926062916377,44.451555555555565,0.321
590,30.13828255035577,2.9948617957639567,46.055,1.671
591,34.3041618302495,2.585051966546038,46.13328571428572,0.836
593,29.928612423059796,1.6742731100153379,44.767428571428574,0.115
595,29.780039581984276,2.6340412269785616,43.68311111111111,1.901
596,27.790778690941398,2.4912284671809877,44.22775,0.596
597,33.50962818856258,2.92624813525889,44.736,1.884
598,29.767678858268226,2.1151453326200977,45.77583333333334,0.453
600,30.469546167234277,7.44759757019374,31.48975,10.346
602,30.08833618094525,3.7262386436310337,38.47233333333334,2.982
603,30.548417955243856,4.311636307745043,40.960375,2.982
604,29.51689518219335,4.504282553410502,43.18071428571428,2.863
605,30.07757982797308,4.071918907720623,44.79222222222222,2.489
606,33.68010520447131,2.7757622321081317,45.2027,0.263
607,31.491843431852413,2.3425161553224667,44.369699999999995,0.275
608,26.32316889743997,1.8648049249410072,43.861125,0.137
609,33.31447051346595,3.3476957094341357,44.308727272727275,2.564
61,29.892620309389834,2.802561673513928,44.487,1.94
612,29.760283756710177,2.16005416902336,44.474333333333334,0.366
614,32.282397103564,3.0364357295257403,45.94118181818182,1.981
616,34.516050160167815,2.599547328956708,44.885400000000004,1.159
617,29.953998289893235,2.1784581266407153,45.64977777777778,0.238
619,32.3307019319174,4.247425814916601,45.123,4.966
62,32.9185261301617,2.903435670907132,44.901900000000005,1.157
620,29.907246464074667,2.0981953345447018,47.022400000000005,0.191
621,32.46903626877538,1.8582092335774643,45.48354545454546,0.119
622,32.63414871782325,2.235479332732111,45.5595,0.739
624,33.1394070651103,1.8892057989146651,45.48118181818182,0.215
625,35.02285003253358,2.1498699257786567,44.792,0.665
626,34.55355102953495,1.7533199394822192,44.016333333333336,0.343
627,34.1730110732387,2.0430086435863877,44.703900000000004,0.527
628,32.97451475685681,2.8150779377488044,45.525400000000005,1.962
63,33.782659794814506,2.3496680392283436,44.636166666666654,0.274
632,29.95902052317125,2.1938936204260995,44.31911111111111,0.733
633,29.82616917665982,1.8295925526601993,44.9156,0.274
634,34.733974380904066,2.083994512295023,45.022,0.721
635,34.0905269738495,2.510040195789253,46.01066666666666,1.384
637,33.586249390583056,1.6265636381333264,43.963,0.16
638,30.025395475903487,2.28465826720092,44.31144444444445,1.283
639,29.41627900669565,1.680593456050214,44.032875,0.069
640,30.26164335421011,2.8034411088318243,44.622800000000005,1.27
642,30.567794368186387,2.764306576464757,44.48377777777778,1.798
643,34.460335153529705,2.316898388953191,44.989599999999996,0.536
644,34.66335162143392,2.159196658690095,45.2091,0.546
645,31.876758113270743,2.997594663185642,45.6834,1.121
647,32.17562613863802,1.8161907944916722,44.4223,1.008
648,31.64517863081644,1.732076302663799,44.8,0.436
649,31.763176379719745,2.209729535891564,44.4886,0.206
650,29.99544901825836,2.1297478481190364,44.94772727272727,0.435
653,34.3342484760358,4.315112564744447,45.549800000000005,4.436
654,33.726535854755596,2.210342660777256,46.2135,0.406
656,25.330308197361852,2.1400121774138405,45.215125,0.661
657,32.698570164127155,2.801299675803274,45.5268,1.703
659,33.08691973859047,1.6339887915569127,45.22292307692308,0.168
66,29.597558433665462,2.9117906868281813,43.9664,1.741
660,33.98761826302037,2.247322610513875,45.0286,0.583
661,33.9475214212111,2.6427568565858306,45.44253333333333,0.429
662,31.146532748193323,3.271865309178313,46.300066666666666,1.694
664,33.733467639541935,2.896846213504985,46.52890909090909,1.575
665,29.995424097577697,1.9772222858749122,46.429666666666655,0.454
667,30.51577278714682,1.8053742366047765,43.84209090909091,0.802
668,30.002145977242836,2.7783013276192396,45.22963636363636,1.862
67,29.945307772228077,3.7442027262776607,45.12157142857143,2.092
670,29.33457188529568,4.1495637460118004,45.75272727272727,4.791
671,30.143537955704854,2.118567471868838,46.3733,0.525
672,31.76523582971862,2.2437073466748862,46.19527272727273,0.525
673,30.567785402954776,2.801389268838642,46.731300000000005,1.479
674,29.91397329714954,2.0110143310762503,46.52463636363636,0.214
676,29.990330684281407,1.6696788884106903,43.915800000000004,0.435
677,32.0511929417829,3.0701017643471937,44.7945,2.448
680,30.915247036918206,2.800556628145603,45.74554545454546,2.112
681,33.4582192706319,1.768125061333628,45.89336363636364,0.405
682,31.51039780484572,1.7438550074905677,45.201181818181816,0.239
683,32.62772354980696,2.9581842218523713,45.5998,1.454
685,30.005839317979248,2.6036190546814297,45.8292,0.979
686,34.89312109533536,2.0807942288001904,46.1346,0.501
687,33.44993133174275,2.236932873132496,46.4616,0.978
689,30.117661804999795,2.7522614649401254,46.09963636363636,1.814
69,29.9440639333836,3.298500438007821,45.117428571428576,2.413
692,30.05052012194906,2.4549215022110977,44.759800000000006,0.371
693,34.36631762722188,3.1684189787546413,44.6072,1.456
695,28.26270220830667,2.0063819652507835,42.81744444444445,0.252
696,29.988666909341966,2.2916530837384923,42.497181818181815,1.535
697,34.00581941286908,3.7016588681983955,44.107,2.671
698,30.599735875506912,3.228827248769946,44.95625,1.523
699,30.05208191402641,2.3271412343435203,44.62357142857143,0.412
7,31.34881667241493,2.8885697966290826,44.093714285714285,2.086
700,33.81654487506731,2.4836879199307265,44.537571428571425,1.78
701,33.364261206289015,3.060480865098628,44.943375,2.086
702,33.959092524318464,2.8285539706696787,45.67636363636364,1.265
704,30.455350724587056,2.20985657359927,44.9527,0.373
705,34.24428276808326,2.2822756583718786,44.6239,0.549
706,32.70553005262878,2.1190133561045763,44.760714285714286,0.549
708,34.29332668893453,2.6393776497981443,44.482571428571426,1.031
709,30.078308821012683,2.9032479691476194,45.746875,1.639
711,29.9832138230392,2.2909377028562106,45.38725,1.204
713,32.55650116285815,2.2864900508696087,44.87757142857143,0.46
714,30.13406771054377,1.7811998206010347,45.01257142857143,0.208
715,32.72696377577853,2.429360986393816,45.14183333333334,0.963
716,33.80730486987545,2.9505399612284293,46.434125,1.337
718,33.73595689565893,1.7945964357036057,44.30622222222222,1.054
719,34.19615467761805,2.176726789948678,44.548300000000005,0.275
72,27.294599737222246,3.819187201995905,44.74433333333334,3.291
721,29.96371011373464,2.7787287917271355,44.145125,2.045
722,30.914881602377548,2.80510179904201,45.0979,1.738
724,31.50504759358072,2.3975833959822603,45.047,0.468
725,32.203143253777775,2.4024143665207034,45.1968,0.191
726,30.07333844946536,2.6128595643626302,45.530800000000006,1.074
727,32.634076781835375,2.901761236668702,46.039199999999994,1.051
728,30.04877526246032,2.140843493224384,46.0464,0.334
73,34.53373360357839,2.743894219134802,44.777142857142856,1.348
730,31.674802442511822,2.965838482197344,45.9002,2.186
731,32.388183453982954,2.291122659146065,46.68688888888889,0.358
732,30.695816451293172,2.1391743107466255,46.140727272727275,0.287
733,32.68856288074166,2.2344573931401537,45.90711111111111,0.597
734,30.00195851795184,3.1117508526697795,46.377272727272725,1.838
735,29.560562952534355,4.56723910220475,41.135,4.138
736,34.20700182296663,3.404457093395747,42.715714285714284,1.878
737,33.55666880292116,3.6835338968223157,43.929857142857145,2.543
738,34.299255029263676,4.223180383259468,45.184125,2.95
739,30.506584877936557,2.317356212859108,45.1226,0.43
740,30.15931368911055,4.388460140848228,45.9773,3.482
743,30.482659174476087,1.9127734777424361,44.31422222222222,0.573
744,32.273189638660426,1.8498559537630508,44.392300000000006,0.367
745,31.575087581707496,1.9388715499705156,44.431,0.481
746,32.39101937899471,1.7847711528797894,44.5002,0.137
747,27.333826541840278,2.667208701584582,44.487,0.779
748,30.5334153294374,2.053504900237942,44.32718181818181,0.481
749,30.04207985595949,2.184549715421291,44.3902,0.321
75,29.25498872230331,3.445779691008655,43.753375,3.168
750,29.916104073971656,1.7938363520633218,44.442,0.138
751,34.87043657613233,2.9147648833731163,45.0321,1.711
753,33.99487157442357,2.1529966906851317,45.1924,0.542
755,32.2546490940207,2.9767051788450125,46.0916,2.124
758,34.20011304785985,2.942086064428857,46.46809090909091,1.695
759,34.40067973030847,2.2518518415131727,46.655,0.286
76,33.91099457511441,4.233933324543773,46.26371428571428,3.505
760,29.95110561173401,2.6856268360419664,46.56827272727273,1.312
761,33.77639308260635,2.1607063495948764,46.6765,0.621
762,30.471273841414604,2.3979435641673144,47.432900000000004,0.334
763,29.730113386871203,2.893437703402347,46.7934,1.217
764,33.58295794633149,1.8493265869924442,46.478199999999994,0.143
766,34.04493528186099,2.019235032490337,45.420300000000005,1.09
767,33.33013548118329,2.8466686267616566,46.822199999999995,1.289
768,34.28099098062499,2.7794487928850087,46.7599,1.265
771,32.56864128887309,2.4001666912247406,43.5496,1.695
772,33.89894469109556,3.0963206069235247,45.052,2.104
773,33.31846654641153,2.684822000298042,45.4152,0.997
774,34.486734652755835,3.6343772543853827,45.1506,2.443
776,34.8011685521162,2.808349290157872,45.210699999999996,1.692
778,33.06720571297405,2.8592724411214356,45.194199999999995,1.223
779,31.185301944234823,2.2148206588959716,45.297444444444444,0.167
78,30.042442954551326,2.1192471296797324,44.811800000000005,0.321
780,25.270639439350486,2.195355132708344,44.953,0.114
781,34.00417982928199,2.106266122564272,44.37336363636364,0.413
783,32.304835958589045,3.1218107446599377,44.18755555555556,2.9
784,29.756918185161492,3.6211819493368416,45.6203,2.215
786,27.004614378809244,2.7565096451965085,44.52077777777778,1.473
787,33.42250214836978,2.297661487434318,44.833800000000004,1.136
79,30.096519750159352,2.821117547969992,45.125555555555565,1.41
790,29.91849169950401,3.4237177137408343,45.0552,3.128
793,33.750880447091156,3.541543462469934,44.317,3.77
795,30.40532482094582,3.2149984114841366,45.2894,2.502
796,30.436484462654434,2.201052328569666,45.298,0.616
797,30.00410646686244,2.4505424976146184,45.205333333333336,0.544
799,31.554538169415462,2.7927308752505966,44.87011111111111,2.166
8,29.682180517913274,3.0486252836239287,45.43966666666666,1.904
80,34.45810361544911,3.207806100810558,45.938857142857145,0.787
800,29.845677335601724,5.2199639582030954,28.34275,4.592
801,29.93792523631959,5.27917832489816,35.22966666666667,2.939
803,34.49971269216452,5.765260040706761,37.541599999999995,7.39
804,29.22526974336862,6.027998596658768,42.20572727272727,4.122
805,34.455364480503654,3.290161393130701,43.16742857142857,1.122
806,33.49628361374015,4.386283287251958,44.44271428571428,3.603
807,34.42866340445278,3.9313577007027964,45.5534,2.506
809,31.41830625226267,3.3193140700412354,44.716857142857144,1.395
81,34.309769259345856,2.1080241739107213,45.8755,0.334
810,32.737945109001245,3.3354511908561046,45.38871428571428,2.027
812,33.95019309120553,3.6583112993302214,45.927571428571426,3.376
813,30.9819061557174,2.257642239584802,45.832454545454546,0.119
814,33.2683309852878,2.8755329217538868,45.68818181818182,1.593
816,34.547935725243484,2.8666463254890178,45.967699999999994,1.384
818,32.977622109314765,2.1315329761191384,44.28628571428572,0.778
819,34.25934388614589,2.189894186220508,44.466142857142856,0.825
821,33.64368143663968,2.103024311808691,44.40316666666666,0.252
822,35.29507030486315,2.543050154730327,44.8284,1.394
823,30.01508810524154,2.458497297801158,45.0286,0.233
824,30.094273208328307,2.8122562859095286,45.695454545454545,1.569
827,33.72063435157191,1.9844880526952648,43.841,0.802
828,24.863149384098506,2.286458007462164,44.173833333333334,0.321
829,35.07174268506366,3.2049890993261307,44.949166666666656,1.983
83,31.276682997195824,2.6640281198447546,44.437,2.167
832,34.63499363836543,3.713990692278088,45.206428571428575,4.45
834,29.946398098525844,2.1997427130724865,44.952400000000004,0.929
835,30.178093175743978,2.66320600615677,45.607,0.787
836,30.462011853921254,2.650615178905403,45.953300000000006,0.668
837,31.96181877516506,2.3228223500749947,46.24909090909091,0.74
838,34.11353989063649,2.7670414534115593,46.438,1.742
839,31.343736163753462,2.2674220976306647,46.571400000000004,0.764
84,33.63098702848127,2.1750451730141593,44.51383333333334,0.298
841,35.23892692968752,1.8881528127335063,45.5787,0.549
843,33.52794997954572,1.693349430389757,43.78988888888889,0.573
844,32.0922555054186,1.6329549660712277,44.047375,0.458
846,30.022777208643365,3.799096306359127,43.99928571428572,3.38
848,29.841116204857787,2.6435510139248137,45.88088888888889,1.241
849,32.32925879507666,2.206512696507085,45.910599999999995,0.143
85,30.65552089144719,2.0000056178169743,44.361428571428576,0.458
851,33.042091792612396,2.370149459408914,44.443,1.145
852,34.9660344682671,2.161116241779676,44.9146,0.439
853,34.762409247330254,2.289934838337292,45.358,0.876
854,32.69110183904803,2.397609520348992,45.4424,0.358
855,33.51608611830946,2.2502337156485415,45.6119,0.31
856,29.881384782235735,2.1159312214200985,45.6,0.501
858,29.986833205882604,2.066949603329269,44.78,1.038
859,30.050416097272816,2.1635410567875755,45.2431,0.686
860,29.990974288099636,2.5095550506961892,45.3565,0.478
861,30.547408835204262,3.0209242131741987,45.8412,1.408
862,29.704943231703645,2.161954544032192,46.283666666666655,0.335
863,30.054671345228382,2.3712529470502663,46.154,0.621
865,30.09561450434125,1.9109865655577138,44.54190909090909,0.962
867,30.09216774284166,2.025356083378147,44.5666,0.596
869,33.78692932601776,3.3950804730771313,44.72,3.928
87,33.57830893831413,2.8119247212078498,44.13014285714286,2.525
870,30.60079620661992,2.2630546778066765,45.867166666666655,0.739
872,32.87643833450487,1.9398128943020878,44.5597,0.733
874,30.07065456598676,1.6930154908428545,44.090272727272726,0.16
875,30.026546122264865,2.542027367689889,44.46818181818182,1.847
877,32.34107254596754,2.9713963834505552,45.1214,1.009
879,30.09761527623433,2.7771032765509407,45.2219,2.112
88,31.16699102665857,2.045826975900919,44.50454545454546,0.55
881,30.906655422633843,2.2068494978609206,45.0043,0.582
883,30.67013979296737,1.747437323787128,44.708400000000005,0.229
884,30.598626319627837,2.4258939020535357,44.7083,1.269
886,29.937386659523437,2.5376264088780465,44.921800000000005,1.207
889,32.40049377711545,1.8323763955083028,44.370375,0.549
89,30.05708527559445,2.2108895254044465,44.3146,0.229
890,29.839226858567706,3.0283659301331345,44.93514285714286,1.514
892,29.819217784009382,2.170291101153709,43.929857142857145,0.733
893,30.60876602761982,3.328035403586027,45.64933333333334,2.795
895,30.47430670572409,2.7619431284449987,45.697,0.43
896,34.53492419676092,2.9228582470572606,45.921125,1.05
898,29.90244086258731,2.0622481383168374,44.430875,1.145
899,31.52751515574984,2.4574229404777626,45.045375,0.913
90,29.740348852211923,2.230418087213072,44.5435,0.802
900,31.335483229791166,7.183872715451984,32.579,9.059
901,29.89585122551279,5.240460049730955,41.2557,2.97
902,30.110403918252764,4.3133906590096815,43.1304,2.818
903,29.847989130657567,2.831835894538798,44.101699999999994,0.069
905,31.951504344892385,3.5168575722464457,42.938,3.345
906,34.659975581268604,3.10145772457193,44.014199999999995,1.649
907,30.058283110987432,2.704532713988715,44.428428571428576,1.242
908,33.380786791280194,4.281620618880526,46.0955,3.263
909,30.11714490961054,2.6982334229852087,46.118,1.194
91,30.056376051271606,2.766476432759502,45.337857142857146,1.463
911,29.9649204584117,1.932576663447933,44.80022222222222,0.413
913,33.05663038733199,1.9601098551421225,44.6285,0.962
915,34.30772360231899,2.9156088920233323,45.32916666666666,2.087
917,29.731205271179856,1.8794505130327168,44.12066666666666,0.618
918,29.856022193824863,2.715714185688471,44.7405,1.712
919,29.90221396671217,1.7718883310440596,44.8765,0.412
92,33.06873811943947,2.818614537492969,46.11816666666666,1.122
920,29.8296518089969,2.462798374932504,45.01283333333333,0.861
921,30.0553164416362,2.509617030533376,45.4975,0.668
922,33.71347173272415,2.0883771199291714,45.499,0.358
923,33.92171346512737,2.0315700169699915,45.516285714285715,0.716
925,34.47085527401195,2.1796768140141145,44.633428571428574,1.225
926,31.097128153245375,3.5265319826183075,46.27628571428572,2.315
927,34.70928309480216,2.1974842232169918,46.73314285714285,0.263
928,29.6517220578614,2.714367511031666,47.026857142857146,1.504
93,30.049772978620876,2.9292077202255036,46.551666666666655,1.074
930,34.68572841325404,2.1497963402004414,44.6667,1.966
932,28.40035504251706,2.1087136731334413,43.91028571428572,0.71
933,33.46095052512717,2.4254270941602774,44.51542857142857,0.778
934,30.073764496635732,2.811214539152811,45.16142857142857,1.339
935,29.973530150446344,2.7693719953358213,45.761428571428574,0.74
936,33.38021831578709,1.7650194028879518,45.65242857142857,0.549
937,34.514269676827986,1.9512165730458324,45.58883333333333,0.453
938,30.961755003763795,1.8470022449647399,45.182857142857145,0.426
939,29.93629270659082,2.1760588272728234,45.3422,0.263
940,25.234417278627546,2.6442372440481847,45.7098,0.74
941,35.02800448459566,2.9238453490846132,45.77514285714285,0.883
943,34.752792442136176,1.7233063529993193,45.4831,0.096
944,32.94405750113459,2.7915989703706865,45.814699999999995,1.456
946,33.40804278564352,2.4445450014538137,44.5489,2.525
947,31.317178126445736,2.5286028862584278,45.5236,0.191
948,30.04547098510231,1.8767606614640655,45.44288888888889,0.382
949,32.4436429536151,3.3070868815009122,46.257,3.04
95,35.06167677296405,2.8438019563538073,45.64466666666666,1.313
950,32.02522730893776,1.993421916545875,46.848777777777784,0.358
951,30.007652339633523,1.7998963194019604,45.843599999999995,0.238
953,29.670649711469974,3.0412222811931637,45.4676,2.047
954,33.883797985868036,2.9759098151292087,46.77409090909091,1.814
956,29.905729648247323,1.4332081010607258,44.62988888888889,0.091
957,30.0155734598068,3.382086173896923,45.300875,3.218
960,32.342669671558426,2.398632821217628,45.07442857142857,1.641
962,30.751496337471615,2.4297484317520315,44.70471428571428,1.039
964,30.518958280543785,3.272263033422928,45.30842857142857,2.675
966,30.00878199475031,3.1283430969115247,45.417142857142856,2.212
967,33.75491997834349,2.8178554729510514,46.792375,0.788
970,29.78717609506417,2.947530901210488,46.401900000000005,1.814
971,30.00263100474373,2.739116445721256,46.913333333333334,1.36
973,33.08971665811889,2.905751566065723,46.30028571428572,1.479
974,29.892203297281913,2.3720408059196965,46.941428571428574,0.931
976,33.89695688114986,1.9592314800663355,44.725,1.244
977,33.703717091709535,1.663095315198567,44.89711111111111,0.092
978,34.15820285162537,1.786562403914531,44.642199999999995,0.206
98,33.776185571984165,2.839320111965098,45.6845,2.156
980,29.644230695568154,2.9247473105437014,44.454699999999995,2.409
981,30.061738040136962,2.8582186394306204,45.36828571428572,1.05
984,30.78213603381268,1.944439688469094,44.47166666666666,0.916
985,31.04149624995432,2.156781343943706,44.91866666666666,0.392
987,30.269260573083287,3.546197923825466,45.101125,3.368
988,27.965240709386872,2.4179397096089756,45.71233333333333,0.382
989,29.980959213425063,2.1066130523175053,45.068333333333335,0.259
990,31.83392002471865,1.9758657416730099,44.76583333333333,0.366
991,31.05357965575471,1.9014753743231516,44.575,0.138
993,29.341490873862675,3.63647441974558,44.6373,4.193
995,33.8793100900217,1.6816855139202014,44.103142857142856,0.206
996,29.183915861739482,2.3112108505092053,44.0015,0.688
997,29.83144053646461,3.359788706062874,45.1278,2.689
998,29.44912442700174,2.2991127687966153,45.54933333333334,0.382
