scenario_id,scenario_title_zh,variant,model,tte_h,min_headroom_margin,p_cutoff,temp_peak_C,temp_end_C
S0_standby,待机/轻后台,baseline,model1,25.473797895941487,0.9723842585926505,1.0,25.0,25.0
S0_standby,待机/轻后台,baseline,model2,25.438711108718238,0.9720944342812325,1.0,25.0,24.349193875522797
S0_standby,待机/轻后台,baseline,model3,25.438711108718238,0.9720944342812325,1.0,25.0,24.349193875522797
S0_standby,待机/轻后台,cold_outdoor,model1,25.473797895941487,0.9723842585926505,1.0,25.0,25.0
S0_standby,待机/轻后台,cold_outdoor,model2,23.956186599915156,0.9606365421260079,1.0,25.0,-3.6548729161550155
S0_standby,待机/轻后台,cold_outdoor,model3,23.956186599915156,0.9606365421260079,1.0,25.0,-3.6548729161550155
S0_standby,待机/轻后台,hot_summer,model1,25.473797895941487,0.9723842585926505,1.0,25.0,25.0
S0_standby,待机/轻后台,hot_summer,model2,25.51495926437888,0.9791861706765662,1.0,41.45003933951681,41.348143238650536
S0_standby,待机/轻后台,hot_summer,model3,25.51495926437888,0.9791861706765662,1.0,41.45003933951681,41.348143238650536
S1_video,视频播放/视频流,baseline,model1,5.023901811267082,0.9212330149699671,1.0,25.0,25.0
S1_video,视频播放/视频流,baseline,model2,5.035718979037112,0.9266087821743406,1.0,29.78092162905774,29.78078106447764
S1_video,视频播放/视频流,baseline,model3,5.035718979037112,0.9266087821743406,1.0,29.78092162905774,29.78078106447764
S1_video,视频播放/视频流,cold_outdoor,model1,5.023901811267082,0.9212330149699671,1.0,25.0,25.0
S1_video,视频播放/视频流,cold_outdoor,model2,4.74422946574718,0.895523980579356,1.0,25.0,1.8501560640684065
S1_video,视频播放/视频流,cold_outdoor,model3,4.74422946574718,0.895523980579356,1.0,25.0,1.8501560640684065
S1_video,视频播放/视频流,hot_summer,model1,5.023901811267082,0.9212330149699671,1.0,25.0,25.0
S1_video,视频播放/视频流,hot_summer,model2,5.077842473146772,0.9462235550141637,1.0,46.73886764506394,46.73879149356026
S1_video,视频播放/视频流,hot_summer,model3,5.077842473146772,0.9462235550141637,1.0,46.73886764506394,46.73879149356026
S2_navigation,导航（GPS + 地图数据）,baseline,model1,5.898822028721833,0.9200003431799655,1.0,25.0,25.0
S2_navigation,导航（GPS + 地图数据）,baseline,model2,5.908753302682269,0.9242258115057342,1.0,29.01044774760635,28.773319565690194
S2_navigation,导航（GPS + 地图数据）,baseline,model3,5.908753302682269,0.9242258115057342,1.0,29.01044774760635,28.773319565690194
S2_navigation,导航（GPS + 地图数据）,cold_outdoor,model1,5.898822028721833,0.9200003431799655,1.0,25.0,25.0
S2_navigation,导航（GPS + 地图数据）,cold_outdoor,model2,5.56148785742474,0.8918438376189464,1.0,25.0,0.8196512077130371
S2_navigation,导航（GPS + 地图数据）,cold_outdoor,model3,5.56148785742474,0.8918438376189464,1.0,25.0,0.8196512077130371
S2_navigation,导航（GPS + 地图数据）,hot_summer,model1,5.898822028721833,0.9200003431799655,1.0,25.0,25.0
S2_navigation,导航（GPS + 地图数据）,hot_summer,model2,5.952205738689261,0.9441018368888278,1.0,45.979443092100155,45.74236443629321
S2_navigation,导航（GPS + 地图数据）,hot_summer,model3,5.952205738689261,0.9441018368888278,1.0,45.979443092100155,45.74236443629321
S3_gaming,游戏（高 CPU/GPU 负载）,baseline,model1,3.827204454628472,0.8939433540899353,1.0,25.0,25.0
S3_gaming,游戏（高 CPU/GPU 负载）,baseline,model2,3.844282406781633,0.9040705477335133,1.0,31.907272878319425,31.857710474966563
S3_gaming,游戏（高 CPU/GPU 负载）,baseline,model3,3.844282406781633,0.9040705477335133,1.0,31.907272878319425,31.857710474966563
S3_gaming,游戏（高 CPU/GPU 负载）,cold_outdoor,model1,3.827204454628472,0.8939433540899353,1.0,25.0,25.0
S3_gaming,游戏（高 CPU/GPU 负载）,cold_outdoor,model2,3.622920598561257,0.8626696780901464,1.0,25.0,3.9726654464017974
S3_gaming,游戏（高 CPU/GPU 负载）,cold_outdoor,model3,3.622920598561257,0.8626696780901464,1.0,25.0,3.9726654464017974
S3_gaming,游戏（高 CPU/GPU 负载）,hot_summer,model1,3.827204454628472,0.8939433540899353,1.0,25.0,25.0
S3_gaming,游戏（高 CPU/GPU 负载）,hot_summer,model2,3.8863067062859145,0.9290626504223652,1.0,48.841668792242466,48.78825803037372
S3_gaming,游戏（高 CPU/GPU 负载）,hot_summer,model3,3.8863067062859145,0.9290626504223652,1.0,48.841668792242466,48.78825803037372
S4_mixed_day,混合使用（标准一天）,baseline,model1,18.07777199111314,0.9389897559856231,1.0,25.0,25.0
S4_mixed_day,混合使用（标准一天）,baseline,model2,18.06666088767004,0.9433176039354347,1.0,29.74481121612564,24.351408296178132
S4_mixed_day,混合使用（标准一天）,baseline,model3,18.06666088767004,0.9433176039354347,1.0,29.74481121612564,24.351408296178132
S4_mixed_day,混合使用（标准一天）,cold_outdoor,model1,18.07777199111314,0.9389897559856231,1.0,25.0,25.0
S4_mixed_day,混合使用（标准一天）,cold_outdoor,model2,16.61313106546718,0.9170898528188349,1.0,25.0,-3.6502291976540477
S4_mixed_day,混合使用（标准一天）,cold_outdoor,model3,16.61313106546718,0.9170898528188349,1.0,25.0,-3.6502291976540477
S4_mixed_day,混合使用（标准一天）,hot_summer,model1,18.07777199111314,0.9389897559856231,1.0,25.0,25.0
S4_mixed_day,混合使用（标准一天）,hot_summer,model2,18.15604771749634,0.9587358467525714,1.0,46.70987155876137,41.34994872126
S4_mixed_day,混合使用（标准一天）,hot_summer,model3,18.15604771749634,0.9587358467525714,1.0,46.70987155876137,41.34994872126
S5_burst_recovery,高负载→休止：恢复效应演示,baseline,model1,10.045429075138557,0.890441214150659,1.0,25.0,25.0
S5_burst_recovery,高负载→休止：恢复效应演示,baseline,model2,10.04935329611934,0.8926384976676411,1.0,29.488367828388583,26.544956143221633
S5_burst_recovery,高负载→休止：恢复效应演示,baseline,model3,10.04935329611934,0.8926384976676411,1.0,29.488367828388583,26.544956143221633
S5_burst_recovery,高负载→休止：恢复效应演示,cold_outdoor,model1,10.045429075138557,0.890441214150659,1.0,25.0,25.0
S5_burst_recovery,高负载→休止：恢复效应演示,cold_outdoor,model2,9.384918197076328,0.8498329164553127,1.0,25.0,-1.3490548330354255
S5_burst_recovery,高负载→休止：恢复效应演示,cold_outdoor,model3,9.384918197076328,0.8498329164553127,1.0,25.0,-1.3490548330354257
S5_burst_recovery,高负载→休止：恢复效应演示,hot_summer,model1,10.045429075138557,0.890441214150659,1.0,25.0,25.0
S5_burst_recovery,高负载→休止：恢复效应演示,hot_summer,model2,10.085712546935445,0.9203027607318944,1.0,46.3734551310058,44.613226530487424
S5_burst_recovery,高负载→休止：恢复效应演示,hot_summer,model3,10.085712546935445,0.9203027607318942,1.0,46.3734551310058,44.61322653048742
