phone,test,group_id,label,link,proto,role,obs_mean_power_W,obs_throughput_MBps,E_batt_Wh_assumed,tte_obs_equiv_h,cpu_load_used,tte_model_mean_h,tte_model_p05_h,tte_model_p95_h,avg_power_model_W,n,p_cutoff,p_soc_min,p_insufficient_power
Mini,smartphoneBaseline,none/none/baseline,Mini:smartphoneBaseline,none,none,baseline,1.3207612040133785,,14.8,11.205659247884816,0.05,16.129117606005146,16.110400930029652,16.14997268991503,0.889422032867075,10,1.0,0.0,0.0
Note 4,smartphoneBaseline,none/none/baseline,Note 4:smartphoneBaseline,none,none,baseline,1.3903802675585288,,14.8,10.64456993912062,0.05,16.129117606005146,16.110400930029652,16.14997268991503,0.889422032867075,10,1.0,0.0,0.0
Mega,smartphoneBaseline,none/none/baseline,Mega:smartphoneBaseline,none,none,baseline,1.4051515050167231,,14.8,10.532672062165895,0.05,16.129117606005146,16.110400930029652,16.14997268991503,0.889422032867075,10,1.0,0.0,0.0
Note 3,smartphoneBaseline,none/none/baseline,Note 3:smartphoneBaseline,none,none,baseline,1.887714046822743,,14.8,7.840170509357727,0.05,16.129117606005146,16.110400930029652,16.14997268991503,0.889422032867075,10,1.0,0.0,0.0
Mega,smartphoneClientUdpRouter,router/udp/client,Mega:smartphoneClientUdpRouter,router,udp,client,3.1475826377295477,0.1312360335195533,14.8,4.702021107434915,0.1839370810055866,9.08593983167328,9.084728397815132,9.086580913845546,1.5675692569953568,10,1.0,0.0,0.0
Mega,smartphoneServerUdpDirect,direct/udp/server,Mega:smartphoneServerUdpDirect,direct,udp,server,3.1543724540901503,3.7875,14.8,4.6918999627990745,0.293625,3.7158710781868303,3.715567732686756,3.716059337256812,3.752791413972904,10,1.0,0.0,0.0
Mega,smartphoneServerTcpDirect,direct/tcp/server,Mega:smartphoneServerTcpDirect,direct,tcp,server,3.1593926544240407,5.5,14.8,4.684444644535027,0.345,2.884576282946139,2.8843988547592048,2.884734079735667,4.791809838646704,10,1.0,0.0,0.0
Mega,smartphoneServerUdpRouter,router/udp/server,Mega:smartphoneServerUdpRouter,router,udp,server,3.177496500000001,0.132414772727273,14.8,4.657754933797722,0.1839724431818181,9.081691306889416,9.080549690636564,9.082478055724192,1.568265656500715,10,1.0,0.0,0.0
Mini,smartphoneServerUdpDirect,direct/udp/server,Mini:smartphoneServerUdpDirect,direct,udp,server,3.2113856427378957,5.2456698895027625,14.8,4.608602530645347,0.3373700966850829,2.984680240820305,2.984476823279166,2.9848537188900917,4.636956928881561,10,1.0,0.0,0.0
Mega,smartphoneServerTcpRouter,router/tcp/server,Mega:smartphoneServerTcpRouter,router,tcp,server,3.3295699499165266,3.35,14.8,4.445018492664809,0.2804999999999999,4.006505833657232,4.006111399176074,4.006764555075424,3.488818631293507,10,1.0,0.0,0.0
Mini,smartphoneServerTcpDirect,direct/tcp/server,Mini:smartphoneServerTcpDirect,direct,tcp,server,3.409427045075124,5.3875,14.8,4.340905320551856,0.3416249999999999,2.9280047026778497,2.9276799352314153,2.928224223764702,4.723289657396811,10,1.0,0.0,0.0
Note 4,smartphoneServerTcpRouter,router/tcp/server,Note 4:smartphoneServerTcpRouter,router,tcp,server,3.482661769616027,3.3375,14.8,4.249623127092167,0.2801249999999999,4.015454907541255,4.015069003806346,4.015711956969253,3.4812833341028075,10,1.0,0.0,0.0
Mini,smartphoneServerUdpRouter,router/udp/server,Mini:smartphoneServerUdpRouter,router,udp,server,3.5247385642737883,4.459806629834251,14.8,4.19889297606652,0.3137941988950275,3.340427847364656,3.3398837356466053,3.340716961120038,4.159652541374543,10,1.0,0.0,0.0
Mega,smartphoneClientTcpRouter,router/tcp/client,Mega:smartphoneClientTcpRouter,router,tcp,client,3.5251801335559265,2.3375,14.8,4.198367016516378,0.250125,4.880454846859784,4.880056436137136,4.880758459394888,2.8803240647530126,10,1.0,0.0,0.0
Mega,smartphoneClientUdpDirect,direct/udp/client,Mega:smartphoneClientUdpDirect,direct,udp,client,3.619154257095165,6.500441176470592,14.8,4.089353188244288,0.3750132352941178,2.5460928256820865,2.545828970528333,2.546217899551048,5.402716342869658,10,1.0,0.0,0.0
Note 4,smartphoneServerUdpRouter,router/udp/server,Note 4:smartphoneServerUdpRouter,router,udp,server,3.630217820050075,4.4470994475138115,14.8,4.076890350286432,0.3134129834254143,3.346941257789561,3.3466594492919772,3.3471378394208617,4.151952694916798,10,1.0,0.0,0.0
Note 4,smartphoneServerUdpDirect,direct/udp/server,Note 4:smartphoneServerUdpDirect,direct,udp,server,3.655809849749583,10.60766574585636,14.8,4.048350600350228,0.4982299723756907,1.7288937300158018,1.7288352721555185,1.7289537173304377,7.828006842061694,10,1.0,0.0,0.0
Mini,smartphoneServerTcpRouter,router/tcp/server,Mini:smartphoneServerTcpRouter,router,tcp,server,3.674677629382304,3.7875,14.8,4.027564181864794,0.293625,3.7158710781868303,3.715567732686756,3.716059337256812,3.752791413972904,10,1.0,0.0,0.0
Mini,smartphoneClientTcpDirect,direct/tcp/client,Mini:smartphoneClientTcpDirect,direct,tcp,client,3.702029549248749,5.375,14.8,3.997807095570957,0.34125,2.932958718559554,2.9327546307614596,2.9331340824198153,4.715681155845904,10,1.0,0.0,0.0
Mini,smartphoneClientUdpDirect,direct/udp/client,Mini:smartphoneClientUdpDirect,direct,udp,client,3.734288480801333,6.182790055248616,14.8,3.9632717386697727,0.3654837016574584,2.645051557604332,2.644851390303525,2.6451563931870252,5.208462797449473,10,1.0,0.0,0.0
Note 3,smartphoneServerUdpRouter,router/udp/server,Note 3:smartphoneServerUdpRouter,router,udp,server,3.749065275459101,3.8089088397790056,14.8,3.9476506575862778,0.2942672651933701,3.702679791754,3.702374322155789,3.702868155211752,3.765728433716253,10,1.0,0.0,0.0
Mega,smartphoneClientTcpDirect,direct/tcp/client,Mega:smartphoneClientTcpDirect,direct,tcp,client,3.760465833333333,5.325,14.8,3.935682613789648,0.33975,2.9527103951656404,2.952489052685703,2.9529057872632007,4.685237348869581,10,1.0,0.0,0.0
Note 3,smartphoneServerUdpDirect,direct/udp/server,Note 3:smartphoneServerUdpDirect,direct,udp,server,3.906926043405675,5.840262430939227,14.8,3.7881443967899666,0.3552078729281768,2.760272638327197,2.760086820431533,2.7603942170506106,4.999272609360547,10,1.0,0.0,0.0
Note 4,smartphoneServerTcpDirect,direct/tcp/server,Note 4:smartphoneServerTcpDirect,direct,tcp,server,3.996828547579299,10.2375,14.8,3.702935921272805,0.487125,1.7794742605624765,1.7794143742338129,1.7795339530467282,7.6150183198304,10,1.0,0.0,0.0
Mini,smartphoneClientTcpRouter,router/tcp/client,Mini:smartphoneClientTcpRouter,router,tcp,client,4.1004165275459075,3.3125,14.8,3.609389412167299,0.279375,4.033443714747007,4.0330830909583435,4.03370666355789,3.4662266368215255,10,1.0,0.0,0.0
Mini,smartphoneClientUdpRouter,router/udp/client,Mini:smartphoneClientUdpRouter,router,udp,client,4.121402166666671,2.4903314917127077,14.8,3.591010874818368,0.2547099447513812,4.725906322599269,4.725480478391183,4.726167957585857,2.97193379854398,10,1.0,0.0,0.0
Note 4,smartphoneClientUdpRouter,router/udp/client,Note 4:smartphoneClientUdpRouter,router,udp,client,4.256428046744575,5.269044502617801,14.8,3.4770939006755723,0.338071335078534,2.9752016553104403,2.9749980894466383,2.9753750900458726,4.651184727494374,10,1.0,0.0,0.0
Note 4,smartphoneClientTcpRouter,router/tcp/client,Note 4:smartphoneClientTcpRouter,router,tcp,client,4.260006844741233,4.725,14.8,3.474172821639915,0.32175,3.2117098791896246,3.2113639200421145,3.21194208297895,4.320505519631825,10,1.0,0.0,0.0
Note 3,smartphoneServerTcpDirect,direct/tcp/server,Note 3:smartphoneServerTcpDirect,direct,tcp,server,4.397307512520868,5.175,14.8,3.365695930488956,0.33525,3.0136857067514087,3.0134845039483182,3.0138646252538455,4.593954927772956,10,1.0,0.0,0.0
Note 3,smartphoneServerTcpRouter,router/tcp/server,Note 3:smartphoneServerTcpRouter,router,tcp,server,4.500196828046743,3.2875,14.8,3.288745040608316,0.278625,4.051609007669315,4.051222078678855,4.051872029141913,3.451162675157554,10,1.0,0.0,0.0
Note 3,smartphoneClientUdpRouter,router/udp/client,Note 3:smartphoneClientUdpRouter,router,udp,client,4.574386477462438,3.6361878453038674,14.8,3.2354065562492753,0.289085635359116,3.8116231012989426,3.8110542783718873,3.8118864967410455,3.6614400163937098,10,1.0,0.0,0.0
Note 3,smartphoneClientTcpRouter,router/tcp/client,Note 3:smartphoneClientTcpRouter,router,tcp,client,5.0854193656093445,3.175,14.8,2.910281126486141,0.27525,4.135319855536669,4.13492521034069,4.135596689234161,3.3833956686983937,10,1.0,0.0,0.0
Note 4,smartphoneClientUdpDirect,direct/udp/client,Note 4:smartphoneClientUdpDirect,direct,udp,client,5.186716360600999,10.0939226519337,14.8,2.853443097915052,0.4828176795580109,1.7996017286036807,1.7995438640145738,1.799665647878737,7.5335195765197795,10,1.0,0.0,0.0
Note 4,smartphoneClientTcpDirect,direct/tcp/client,Note 4:smartphoneClientTcpDirect,direct,tcp,client,5.375932554257092,9.8625,14.8,2.753010728953469,0.475875,1.8326241022284917,1.8325673276375711,1.832681628283554,7.403604522290655,10,1.0,0.0,0.0
Note 3,smartphoneClientUdpDirect,direct/udp/client,Note 3:smartphoneClientUdpDirect,direct,udp,client,5.466472454090146,5.9274171270718226,14.8,2.707413258604511,0.3578225138121547,2.730053187662609,2.729871516988184,2.730175419844868,5.0524765146171475,10,1.0,0.0,0.0
Note 3,smartphoneClientTcpDirect,direct/tcp/client,Note 3:smartphoneClientTcpDirect,direct,tcp,client,6.015519699499161,5.3375,14.8,2.4603028066273667,0.340125,2.947784078400284,2.9475859284994947,2.9479567829401176,4.692844815323327,10,1.0,0.0,0.0
