phone_test_id,cpu_load,gpu_load,obs_cpu_w,obs_gpu_w
-1,0.9601354695340502,0.9844655555555556,4.554146475690399,0.4536255937392616
1,0.593107329810901,0.92086,2.446225965110628,0.40048342663085185
10,0.42862732431096273,0.5098211111111111,1.4293390040932437,0.15718015955429113
100,0.40860287430478304,0.7027044444444445,0.9484719175261918,0.277711572370933
101,0.3340899579780003,0.6569233333333333,0.6601688329030952,0.2035016893842544
102,0.3704215380669881,0.70633,0.7129650233977457,0.2498531940899392
103,0.45036898331479425,0.6989122222222223,1.6497746405288283,0.2689380000660987
104,0.44412640557409466,0.6851644444444445,1.11134102302642,0.2721783740636741
105,0.3445784872080089,0.6570255555555555,0.6707671656062173,0.20148634901615492
106,0.43047930515387467,0.49242444444444444,1.4495254358932141,0.14852970488474204
107,0.40676092602892105,0.7565844444444444,0.9345517325824885,0.2523330810612381
108,0.3652618125695217,0.7385955555555556,0.6643372276630614,0.2635088693884984
109,0.37413155907798784,0.7334966666666667,0.7051376064792462,0.2708946544604961
11,0.39280382981090095,0.2625,0.694554172164297,0.07562756503555439
110,0.4887072143121987,0.7636188888888888,1.1867658584080767,0.28724402672327887
111,0.44075015572858733,0.69532,1.796897690244586,0.24656531985270577
112,0.4145706098133729,0.68062,0.9150679357344326,0.2200479058838844
113,0.4390201447287109,0.7522155555555555,0.9814950936972343,0.2842776756914119
114,0.43799429365962184,0.7071055555555555,1.637399083399112,0.22681969926413154
115,0.41952259974045236,0.68503,0.9185704115895678,0.263323681027984
116,0.42764382523791866,0.7437255555555555,1.0823961276535239,0.259870688963185
117,0.4284048453837598,0.71747,1.6040717629666623,0.2580689334748408
118,0.4066323987764182,0.68753,0.911013174010067,0.22726050498720693
119,0.3362293778272154,0.6682977777777778,0.631872271648242,0.21555986501537694
12,0.31258779032258066,0.4144833333333333,0.5876612929883511,0.11534597599044098
120,0.32990615727351374,0.6657566666666667,0.6030680185359357,0.24661878520830735
121,0.43421805796564084,0.7274944444444444,0.9874338455674715,0.25908714985919834
122,0.3701298550241009,0.7262755555555556,0.6873321844914732,0.2777717851906641
123,0.4426406677790137,0.77,0.9908497836478503,0.29559196630153844
124,0.44201406365097023,0.8001111111111111,0.9471970659290403,0.2701457499409943
125,0.2633623320973921,0.24489222222222223,0.42020931406712736,0.06737709795696802
126,0.21482578074403658,0.15386111111111112,0.2727021998714712,0.034707352739788894
127,0.8043737441601779,0.9106088888888889,3.0145629877183233,0.3822943969753503
128,0.44541019657644293,0.7395077777777778,1.1123559775483145,0.2665685680311734
129,0.4100594585959708,0.6931833333333334,0.9239864131728385,0.2450654904379124
13,0.514975966197009,0.9320855555555555,1.4092844056610228,0.3906439817412127
130,0.34141011939191696,0.7073244444444444,0.6065388541227458,0.2302150712381092
131,0.4226891212458287,0.6159011111111111,1.5283852194339491,0.19975448737746407
132,0.41583753503893217,0.6573022222222222,1.5052669642234047,0.23392478864919647
133,0.4332524315906563,0.6780433333333333,1.5003777639415392,0.2235214289107102
134,0.4119761588802373,0.2973622222222222,0.9293582061353096,0.09131589302841743
135,0.3985642945247806,0.7220766666666667,0.8994114637512982,0.2411097904584527
136,0.3415691827339019,0.6607333333333333,0.6585474130248354,0.19471560602302174
137,0.333417119515511,0.6727888888888889,0.5877937455594797,0.22535449622706522
138,0.45012084760845383,0.7242866666666666,1.1210204276064244,0.25473696496675885
139,0.32104614806575205,0.5911122222222223,0.5564133703601744,0.16367625676109643
14,0.34456432801878634,0.6580422222222222,0.6635227030053429,0.2128403746725539
140,0.3371149917191942,0.6751,0.616609367316408,0.2202870018719139
141,0.34333795235446796,0.6934611111111111,0.618004445414462,0.23127842802763077
142,0.4372113702879743,0.6739444444444445,1.5569751015123374,0.256490381337174
143,0.3373082481769868,0.7213011111111111,0.6454645518782187,0.2350079423918806
144,0.33392898312940306,0.6722777777777778,0.6025297466371027,0.23022632144731492
145,0.45065501464590285,0.69942,1.084150865774756,0.22874270601308624
146,0.3452496814979607,0.6675044444444445,0.6572467042904291,0.21223002298625465
147,0.4445682246941046,0.7319155555555555,1.702310158652325,0.270627998054567
148,0.4050632538623162,0.35359444444444443,0.7741681289335759,0.09977952546251737
149,0.46098051872450874,0.7671233333333334,1.1044237011504763,0.2653976173929606
15,0.5645298988382152,0.5614055555555556,1.4338620955513066,0.1660054717175151
150,0.6267445412186379,0.97331,3.192400635291905,0.42783573385749757
151,0.7822455502410085,0.91903,3.6876241526863307,0.4022648167979452
152,0.8425395234828821,0.9727533333333334,3.6036922758200047,0.45081905681139633
153,0.465592927079471,0.2852866666666667,1.2574769013087594,0.08562046978128361
154,0.7480531902113459,0.9012788888888889,4.659250298170856,0.4185775374373599
155,0.45027286064763317,0.3287388888888889,1.0972711593262459,0.09586716000920598
156,0.49235050030898525,0.8388166666666667,1.4047854735019973,0.3113050644497229
157,0.7338412508960573,0.9250322222222223,2.6979421511962527,0.3741012151820752
158,0.49765620949202816,0.9117955555555556,1.3411064123702177,0.39012684005979076
159,0.6173862709183042,0.6934411111111111,1.6392715343242497,0.24078152166492317
16,0.4335005005561735,0.6907144444444444,1.6765270634952594,0.2565818395502978
160,0.4662886071560993,0.8548588888888888,1.1237536059631839,0.3139050566539501
161,0.47167680435051285,0.92241,1.4203095110219273,0.38301486233718857
162,0.39426156834754666,0.7294677777777778,1.072164792071663,0.26516183214300193
163,0.6787375291682115,0.9178311111111112,2.398967011466005,0.3961325056841762
164,0.6126789497589915,0.9178755555555556,1.6278002595422747,0.3796512342392337
165,0.25573026622172784,0.2632,0.41351172651131374,0.07501061118993328
166,0.4969550302187616,0.898,1.5657044321778224,0.343035420538678
167,0.6481477858113953,0.9571533333333333,2.27703927773075,0.42022762089077
168,0.3323560315164998,0.6799922222222222,0.6504188787890762,0.24696560882108837
169,0.4689930566679026,0.8870322222222222,1.151560620614859,0.35799074340734416
17,0.4304320177975528,0.6860555555555555,1.5287555750407962,0.22070503744135767
170,0.4055495381287851,0.5383611111111111,0.8444050621812016,0.14684749784508735
171,0.2713166965146459,0.2925211111111111,0.46789406743132816,0.08421127590349581
172,0.5390679178717094,0.9467011111111111,1.7910544813087714,0.42754306227840294
173,0.36823910845383756,0.5450277777777778,0.7835431111994364,0.1555782173392372
174,0.622639541156841,0.7384566666666667,1.7204173855665295,0.26965447760799405
175,0.4678363796811272,0.86046,1.1202068188319732,0.33097934374092114
176,0.48606289890001236,0.9039133333333333,1.2108818624220998,0.3671033237032987
177,0.42618194883203564,0.6939166666666666,1.690099657792181,0.2520778421686747
178,0.33994530533926587,0.7208622222222222,0.6464776870832574,0.2415559390781563
179,0.4289290808305524,0.7179455555555555,0.9220400425183903,0.23753542757128637
18,0.406233475775553,0.6830588888888889,0.9522840256517286,0.28292253601606493
180,0.43693644283772093,0.6535455555555556,0.9518189199358924,0.2257100660177475
181,0.5739615350389321,0.8912433333333334,2.4489768747597505,0.34969870568362993
182,0.33070228766530707,0.6402844444444444,0.6471740326596394,0.20789225852426169
183,0.3317416883574342,0.65719,0.6173634699943743,0.19685150196399342
184,0.4118964626745767,0.11084777777777778,0.8925483178902213,0.031740200984789385
185,0.5703387565195895,0.7153266666666667,1.5335014295344245,0.25649574583266677
186,0.2702732220368311,0.2916166666666667,0.4329628370421089,0.08287350713097916
187,0.5291348529847979,0.9341444444444444,1.5966413110607225,0.4060374352909524
188,0.6029278801137066,0.07085222222222222,2.5192128828694624,0.030076742934420444
189,0.33365802119639104,0.6723088888888888,0.6098144502776116,0.24493775561440223
19,0.44569690131009765,0.7003466666666667,1.1001595546107392,0.2638925813530276
190,0.42104222469410457,0.6700444444444444,1.6163346289570757,0.23851091803663493
191,0.33327185576566554,0.6692711111111111,0.605669538863049,0.23349247846902307
192,0.42641884538375974,0.6696855555555555,1.6583641398176032,0.2513072835037115
193,0.34550999054505005,0.6920555555555555,0.679952760263456,0.24026085377128953
194,0.42094147787665304,0.6894288888888889,0.9102084089090443,0.2701893213912153
195,0.4526558621925596,0.7118411111111111,1.0909612312629091,0.25651655140159335
196,0.32860554134223213,0.7191511111111111,0.9211907071670514,0.28178122128560434
197,0.35570563298726976,0.69085,0.7179677571548453,0.24599176354845156
198,0.49033391682115923,0.9057666666666667,1.2056585835444094,0.373703615222463
199,0.4208452878506983,0.17517333333333332,0.6842030662659653,0.05091414502392155
2,0.8632046760598194,0.34862777777777776,3.743639740859345,0.12313557056594134
20,0.34597910369546403,0.6691311111111111,0.6644006370781245,0.21533490435227853
200,0.6344811851439872,0.9521977777777778,1.7692012545036209,0.39990931259901924
201,0.33098980682239526,0.6713033333333334,0.6144022853267571,0.251244083107275
202,0.38593432461994803,0.5747188888888889,0.8081756371272574,0.1674778363726613
203,0.49669165684093436,0.9428166666666666,1.3064467274914384,0.3823012096236996
204,0.351561873130639,0.6040722222222222,0.6356108294529428,0.17313076001382705
205,0.6619321974416018,0.9547355555555556,1.9643637243926706,0.397612708303279
206,0.45471220961562225,0.7152055555555555,1.0785858495682081,0.2591448717019797
207,0.34445453361759976,0.7024422222222222,0.6651226552080602,0.23915850749868905
208,0.3895703588555185,0.5967,0.8054139579629769,0.17718493353322587
209,0.3206639260907181,0.36017777777777776,0.6290067219029674,0.10112797632880582
21,0.44696744475342975,0.68198,1.0964060450030702,0.26819106248800517
210,0.6692185326906439,0.9423855555555556,1.9907986973186236,0.4164377364158749
211,0.40424238227660364,0.7279422222222223,0.9303595918018306,0.2570632926337762
212,0.45778214077369916,0.7181188888888889,1.1020471931321218,0.2259622996958614
213,0.3501987250648869,0.6969722222222222,0.6972489109973196,0.20729628042565104
214,0.6784788854282535,0.9117966666666667,2.5954899058165544,0.364195738286796
215,0.41227517890248416,0.6939888888888889,0.896811743520811,0.25354478034036865
216,0.3041645048819676,0.4236,0.5435718409069641,0.11910669322967281
217,0.42679468285749594,0.7124277777777778,0.9419699699746469,0.23324656867304067
218,0.4971408262884687,0.94836,1.2168326105498433,0.37750904309021827
219,0.4226020090223705,0.7107166666666667,0.9735230414466546,0.25414640475884237
22,0.4450342831541219,0.6722622222222222,1.0987435853836596,0.23865207755387302
220,0.6307317887158571,0.9395144444444444,1.7894452994762078,0.3925315515898192
221,0.3330393606476332,0.6653666666666667,0.6300588286809944,0.1948869715273095
222,0.3659790450500556,0.43361,0.7123962469562509,0.1219754915430113
223,0.48990970547521934,0.9036666666666666,1.280540157912775,0.36115731689802916
224,0.454928554937585,0.8878444444444444,1.074891337532015,0.3396912916068354
225,0.42558567296996663,0.6765488888888889,1.6749592123013648,0.23429987892769014
226,0.3916348390186627,0.6966133333333333,0.9244432367028199,0.2623757423207383
227,0.38663337195649483,0.2917177777777778,0.7561192252455676,0.08729381151823926
228,0.48271167414411076,0.9208211111111111,1.1836018273856994,0.3687551941702473
229,0.339895248485972,0.6774966666666666,0.6664124669721115,0.24501177717928282
23,0.41436319021134593,0.55902,1.4900826479821554,0.17746715196398327
230,0.4582437495365221,0.8845577777777778,1.0979436288878341,0.35763641266463625
231,0.332972757940922,0.6771777777777778,0.6198700602674514,0.2361833510537932
232,0.2488451188975405,0.20944222222222222,0.4058505241142043,0.05108709217019931
233,0.7333616921270547,0.69389,5.119959895797621,0.2547353572883117
234,0.7362404488320355,0.5429922222222222,4.483759978973554,0.1943654520009182
235,0.6811462713508837,0.7037355555555556,2.0022787682420975,0.251403148452257
236,0.6693160931899641,0.9565366666666667,2.1772201897924277,0.4125514586698799
237,0.6847509766407119,0.8891255555555555,2.9195594779012537,0.40349415843949676
238,0.6157024472871091,0.9009755555555555,1.7539694333407672,0.3725485083819648
239,0.720792489432703,0.8626555555555555,2.5079047965543713,0.36015307126534785
24,0.33753881226053645,0.6670744444444444,0.6438198561977769,0.22003390909230294
240,0.3464331428747992,0.7124888888888888,0.6605262786963925,0.24241503187676589
241,0.39686576696329257,0.1430811111111111,0.8076056848296539,0.03910680330317236
242,0.5577114660734149,0.8710033333333334,2.6364183186657257,0.3750107486280966
243,0.4025656863799283,0.21163888888888888,1.310097509522906,0.08741626884511745
244,0.39497587560252134,0.7186044444444445,0.9312364168520291,0.2172552382057231
245,0.40946156253862315,0.47240444444444446,0.8363788135137223,0.13498388572091224
246,0.42670953503893216,0.7061933333333333,1.5569891786294034,0.24733785280950588
247,0.4346965263873439,0.3899977777777778,0.984176769571412,0.11836661420706118
248,0.40185309269558767,0.6662511111111111,0.8941433384439265,0.26682769312402915
249,0.33473387220368306,0.6879322222222222,0.635285223317647,0.24859934999019567
25,0.42524599431467064,0.32883666666666667,0.9743248087622456,0.10308830459993036
250,0.3309815001853912,0.6733122222222222,0.6427380074256835,0.24748687612225406
251,0.45085141848967986,0.74618,1.1224555392302868,0.2583960056515775
252,0.3398546361389198,0.7115666666666667,0.6353040973306294,0.24758082008028803
253,0.446716931281671,0.7634077777777778,1.0980688190077046,0.26147219951739903
254,0.31674745637127677,0.47695,0.5643665910341314,0.12535463374397926
255,0.47333384872080086,0.9025533333333333,2.4396946625263007,0.36694043536452664
256,0.4291993281423804,0.6612544444444445,1.518966539398459,0.21142019890624353
257,0.34514719231244595,0.7010555555555555,0.6991445013307666,0.2519607064529628
258,0.43320443165245326,0.6883411111111111,1.0543704370893647,0.26094924302491873
259,0.30899300420219994,0.5118422222222222,0.5409828939415937,0.13272867719886078
26,0.39646506105549373,0.30942888888888886,0.7386975803822843,0.09031640605128205
260,0.4029483428500803,0.66813,0.8550420722442987,0.25129906104449296
261,0.41464516073414903,0.5974422222222222,0.9122744951299797,0.18094947385836074
262,0.332285170189099,0.6772111111111111,0.6360555779528878,0.24129402515717996
263,0.4485331176615993,0.7078688888888889,1.0985037369454063,0.27491776804123713
264,0.3992223914225683,0.6982488888888889,0.8961448823072233,0.24907600587473333
265,0.41146485409714495,0.7288833333333333,0.9096332636767421,0.25810175081761005
266,0.4447800215053763,0.6893155555555556,1.1016364099584721,0.2714266397385299
267,0.34683468038561366,0.6845955555555555,0.7325489072823155,0.2503392688591901
268,0.29839456062291436,0.3688688888888889,0.49703543459561345,0.10595105884419312
269,0.5778565695216908,0.8872233333333334,2.684606321333333,0.3877451770974864
27,0.4984043925967124,0.9403344444444445,1.1969456901517097,0.3816385216336676
270,0.41547563144234334,0.29489333333333334,0.9274669429263338,0.0920140618930427
271,0.4632524034111976,0.7246222222222222,1.1530425964659416,0.26559033072757626
272,0.44899613780744035,0.6911855555555556,1.0789758671416723,0.26828042367577754
273,0.3145674590285502,0.6859422222222222,0.9207045828507042,0.23272524988166343
274,0.391901625818811,0.25296444444444444,0.7229551002871004,0.07768026202049201
275,0.4040545766283525,0.2061477777777778,0.8500973422625296,0.06017267859665871
276,0.3926751171672228,0.12802555555555556,0.7872943594232842,0.0331021944125045
277,0.4049635663700408,0.6072522222222222,0.8611543860653782,0.1804888202959427
278,0.6090464527252503,0.7342044444444444,1.6042768423582088,0.27940314423880597
279,0.447220520084044,0.7094322222222222,1.0730907764856776,0.2439958407524583
28,0.4024518870967742,0.3324388888888889,0.789689919132886,0.10205277296224242
280,0.3438812686318131,0.6599777777777778,0.6469492599573065,0.2656211858506675
281,0.4103359652700531,0.44437666666666664,0.790986829683653,0.12298774586759581
282,0.6079443513780743,0.8830333333333333,1.7029690348421551,0.35668068688086835
283,0.3963281484365344,0.25945444444444443,0.746552606023022,0.08034987782280945
284,0.22123210517859349,0.15644222222222223,0.28767399170231467,0.03951038384903892
285,0.6480439173773329,0.26894222222222225,1.6254686244079128,0.09229450239190005
286,0.6519420047583735,0.9370677777777778,1.9335132114649178,0.39913987020808794
287,0.420951490483253,0.7122666666666667,0.8974673431533199,0.21131937509530765
288,0.45426526344086016,0.7010811111111112,1.065387476483135,0.26664211271780786
289,0.4390549763935237,0.6920922222222222,1.0804926912635922,0.2706673207828728
29,0.49838790304041525,0.91498,1.2380050256036375,0.3857824193626777
290,0.40155402793227046,0.40577555555555556,0.7800257156701309,0.11569303561113858
291,0.45212551928068223,0.6946766666666667,1.1419313011411167,0.23837810136857954
292,0.4412705384995674,0.67767,1.085175793682276,0.22893585259046523
293,0.4181870897293289,0.7340133333333333,0.9190372522311744,0.24858296283069298
294,0.32967706358917315,0.6750033333333333,0.6304915066418835,0.24610041808194283
295,0.3717215950438759,0.7128711111111111,0.7122569270778776,0.277247428654311
296,0.42814477641824245,0.6824266666666666,1.593213695925035,0.24505418172290014
297,0.4013975292918057,0.31258555555555556,1.3037344328596727,0.10518677224549734
298,0.4272368152267952,0.6756433333333334,0.912251133082163,0.21339301949381542
299,0.4783876572117167,0.82664,1.171727890348289,0.2882128532740718
3,0.4965438081819305,0.8558133333333333,1.3765545675923052,0.32511659947256155
30,0.4286618109010011,0.6719444444444445,1.654452518157729,0.2692144627439435
300,0.44633752286491163,0.6903177777777778,1.0695820000344856,0.26549028979310346
301,0.3462599441972562,0.6903388888888888,0.630385561483564,0.2466531901092167
302,0.47361185267581263,0.8275855555555556,1.1792094791002403,0.2798631652034651
303,0.41654480416512174,0.4148722222222222,0.8601226835169402,0.12284928363681716
304,0.4247036400939316,0.6211266666666667,1.5714210630478758,0.2020255101989211
305,0.42470454554443204,0.7908244444444444,0.9714379511350552,0.27676303911827604
306,0.4428509765789148,0.7329911111111111,0.9746955343509264,0.23289746026297872
307,0.45981170800889876,0.43607444444444443,1.0621299603190328,0.13219836679215374
308,0.43066601476949695,0.15514666666666665,0.7530478185511655,0.04317109740492169
309,0.5414890063033,0.6960711111111111,2.3184331183193803,0.2615612939040207
31,0.4218066346557904,0.6686122222222223,1.4876268221137676,0.2615663148094984
310,0.3365818384006921,0.6673622222222222,0.6444330250762084,0.23947231635334248
311,0.4519796033864788,0.7202411111111111,1.1265162706144816,0.22045296939214842
312,0.41366484686688915,0.6997544444444445,0.8829537119322092,0.24287214816535463
313,0.39637672759856624,0.6853344444444445,0.8778176184285335,0.2610332528294735
314,0.43070305228031147,0.6678,1.6271509295728857,0.2749991068232616
315,0.21120982641206276,0.15023777777777778,0.28448076118994703,0.03936542911733277
316,0.3469605798417995,0.69398,0.6780608474239602,0.20212891095592797
317,0.34630543146706216,0.6848555555555556,0.6744498617311143,0.25123507069092094
318,0.29902292880978865,0.31204777777777776,0.4814293309647943,0.08609805736400775
319,0.5215715781114819,0.9356966666666666,1.4499316093481331,0.39097236837813837
32,0.3884820273760969,0.15943888888888888,1.2666037640431194,0.062138468058812915
320,0.45386414293659627,0.7096066666666667,1.0940691732016825,0.2396561093669803
321,0.34475698158447654,0.6785533333333333,0.6505592546608365,0.24631998369195043
322,0.3275525702014584,0.6793877777777778,0.6231320728989536,0.2473107599640273
323,0.4036060742800643,0.13333,0.8132402188709276,0.03586500550111912
324,0.481742445989371,0.8506422222222222,1.26762387115595,0.3178096801539708
325,0.21490006000494377,0.15615444444444446,0.2767076556019858,0.04179717272272629
326,0.8567022068965516,0.8721633333333333,3.007290096087818,0.3950249439277019
327,0.397429729390681,0.68075,0.8910966563085122,0.26077071984732825
328,0.44154561284142874,0.6947155555555555,1.06494531280719,0.26280905574668256
329,0.32945233920405387,0.6786844444444444,0.6179196434850799,0.24470919102728136
33,0.45021338320355947,0.7559633333333333,1.0923060109789497,0.26599058312724994
330,0.4126278526758126,0.7313177777777777,0.9008055011802443,0.26043390530081834
331,0.40935274663206034,0.7118466666666666,0.8796817554853852,0.24234032157214183
332,0.3866528997651712,0.67263,0.8635239041029887,0.25331600775456425
333,0.38581373285131626,0.12670666666666666,0.6011021073964913,0.03317014521637427
334,0.49783633864788035,0.9170155555555556,1.2637605438861717,0.3866655505174644
335,0.34385854999382026,0.65961,0.6428367427951353,0.24932349394807957
336,0.21295133444568037,0.11693888888888888,0.2647141237703638,0.02727764152436485
337,0.5419526017797552,0.9428644444444444,1.7688330992356265,0.41181177036390826
338,0.3360451041898405,0.6535044444444444,0.6633562538272971,0.1996586924329881
339,0.6343655110616735,0.92808,1.7863410869939573,0.4089937731900944
34,0.4281151902113459,0.69466,1.4558294231745088,0.25350456797793336
340,0.4256424066864417,0.66207,1.5527052006691762,0.25749711879208664
341,0.4161498775182302,0.6888377777777778,0.8824891490172152,0.25119955398561783
342,0.3422361558521815,0.7069866666666667,0.6228178628225344,0.23354263111381884
343,0.2965218119515511,0.35455888888888887,0.5213882565876737,0.10218365441642378
344,0.3395684050179211,0.6834522222222222,0.6402500764775215,0.1951374744653982
345,0.4114374231862563,0.7037,0.9317860102896451,0.2726525196698164
346,0.42823581090100116,0.6921322222222223,1.602802798476553,0.2431154750168617
347,0.4224775446174762,0.49355666666666664,1.422763371192715,0.1447317901476156
348,0.42877829365962183,0.68894,1.5496876503962085,0.2583237272361885
349,0.34115599431467064,0.6959444444444445,0.6856295422168712,0.23946887040546838
35,0.326913231491781,0.7019433333333334,0.5917974999426584,0.2413350512577414
350,0.630341440798418,0.9726288888888889,3.1858017609830447,0.4410703519911589
351,0.4064381020269435,0.6601233333333333,1.1416335625169869,0.1898202236955895
352,0.3754906795204548,0.6447066666666667,1.134158102314618,0.18257133616692425
353,0.7853357419354838,0.9615588888888889,5.024643612506661,0.44770216595113044
354,0.6038729695340501,0.93093,2.6626318989317665,0.42533340066227776
355,0.3287184781856384,0.33462,0.7379382301248582,0.09307052085051644
356,0.8490347955135334,0.9687055555555556,3.567405145931533,0.4491263780492
357,0.49858662724014335,0.9079222222222222,1.3185443900491154,0.38495265803050877
358,0.7945502758620689,0.88234,2.952677286360906,0.39017238723915326
359,0.5389113305524658,0.18584111111111112,1.0722522305246585,0.057261096175529484
36,0.3313028253615128,0.6956666666666667,0.6003526658061542,0.24191136998962773
360,0.49849694802867384,0.5473977777777778,1.295933813300519,0.15073051905398896
361,0.4905333275862069,0.8971866666666667,1.2829398844933046,0.35882926228613926
362,0.5055769487084415,0.9253044444444445,1.3040680886738507,0.37774305220100424
363,0.5033916835990607,0.92163,1.3255278913165502,0.3743722434616203
364,0.38843951755036454,0.7486088888888889,0.7573038562067765,0.2247610155546111
365,0.38062832993449514,0.7432111111111112,0.6464323208169026,0.25475537819102567
366,0.41455573192436035,0.6984466666666667,0.8870829812310883,0.24603226095526257
367,0.3138679305401063,0.4339811111111111,0.572502684419429,0.1218404957370576
368,0.6418575807069583,0.9383322222222222,1.760841755363676,0.3954570727059856
369,0.4105924896180942,0.2238688888888889,0.9005072123055473,0.06584567545217741
37,0.3363938100358423,0.6543711111111111,0.658136527817861,0.25601625371818
370,0.42584792992213566,0.6973022222222223,0.9128899367395134,0.231992534018068
371,0.3350834382029415,0.6635833333333333,0.6354387922081045,0.25647261211319544
372,0.43615125917686315,0.7069422222222222,1.733534668192811,0.28232824478172036
373,0.4505903411815597,0.6847366666666667,1.0732026052008594,0.26917158916812356
374,0.21668997688790012,0.10746777777777777,0.26867272011844234,0.02453861461452514
375,0.5588942936596218,0.9015766666666667,2.6635437453536226,0.36943665400445563
376,0.3325688931528859,0.65337,0.626299937747027,0.19793138598737134
377,0.3389238934000741,0.6886577777777778,0.6508147361300554,0.2567567820618556
378,0.3583157330367075,0.6165977777777778,1.4835062345520793,0.20783408178086782
379,0.3418323182548511,0.7057922222222223,0.6616875770246798,0.24585596955889483
38,0.411707164936349,0.6798566666666667,1.0510892660738562,0.26556430235890655
380,0.41285150315165,0.6868066666666667,0.9135599980267626,0.2720487346811571
381,0.34202344395006795,0.6758688888888889,0.6663106950879673,0.2465263517467975
382,0.3484733057100482,0.7075255555555555,0.693346753623649,0.24155326926806006
383,0.45825942775923867,0.6841566666666666,1.164458608725427,0.22878009346600062
384,0.41348039747868004,0.7010722222222222,0.8812123214246814,0.25298160074066006
385,0.4142946362625139,0.7134044444444444,0.9090330608714805,0.24194509755882676
386,0.4325239183042887,0.4186188888888889,1.0060502013153798,0.12509462738062807
387,0.36471184285008035,0.7171077777777778,0.7198135115638811,0.22027851722330855
388,0.48330861383018164,0.7886388888888889,1.2171307998082055,0.3066779625083389
389,0.4163671358917315,0.20773777777777777,0.8863638758589027,0.05758279830904013
39,0.3303410849709554,0.6681144444444445,0.6035045988301813,0.24287656698900414
390,0.7513621579532813,0.8952777777777777,2.686234357159497,0.40664472014940356
391,0.3387296167964405,0.6599922222222222,0.6414136147664834,0.25539306814209944
392,0.4250662408231368,0.36084222222222223,0.9873186961426881,0.10892698975681385
393,0.3422999943146706,0.6533044444444445,0.6632520702266065,0.19553260133676456
394,0.43067905228031145,0.6769411111111111,1.5657763616875964,0.2568828475015604
395,0.5271210745272524,0.6730344444444445,1.5713738200396454,0.2623878447959909
396,0.33710381120998634,0.6717633333333334,0.6238882091976891,0.22446965751233883
397,0.3979925503646026,0.11560888888888889,1.2899588835862315,0.04226838875559535
398,0.42798756760598194,0.6614322222222222,1.5407997508416935,0.2545581659496684
399,0.24770189142256827,0.2531877777777778,0.4085133252383914,0.07109385772618924
4,0.575584492584353,0.9224366666666667,2.2412497833817038,0.40642387724236645
40,0.33079789760227407,0.6593211111111111,0.634673200887911,0.258103025287808
400,0.4230174049561241,0.7147777777777777,0.9129447536254391,0.20619188383685244
401,0.4149685818193054,0.29710888888888887,0.9661186600575568,0.09126210339386723
402,0.4460936729699666,0.7066077777777777,1.67503580692949,0.27932896621700876
403,0.41310366147571376,0.7180777777777778,0.933854887675601,0.2513202503447682
404,0.3462577502162897,0.6700488888888889,0.6343338942602862,0.2272975656978244
405,0.40314354078605863,0.11551666666666667,1.3322228610671938,0.0430170597850702
406,0.27082732344580396,0.28121555555555555,0.42778627049210266,0.07580130508010406
407,0.6487243393276481,0.9574822222222222,1.8761684979287072,0.3978979051943856
408,0.43359112124582866,0.7442622222222223,1.5783349419856076,0.2596785234481277
409,0.4330076806328019,0.7262644444444445,1.5201090495039642,0.2646875761529033
41,0.3367984590285502,0.7190888888888889,0.6447987302643756,0.24375456224699213
410,0.34621988722036834,0.6726855555555555,0.6599082094795126,0.21699753784422296
411,0.33064311778519345,0.6768344444444444,0.6087323450839156,0.23858562984117834
412,0.3405224535904091,0.6611566666666666,0.6366220542559807,0.24179481558936938
413,0.33268051748856753,0.66946,0.6027361916170925,0.2486235902329017
414,0.22050326164874554,0.11147777777777777,0.2848267281030011,0.026472935855872542
415,0.2283296822395254,0.20216222222222222,0.32127220325133693,0.05278404397860962
416,0.26307365492522555,0.2763833333333333,0.4503971272196964,0.07351261153862651
417,0.8218353652206154,0.7502522222222222,2.9231575569433033,0.28283472610189747
418,0.340652061240885,0.6688044444444444,0.6364774690931795,0.2106924256398957
419,0.6177137141268075,0.9308877777777778,1.6218536612166212,0.3786958185777524
42,0.4247560177975528,0.6767111111111112,1.6003883655973161,0.2347356964221209
420,0.44313233222098625,0.6002977777777778,1.0570656024376086,0.18394832105634096
421,0.34037377437893956,0.7191666666666666,0.6397580096636851,0.23786788791844068
422,0.4295269422815474,0.30579666666666666,0.757381698768849,0.08961271335209656
423,0.49582548269682364,0.9150744444444444,1.2273524404653475,0.37056793899265156
424,0.4416627024471635,0.5705311111111111,1.0419653306782917,0.16273039357913405
425,0.42755884538375977,0.6936488888888889,1.606264193963055,0.24536316177703876
426,0.46460663212211095,0.7077566666666667,1.1072570468719853,0.22588711988868274
427,0.42697622469410457,0.6951133333333334,1.6295738214561593,0.25504866857847164
428,0.4308673281423804,0.7100911111111111,1.5670006632607008,0.26418026036772596
429,0.43081190260783586,0.6900255555555556,1.0676808511541187,0.26054197896699605
43,0.5098302428006427,0.6903211111111112,1.473338957064378,0.2155538000430864
430,0.3386607042392782,0.6774522222222222,0.6355890853251414,0.23868836208415053
431,0.41096962971202566,0.4492588888888889,0.8274584710685184,0.12612519100848496
432,0.434232914349277,0.69439,1.5984074805367159,0.2567902221293445
433,0.4288511212458287,0.7057522222222222,1.601452480768611,0.26581256493715755
434,0.4589259288715857,0.7066922222222223,1.1278249534508018,0.22143298217241514
435,0.39821150970213814,0.6928755555555556,0.8976239681026116,0.2503280182017636
436,0.41354278309232484,0.6640544444444444,0.9117726574008276,0.22168155374968646
437,0.3487054015572859,0.7126711111111111,0.6454550206133522,0.23222310978462052
438,0.41378952335928804,0.7034244444444444,0.8857867604015895,0.23659448199121522
439,0.41487322191323694,0.7310255555555556,0.8908176441965243,0.2559508873889723
44,0.42253031664812757,0.6910677777777777,1.4478602489281782,0.2561888886478285
440,0.43049440483253,0.6898644444444444,1.0739925607257363,0.262818196250613
441,0.4424894240514151,0.5660366666666666,1.061190640700974,0.16714367062387359
442,0.41554123044123104,0.55474,1.4307222948613758,0.16443527328178384
443,0.4096547208626869,0.67511,0.8995924515231842,0.26422551788932835
444,0.40604765152638733,0.7782744444444445,0.7413064328876456,0.2571588283375159
445,0.611216932394018,0.25848,2.2305199163231153,0.10126235334296797
446,0.5917246648127549,0.71969,1.4923968615562464,0.2630269621143267
447,0.6329936423186256,0.92915,1.806154434431631,0.3861871431795717
448,0.4214919387591151,0.6954455555555555,0.959489776021579,0.24300377386962999
449,0.6427506441107403,0.93991,1.7844448146216476,0.3976710513513513
45,0.43413040353479176,0.6837611111111112,1.085318211414752,0.28121355547942445
450,0.6307137549128661,0.9267355555555555,1.816056936095848,0.38698039177029536
451,0.551233745210728,0.6323355555555555,1.356297064099714,0.20741889080660528
452,0.4947318473612657,0.9407611111111112,1.209033614330242,0.37830044684614483
453,0.6455555952910641,0.9521088888888889,1.6821669359285714,0.3885918578663523
454,0.7498386496106785,0.8838788888888889,2.6486872404552426,0.3884804843965259
455,0.4204213172660981,0.6876544444444445,0.926741245957906,0.22417216082748695
456,0.4825382144357929,0.8922455555555555,1.1684070445835517,0.3695678932788544
457,0.40390538703497714,0.6785222222222222,0.8923612512716833,0.22286696813035745
458,0.5086755333704115,0.9199011111111111,1.2250230960371358,0.3703352186452334
459,0.6376702540477073,0.9393933333333333,1.8762236758719089,0.4076601229202172
46,0.33037205604993203,0.6713033333333334,0.6216709989154449,0.23713305602378176
460,0.4102948842541095,0.6162022222222222,0.8864610554144827,0.18798435519490603
461,0.4939697989741688,0.9415255555555555,1.1841129481572208,0.37655885303592634
462,0.623208407119021,0.8077155555555555,2.488926440042165,0.31233093718697047
463,0.42961616141391673,0.69211,0.8897684761859747,0.23416002239505007
464,0.4566043917933506,0.7618122222222222,1.100237808152288,0.2518197236846529
465,0.43471850055617356,0.6713822222222222,1.6436751744922573,0.26756959211826487
466,0.44598236077122727,0.7005622222222222,1.0672834524336539,0.252748802734375
467,0.3929627783339513,0.12640666666666667,1.320150147701706,0.04499250676848575
468,0.3350975795946113,0.65945,0.606813104783657,0.2405380192031131
469,0.433275534853541,0.7578233333333333,0.9791880907042253,0.2752067142823603
47,0.3408682030651341,0.6529677777777778,0.6552899929564703,0.2513834935591885
470,0.6170398717093066,0.9334788888888889,1.610094351894521,0.3753217548065025
471,0.41835093900630327,0.6844777777777777,0.9660899455315477,0.23244448240323154
472,0.4480380682239526,0.7130544444444444,1.0922118528153573,0.25090136124120815
473,0.4172539488320356,0.6754355555555556,1.6038146792788197,0.23498325639935363
474,0.4332627764182425,0.69092,1.5885995503083887,0.24855763620677362
475,0.34185893220862684,0.6643688888888889,0.6285634304538422,0.24085459991404506
476,0.283800691323693,0.3249222222222222,0.482556242096193,0.0929700289441724
477,0.3970055322580645,0.5820866666666666,0.8332163285714285,0.16838811494689315
478,0.392962633172661,0.5233944444444445,0.8367471376628473,0.14394834497939962
479,0.643407744283772,0.9584588888888889,1.9095949764108686,0.3942195500255929
48,0.32954357835867015,0.6447822222222223,0.6285132675050147,0.20380542981021446
480,0.3454939307254975,0.6651955555555555,0.6661656925301205,0.19134668345804268
481,0.5440087934742307,0.5892077777777778,1.2879548721355876,0.1767998002380171
482,0.49476545593869736,0.9428266666666667,1.2218870586236523,0.3925003711541465
483,0.7316141401557286,0.8744266666666667,2.5603990169506727,0.3639132700298954
484,0.3433218356198245,0.7172277777777778,0.6586787398211702,0.2346923556413015
485,0.3302885263255469,0.67565,0.6045359997654131,0.23252532378124768
486,0.3429982487949574,0.6543855555555556,0.6241366980380227,0.2476382833884643
487,0.5506129184278828,0.78136,1.330932214101351,0.28315916536219815
488,0.4253982246941046,0.7374111111111111,1.590148748808105,0.2542419505028682
489,0.44708834414781856,0.7432777777777778,1.1048377517287868,0.2688043688830736
49,0.5551087074527252,0.8708311111111111,2.297452417901029,0.35982951180402734
490,0.30871900290446175,0.5145533333333333,0.5486874652764778,0.1378894713440659
491,0.6107952787047335,0.9245166666666667,1.6147424969130415,0.3860566387437165
492,0.43277263848720804,0.7027144444444444,1.6074246161137442,0.22569270329177055
493,0.4027294527252503,0.42527,0.8126302067958081,0.12340051994354269
494,0.3407285473983438,0.6819922222222222,0.6227400674526563,0.20067622201834862
495,0.2742382486095662,0.2804422222222222,0.458838138897689,0.07856448522339561
496,0.5575435216289705,0.47467,2.1064244559975265,0.14580161321104698
497,0.21760809288097885,0.12999888888888889,0.2953639694207586,0.03126538308119011
498,0.2466923432208627,0.23286777777777778,0.37322803655457615,0.05996435138956872
499,0.5615491959584724,0.9517944444444445,1.8324180557104666,0.42341994713551306
5,0.6940695360276851,0.9120011111111112,2.588563202554279,0.39412262352408023
50,0.3113077104189841,0.52741,0.5789044967952613,0.14372501447503325
500,0.39700976109257197,0.17240777777777777,1.3340944725088064,0.06360270828539
501,0.21244303423557037,0.10386444444444444,0.23722186238995638,0.020729448061244014
502,0.8230027941539982,0.9715288888888889,3.9950839556495237,0.44120370321917024
503,0.6441756368804845,0.9536655555555555,2.742091957747318,0.4348596851907032
504,0.5335000273760968,0.91365,1.8364279919948743,0.36050034296454503
505,0.8208439306019033,0.9520722222222222,3.6778244564127567,0.4586301292545195
506,0.6198675596959585,0.8956588888888889,1.7799374566551192,0.3479742879222913
507,0.7021798976640712,0.6617577777777778,2.2572111313361787,0.23849832385095207
508,0.5802133281423805,0.8916988888888889,2.656666848084506,0.3968730842703133
509,0.44393353596588797,0.6906044444444445,1.0756980328704377,0.25860466824923656
51,0.4971179042763565,0.9378688888888889,1.1829840359539872,0.3798317340482573
510,0.4823859053887034,0.9120866666666667,1.1984632361301806,0.37025319789794875
511,0.4256172258064516,0.8190055555555555,0.9294540187139725,0.31391948846669104
512,0.20894549320232358,0.17732,0.2950338825729244,0.04789259531211038
513,0.742633066679026,0.9573422222222222,2.524952427240773,0.44816283615304736
514,0.5146789226918799,0.79665,1.1787427332359692,0.28257794543254183
515,0.4288439663206031,0.7208722222222222,0.9363903562367704,0.255343826989227
516,0.47804546953405014,0.9169655555555556,1.2373960319264588,0.3875108517266187
517,0.4521646708688666,0.6908233333333333,1.1001053669047178,0.2630288477733393
518,0.296227441848968,0.3467311111111111,0.5105614310951104,0.10039552204312328
519,0.4413117306884192,0.26528666666666667,1.0613664792028288,0.07639812006429146
52,0.3432747479915956,0.6788622222222223,0.6360003680978261,0.24358635936796336
520,0.5123046116054876,0.92489,1.490177707113219,0.367915747749083
521,0.5625633530465949,0.5482166666666667,1.346386044601215,0.15951193577391914
522,0.5555485695216908,0.8413977777777778,2.486339763675708,0.3270948834670348
523,0.41485848832035593,0.6845033333333334,0.8868556147695517,0.2502844121083417
524,0.4293176729699666,0.69163,1.58796559612394,0.2614723190122685
525,0.4291473971078976,0.7181022222222222,1.537132166992703,0.2672974492877382
526,0.3279181719812137,0.63961,0.6465534037859006,0.20518213719090767
527,0.3345321157458905,0.6802233333333333,0.5967480506662804,0.2449533416135574
528,0.3876860525892967,0.20234666666666667,0.6691931649050936,0.052395444337217774
529,0.5883306476949697,0.9376122222222222,1.714620300817282,0.40191049645966814
53,0.4131801667284637,0.7788277777777778,0.7751478661658706,0.27572286642060007
530,0.34341088932146824,0.6902977777777778,0.6860086608466714,0.24008454536108328
531,0.43085077641824243,0.6818644444444445,1.6430262293990192,0.26051804438699866
532,0.4456404040909653,0.7022544444444444,1.1001915454524043,0.2550138338842002
533,0.38514197268570016,0.1474088888888889,0.8156143266884277,0.0397487251418357
534,0.4451264177481152,0.7472688888888889,1.0897602476401789,0.2647691282109143
535,0.339284706154987,0.6607155555555555,0.65510104338477,0.2471872373298267
536,0.4484419596465208,0.6868155555555555,1.1287964191786348,0.2826383594965306
537,0.4504333701643801,0.71035,1.132300045033814,0.2661942352548173
538,0.43072912124582874,0.6841288888888889,1.6132657627816513,0.2671472665418914
539,0.3907584576072179,0.6789288888888889,0.8836592484739406,0.2600622399295141
54,0.39975754245457923,0.7745366666666667,0.7860743695789729,0.2869917528471771
540,0.33010316870596956,0.6728666666666666,0.6239437700158114,0.23846756019836132
541,0.44350953676924976,0.7207788888888889,0.9576199600298532,0.23435908088899943
542,0.46591611877394634,0.8020011111111112,1.1709159706597367,0.2763836090280397
543,0.39326531213694227,0.6930133333333334,0.8946093639750654,0.2571358817223008
544,0.3656343130021011,0.71464,0.6673998859031649,0.26787109247700996
545,0.44077746607341484,0.7680311111111111,1.744137539168646,0.28206330918448136
546,0.33300713984674324,0.6613622222222222,0.6427890118807653,0.23959710583311983
547,0.37406155790384377,0.7301266666666667,0.7655862898834724,0.2597125024555461
548,0.40523872525027804,0.7978822222222223,1.8223609882025222,0.2840770182803794
549,0.3542110756395995,0.6999566666666667,0.6675061004126657,0.26835169960320604
55,0.2868428726980596,0.29911777777777776,0.4735433772570867,0.08228485242569929
550,0.4794952453343221,0.8143077777777777,1.1792701028027255,0.2849897166040804
551,0.4827280816957113,0.7660277777777778,1.1564228416323703,0.2877458145301738
552,0.4467060867630701,0.7232522222222222,1.7826930785966582,0.2809871486090717
553,0.4494354885675441,0.70358,1.1019535651926775,0.25504746681155177
554,0.3355686858855519,0.6751155555555556,0.6196685106157914,0.24662329189370724
555,0.4450190905326906,0.7922355555555556,0.9744425542342341,0.28134577129621685
556,0.2681753814114448,0.2690722222222222,0.41761138053043767,0.07545717808467971
557,0.5711179488320356,0.9012111111111111,2.57730035465587,0.3960573615400504
558,0.3301278587937214,0.6278277777777778,0.630401579863119,0.1907810631212942
559,0.45470183222098626,0.7078844444444444,1.0772642124583929,0.2562161411682944
56,0.5227217060931899,0.9374222222222223,1.5828078498252098,0.4032897718338155
560,0.4479892122728958,0.7074,1.1290906004127312,0.2748960501428571
561,0.4188449469163268,0.66697,1.4744707497016705,0.2544409551056938
562,0.3752514571128414,0.20772333333333334,0.6614219048672567,0.05702616849210586
563,0.4293539441972562,0.3846266666666667,0.9230213736689038,0.1065227054480367
564,0.41065167296996663,0.6226566666666666,1.5610451706701225,0.20925886941181387
565,0.3285230216289704,0.6565111111111112,0.6130493413199691,0.23770303681786353
566,0.4323265695216908,0.6954244444444444,1.5851200098685194,0.26041657196966866
567,0.4335085695216908,0.6808355555555555,1.5909791548177403,0.23934999211717273
568,0.3391600929427759,0.6665866666666667,0.6803416951363871,0.19543445640871648
569,0.3353209384501297,0.7021911111111111,0.6046330454127058,0.23175593877586134
57,0.5052876535656903,0.9489866666666666,1.2722498709692078,0.38186334706862596
570,0.44734379180571004,0.7413944444444445,1.0528038155021362,0.2516085258504576
571,0.30852268668891364,0.48722,0.5618782526922744,0.1277423649236906
572,0.4866450036460265,0.9439244444444445,1.2077223841192204,0.3876442657801215
573,0.4078074553207267,0.6909511111111111,0.8975471564726658,0.2609648432432432
574,0.339104141638858,0.6704055555555556,0.6482776529577464,0.21431404982341068
575,0.6138839309108887,0.95106,1.600397235535737,0.3894535381501651
576,0.4253338798665184,0.6756422222222223,1.6253404261124802,0.23745877462767687
577,0.3942039303547151,0.3958744444444444,0.786488045046355,0.11439952247227776
578,0.44653759739216414,0.7031155555555556,1.0719774937756963,0.24367708395953236
579,0.41294289160795944,0.69421,0.8810339753857821,0.25980965489631114
58,0.49603273513780743,0.9299422222222222,1.2377668152996646,0.37555762012487787
580,0.3318488099122482,0.6678355555555555,0.6009343623239574,0.22576217351118083
581,0.365352059201582,0.7773122222222222,0.6698265410719779,0.25558998273541744
582,0.48510256019033493,0.94068,1.1842119928092676,0.3823668335388307
583,0.30075080484488936,0.3519055555555556,0.5106482824443332,0.10003074958093042
584,0.6784753770856508,0.8982688888888889,2.8287937594656096,0.3924899947074799
585,0.4030981135829934,0.49615555555555557,1.4122291793215869,0.1453586985019017
586,0.3918924679891237,0.6778555555555555,0.9085620859176208,0.27599649486741146
587,0.32732242188851807,0.66158,0.6504473994665805,0.24415480929255381
588,0.20711515820046966,0.12543222222222222,0.25706459729836323,0.029945424405877132
589,0.666710768570016,0.9249822222222223,2.2517369052220855,0.41068854273099964
59,0.4219138738104066,0.8001566666666666,0.9153014281523295,0.312199691465596
590,0.431120362625139,0.6916722222222222,1.7602934918870388,0.2709620893650016
591,0.4102579488320356,0.6203077777777778,1.4699333185508192,0.19971720160610465
592,0.3389849552589297,0.7068222222222222,0.6248723651917152,0.2379878809381152
593,0.3328570140279323,0.6797888888888889,0.6355138011604607,0.24141057555416406
594,0.21362276251390433,0.15549555555555555,0.29629288691461664,0.0386921152184051
595,0.5653274222593004,0.6264911111111111,1.5636722385423367,0.1958191212708485
596,0.39634858676307005,0.13454444444444444,1.2621150925679816,0.048906236926702804
597,0.4348343626251391,0.6859611111111111,1.6343985945889619,0.2733351308969111
598,0.4190301787788901,0.6744833333333333,0.943734046526884,0.26772038890733973
599,0.34010451582004697,0.7264722222222222,0.6209956875471424,0.23389261684859472
6,0.5047399891855148,0.4071488888888889,1.2079199290389564,0.12184382495598392
60,0.35573859831912,0.6669444444444445,0.6736398064018454,0.21487752797462423
600,0.7540716040044494,0.9086488888888888,5.648624706486784,0.41309686058514394
601,0.5177278183166482,0.8801011111111111,1.6713440054724735,0.333835793029755
602,0.5883924444444444,0.9362111111111111,2.311680758538282,0.39786505406776884
603,0.5997597298850575,0.9199711111111111,2.6984059490790724,0.41907236534339026
604,0.7015122937832159,0.9615277777777778,2.631023756053991,0.43405233051628145
605,0.7436748876529476,0.8478533333333333,2.5987009729510273,0.3371791768004398
606,0.4997739870844148,0.941,1.2437462239263801,0.38646684527381564
607,0.42826006896551727,0.7245011111111112,0.9807559744480355,0.26120735961838004
608,0.40069010703250524,0.5594311111111111,0.8829613689165702,0.16482225539248818
609,0.5100526734025461,0.8966866666666666,1.418770742102522,0.3683907392336309
61,0.5074520260783587,0.9395911111111112,1.417125978639923,0.3943044397011228
610,0.37696128179458654,0.7567088888888889,0.6534822000074906,0.23737221577646267
611,0.3459104129897417,0.6903566666666666,0.6588711085006499,0.2529900451827242
612,0.4115466826721048,0.7511177777777778,0.9177541095455327,0.25071641916935655
613,0.33068271944135463,0.6713055555555556,0.6227822327586862,0.2517116953319188
614,0.43326070745272527,0.6927266666666667,1.7466178224604274,0.26471973245226477
615,0.3235684445062415,0.5933733333333333,0.6310658120053526,0.1869156449168419
616,0.4380277013966135,0.6892777777777778,1.069133650737737,0.25962029688482424
617,0.41441238246199474,0.70044,0.9851068791025221,0.25457700196536054
618,0.21781143937708564,0.1438977777777778,0.30060995411112945,0.038904505210047166
619,0.5709282246941045,0.8895244444444445,2.598498114889881,0.37089856598343446
62,0.6066492983561982,0.8349522222222222,1.7189544603949678,0.31345463600731643
620,0.3334702018291929,0.6549744444444444,0.6307251880298014,0.25583958394039735
621,0.33422234451860094,0.6860911111111111,0.6110358838825872,0.2491037499137766
622,0.450087754727475,0.7401211111111111,1.0898484964627297,0.2598254306524462
623,0.33161423081201336,0.6555266666666667,0.6108800457062126,0.2510056497136312
624,0.4253848221480657,0.3043266666666667,0.9729084370389883,0.09327914694876331
625,0.33587466697565194,0.6523322222222222,0.6220457216611344,0.2511864125008828
626,0.3446479097144976,0.6519166666666667,0.6580034726031334,0.19460922936208447
627,0.3401467018291929,0.67712,0.632386806115474,0.24688523786358346
628,0.4328880867630701,0.7182766666666667,1.6521403837243567,0.24946944781869687
629,0.410393404894327,0.6851733333333333,0.8999535618645459,0.25925509295231847
63,0.4454091086392288,0.7620577777777777,1.076626646855871,0.2525468281506214
630,0.33707273124459275,0.6774477777777778,0.6249981290969644,0.2383613243195651
631,0.38576789401804473,0.17041333333333333,0.6209600361682753,0.047874692356716896
632,0.41531223835125447,0.7349833333333333,0.9241632093136245,0.2469975534939263
633,0.3418724734890619,0.6776688888888889,0.6354852225652902,0.2401810901964148
634,0.44520488091706834,0.7361844444444444,1.0665936507115508,0.2511268249584628
635,0.44689400098875287,0.6844822222222222,1.0717503963056254,0.27205786824620326
636,0.26811133815350385,0.26408333333333334,0.4414706577697037,0.07598102714864677
637,0.33621370949202817,0.5780133333333334,0.6088124715663552,0.16263494842424012
638,0.4384448843777036,0.7312755555555556,1.0163309632986937,0.2493599241621103
639,0.3542503370411568,0.6818233333333333,0.6316838326437211,0.19455025194732417
64,0.41917440279322704,0.5959188888888889,0.8851134857035333,0.17292136423165375
640,0.41573860592015816,0.5041744444444445,1.4878250537855402,0.1492456556412964
641,0.39972166023977257,0.3865588888888889,0.8510704703457941,0.11551510414279237
642,0.5528130548757878,0.7180388888888889,1.5294358736633502,0.2637294108830057
643,0.40973849678655294,0.6805733333333334,0.9013264056395999,0.2617372694132515
644,0.45135032937832154,0.7598122222222222,1.0963613707701725,0.2590374448349116
645,0.42492898331479423,0.5725366666666667,1.5199574032561924,0.18172932370430667
646,0.3478012297614633,0.6729533333333333,0.6995825372880128,0.21991388483838237
647,0.4078167973056483,0.56662,0.8822353127514712,0.17065835013270758
648,0.34505409244839946,0.6521088888888888,0.6541098058474544,0.2574376769051774
649,0.366432375293536,0.7747555555555555,0.7026957864637782,0.26125552313172773
65,0.41731311926832276,0.16262555555555555,0.8887448839461396,0.04410295690452443
650,0.3684037550364603,0.7514444444444445,0.722908836992926,0.265881835205244
651,0.4360431412062786,0.3528077777777778,0.9972909212925094,0.10476107770245376
652,0.33883326690149546,0.57203,0.6076000753429166,0.16025688226709095
653,0.6693057486095662,0.8945111111111111,2.62390260653808,0.3889482243732936
654,0.44453246471387964,0.7169833333333333,1.0560893313339235,0.2604806206568266
655,0.33439773748609564,0.6715644444444444,0.6074398770084747,0.22844447272110863
656,0.3952373243109628,0.11199111111111111,1.2952110691871257,0.0448000684302603
657,0.43476215572858734,0.7345311111111111,1.6303912404213399,0.2573093569111852
658,0.338564334013101,0.6634577777777778,0.6740702420587763,0.2361189337963706
659,0.33845437999011246,0.6761377777777777,0.6296098390434653,0.23498013012745794
66,0.5078734858484737,0.9362388888888888,1.4205569671547944,0.39279709877544267
660,0.42231269218885176,0.7044177777777778,0.883490197669289,0.25888750226094626
661,0.4547892655419602,0.6898433333333334,1.1170564882122025,0.2285629475785148
662,0.4322982246941045,0.6700444444444444,1.5628614789463322,0.26947945737459644
663,0.3354015012977382,0.6751166666666667,0.6748100159030302,0.25493381000404036
664,0.4268084315906563,0.6579366666666666,1.4649047576795335,0.22480596345387455
665,0.40432817735755777,0.6800388888888889,0.9048729545202762,0.26296474222644783
666,0.21238444407366208,0.14412555555555556,0.2797839126327013,0.03714053231339823
667,0.34700681683351875,0.6674288888888888,0.6747995067698568,0.21626451200734
668,0.4215640177975528,0.6512911111111112,1.665341550538076,0.21918246879723952
669,0.2388217557162279,0.23752666666666666,0.39618784470597623,0.07022619039259495
67,0.7268100063650971,0.43385555555555555,2.4861958613353723,0.15154614630926505
670,0.5051177308120133,0.8817633333333333,2.599805542193667,0.38701850297736534
671,0.44711733395130393,0.6838466666666667,1.0673824846943032,0.26658256419516263
672,0.43885113088616984,0.6959944444444445,1.0736170064109505,0.2679860354596768
673,0.5186406028921023,0.7034388888888888,1.4831280857325553,0.26435072
674,0.40580380805833643,0.7004577777777777,0.9102075876519325,0.2603571884678471
675,0.23799493962427387,0.2310222222222222,0.3937774911381304,0.06637058593469679
676,0.38347575824990726,0.33608666666666664,0.7971543069543026,0.10129191967611981
677,0.4277791902113459,0.6914688888888889,1.685535957090937,0.2527970436026285
678,0.33037679384501295,0.6728622222222223,0.6321106613305699,0.2472018072876508
679,0.3452593536645655,0.67842,0.6397368701311535,0.24636506111618006
68,0.3559719909776295,0.7029288888888889,0.6865573700948154,0.23719896146863023
680,0.42708898331479417,0.6828233333333333,1.5978441184720502,0.25324595436128977
681,0.3476491263749845,0.6656366666666667,0.6614445618452379,0.2424819640563967
682,0.3293306446051168,0.6541222222222223,0.6217215077287556,0.24863410523944537
683,0.4325738109010011,0.67791,1.6300119870265761,0.23540160294953935
684,0.3436401656779137,0.6930055555555555,0.6721931741652805,0.2481403817008845
685,0.4565512923000865,0.7236733333333333,1.1285081800554468,0.25462809457332736
686,0.4512208460017303,0.7144477777777778,1.0730876093506865,0.24700264775188238
687,0.44769343097268566,0.6836577777777778,1.0744085627174316,0.2687351568015529
688,0.32975184995674206,0.6782733333333333,0.6375634893605204,0.24477727777381092
689,0.43356298331479426,0.6873055555555555,1.5842300940125835,0.2669752144022732
69,0.6155341125324435,0.9306722222222222,1.7257813016093846,0.39372346971804895
690,0.41787602923000866,0.6848755555555556,0.8903825503113484,0.2196155187089669
691,0.3282445773699172,0.6725277777777777,0.6293991257259169,0.2445364232708844
692,0.49868961908293163,0.52583,1.448880132854638,0.15146140766533062
693,0.6110815687801261,0.8761744444444445,1.6558235396660534,0.33090421953770144
694,0.45556740934371515,0.30208666666666667,1.0673967169583354,0.0909920214169303
695,0.5731924171919416,0.1663288888888889,1.1327035187824797,0.05041506941029091
696,0.4780345407860586,0.88856,1.1565538643363091,0.3330624251990946
697,0.6463686985539489,0.9524411111111111,1.918888206287381,0.391197841079504
698,0.5946277197503399,0.7974144444444444,1.6796302647171313,0.30384077569624285
699,0.46515308021258195,0.08478222222222222,1.3055977780665367,0.03274879829001946
7,0.5236418159065629,0.9363455555555555,1.4564755629741564,0.401783404091596
70,0.41099292361883577,0.28933,0.9222596464674435,0.08626983406022844
700,0.49209478605858353,0.9139755555555555,1.1827049367036366,0.3642436609160249
701,0.6203924592139414,0.91727,1.7572821588294423,0.3789896666418466
702,0.4340994660734149,0.69485,1.6379841679247356,0.22282361700959213
703,0.4301739121863799,0.7049133333333333,0.9530329336043893,0.2547894182622084
704,0.4591553389568656,0.6626755555555556,1.1326470904952612,0.22847105884452198
705,0.41560397707329133,0.6969277777777778,0.9018941138652263,0.25121076615931
706,0.45137756080830554,0.7538811111111111,1.1067804017321279,0.2550881548524329
707,0.35057054066246446,0.7250144444444444,0.6363429744205367,0.24454484359240644
708,0.42090817766654304,0.7331666666666666,0.9648766183702103,0.2885939699287616
709,0.4408848453837597,0.6774766666666666,1.6392793944549882,0.26659756347058333
71,0.25425533018168334,0.2643466666666667,0.4012678202179953,0.06916342881718132
710,0.3456044279446298,0.6693266666666666,0.6638553478620915,0.23351727470482125
711,0.4557809713261649,0.7036511111111111,1.145646842353517,0.26462756259180675
712,0.3468974713879619,0.6699111111111111,0.64538781700657,0.24518491209024956
713,0.3721184561858855,0.7203166666666667,0.7021715114443386,0.26928702279059147
714,0.3772053314794216,0.7352888888888889,0.7270399955250841,0.2540983925117005
715,0.4927016885428253,0.80915,1.2034956189778234,0.27844110016795176
716,0.4407135350389322,0.6900088888888889,1.6059224578289182,0.2455489354941355
717,0.39176910085279937,0.09914777777777778,0.8228056477721309,0.02735524528762805
718,0.3715975699542702,0.7068677777777778,0.6875417114020207,0.26547597860540584
719,0.47089292380422687,0.4943577777777778,1.0901674039725373,0.1373956196886245
72,0.6767142856260042,0.24617666666666665,2.5343570916236073,0.10399572452007394
720,0.34150578179458657,0.5686188888888889,0.6261448566909598,0.158966580400062
721,0.6223318215918922,0.8677088888888889,1.643028319105741,0.3218676393834771
722,0.434964914349277,0.6932344444444445,1.6214833376678444,0.25524910840989395
723,0.4011898218390804,0.6871222222222222,0.9229613334166095,0.24828959066430187
724,0.44255729124953647,0.7143677777777778,1.0907232821714463,0.24835373038240321
725,0.4161086188357434,0.7385155555555556,0.8993794540908044,0.24881066088960585
726,0.4238270522803115,0.5344622222222222,1.4794886165601842,0.1556213798884109
727,0.43309663848720803,0.6950177777777777,1.6841103634491144,0.2523199060093504
728,0.4459950721171672,0.7456366666666666,1.0961954357995225,0.2633108109947009
729,0.34525243758497093,0.6742877777777778,0.6405786665550821,0.24554898130087482
73,0.4220508453837597,0.6878244444444445,1.6256877403399086,0.24307774479735555
730,0.43245174193548386,0.6675222222222222,1.7034164479844658,0.26934690227175645
731,0.44070607526881717,0.7096544444444445,1.102952008022267,0.2515679936561189
732,0.41038485249042145,0.6780711111111111,0.9182529672830501,0.26298289483186815
733,0.45046873810406624,0.7117666666666667,1.1006982122634712,0.24461971364860252
734,0.43051477641824254,0.70035,1.5696575407188411,0.26036504269245386
735,0.6490606601161785,0.9386488888888889,2.8145267720646037,0.42503080311912494
736,0.556192738969225,0.9354766666666666,1.798587183612744,0.40084528870019587
737,0.6785390713138055,0.9292977777777778,2.291328798190243,0.3943293828060572
738,0.5726585005561735,0.8996411111111111,2.6363404628977047,0.3899776579324758
739,0.4612668575577802,0.8826733333333333,1.0894831952011006,0.3552829523428016
74,0.23437073866023977,0.24235444444444446,0.3594156316479159,0.06502313205448745
740,0.7800492703003337,0.9079144444444445,2.7352893831038743,0.4021359316948611
741,0.3504801826103077,0.6902777777777778,0.9166682484674479,0.24912380786839453
742,0.4361919134223211,0.36968222222222225,0.938365753026034,0.10828648628577868
743,0.339334626807564,0.6518333333333334,0.6666298885542886,0.24853515659117997
744,0.3460723371029539,0.6568211111111111,0.6268992263176212,0.25680790726218095
745,0.3597385851563465,0.7043833333333334,0.6752817185041657,0.27678660790483206
746,0.3615444244839946,0.7097677777777778,0.6630036905234692,0.27862107738371195
747,0.5437461540600668,0.5976688888888889,1.4148069254722815,0.18343053818700925
748,0.4062332675812631,0.7393466666666667,0.9434548523288105,0.2587748958146547
749,0.41384529335063647,0.67114,0.9550286137810764,0.21281830242102276
75,0.534086544493882,0.9459711111111111,1.6875082510730686,0.4123514230544422
750,0.37356791972562103,0.75488,0.7307289211485943,0.267136322945288
751,0.4549600177975529,0.7721088888888888,1.7370458578004202,0.280275757469094
752,0.34933374422197505,0.6747677777777777,0.6830188442503211,0.24913273728023486
753,0.42244454041527624,0.6719122222222222,0.9043130477143172,0.2590129658527616
754,0.34999541404029166,0.6830777777777778,0.6245152466798257,0.25496206345623834
755,0.43867829365962174,0.6885133333333333,1.6663568554873367,0.2778825783261062
756,0.41261058639228776,0.5746822222222222,0.8831837598615667,0.170909172112473
757,0.4243128003337041,0.6939366666666666,0.9348158908743547,0.253233595496118
758,0.433210638487208,0.6829377777777778,1.6056908822775124,0.22916839721675772
759,0.34399252335928815,0.6503411111111111,0.676988333599712,0.2499750353745905
76,0.6963603759733036,0.8813022222222222,2.6000956943728912,0.38778083857344986
760,0.41209870745272525,0.6244122222222223,1.5857473572186795,0.2245503058959062
761,0.44353262161661106,0.6868877777777778,1.0752638391463278,0.26870782991434056
762,0.4168272997157335,0.6759222222222222,0.9690609371689136,0.27718008880694656
763,0.4098880177975528,0.6260177777777778,1.5263117538185695,0.22173471082177157
764,0.34418413997033737,0.6570066666666666,0.6732741872689634,0.24753686473697828
765,0.4229155218143616,0.5204855555555555,0.8852205383559378,0.14745468926754624
766,0.4162401244592758,0.6777788888888889,0.9036694041229525,0.2664580059561937
767,0.4180080867630701,0.6664555555555556,1.5712686707297994,0.2517248920990873
768,0.43229056952169076,0.7183933333333333,1.497548261142732,0.2629534794497555
769,0.3444156802620195,0.6690288888888889,0.6738577497803807,0.21848485641382337
77,0.4591878891360771,0.7269288888888888,1.1206474987838582,0.26181001921421515
770,0.5106995271289088,0.14660555555555554,0.9891649877305804,0.044206316382411445
771,0.4941173165245334,0.8773366666666667,1.2185818289676191,0.3509385530016761
772,0.6392992685700161,0.9262155555555556,1.7293741985664655,0.3841218888238736
773,0.48834757749351126,0.9043666666666667,1.198591523519345,0.36994780223941676
774,0.6208297122728957,0.9314577777777778,1.639117064362635,0.3840206105033449
775,0.4133395706958348,0.6423955555555556,0.8949242328740511,0.2341692274859692
776,0.4338873971078977,0.6936122222222222,1.6147339661783529,0.24825200618688664
777,0.45478421146953407,0.7125944444444444,1.1099575479283557,0.24681470777198347
778,0.41396263848720805,0.6558888888888889,1.6225574257093398,0.23766978389342563
779,0.4607048903102212,0.68096,1.1336633525874236,0.22628471897275043
78,0.44818591787170925,0.7437488888888889,1.0825936143835055,0.2615369037160786
780,0.45184586349029787,0.6257322222222222,1.0779220810172476,0.2007554070233594
781,0.38340515480163145,0.7508588888888889,0.9429632607304425,0.25806438298576634
782,0.2900372837720924,0.30237,0.5202488230155642,0.08967423375650566
783,0.5336483999505623,0.93929,1.632760465774451,0.40608416064421005
784,0.6522115368928438,0.9203655555555555,1.9009129063374415,0.37661608617947107
785,0.43479089148436534,0.32048333333333334,1.0199302137406443,0.10190144466864652
786,0.5736503522432332,0.6877777777777778,1.4915929106026895,0.23713334984765683
787,0.4419339028550241,0.6859066666666667,1.0790616985176908,0.2556876914677293
788,0.346433963045359,0.6778155555555555,0.6433635833929103,0.24704996088769735
789,0.38361109343715244,0.45206555555555555,0.7500580178296304,0.12422217952439431
79,0.43195705228031145,0.6941711111111111,1.5476047048636323,0.2640545924846949
790,0.6553568296255099,0.9429466666666667,2.007843075041416,0.4004864642098033
791,0.3407434899888765,0.6982311111111111,0.6491525629202854,0.20410976307348327
792,0.21300642751205043,0.15382888888888888,0.27413591824639283,0.03894557982129973
793,0.5687399875169942,0.9511811111111111,1.816542065783728,0.4145949759719339
794,0.3859265062415029,0.6958066666666667,0.7905560647668607,0.23045442241678368
795,0.6482281127796317,0.9529077777777778,1.8636550037179132,0.40288484064860586
796,0.4516123476702509,0.6862555555555555,1.105636723809524,0.2772862317503392
797,0.4439871439871462,0.6945488888888889,1.0833933887469511,0.2620288102691306
798,0.40441122080088987,0.5846322222222222,0.8819152311277947,0.17476412404917085
799,0.6198408638610802,0.8965111111111111,1.5916429027134813,0.3659875294315427
8,0.6335743539117538,0.9066533333333333,1.7956099681175326,0.3655554853886098
80,0.4325165005561735,0.68978,1.5963485676350333,0.2502873083351266
800,0.881951916573971,0.4855611111111111,4.265019745115267,0.13436345155001467
801,0.6661857392164132,0.9708566666666667,3.171773546072501,0.4466514113977698
802,0.225577638487208,0.18280888888888888,0.3228077689852941,0.04675573159558823
803,0.9430890425163762,0.9385588888888889,4.24048031662346,0.43744858334576187
804,0.9215586896551723,0.88149,4.4347016866587685,0.38983318244865717
805,0.6426088646026449,0.9553077777777778,1.8376853594867355,0.39553701123887103
806,0.6548527319243603,0.9026955555555556,2.929386618898733,0.4000601520246027
807,0.7232558865406006,0.8976066666666667,2.571779009234743,0.37392563286098657
808,0.43209306519589663,0.6777333333333333,0.9725804568222391,0.21526052062061637
809,0.5952396365714991,0.7969333333333334,1.657941304232618,0.31009211833033684
81,0.4439835973921641,0.7055455555555555,1.076442605246757,0.26667032609877167
810,0.660771988382153,0.6243422222222222,2.1874332646279613,0.223962469820604
811,0.3419709520454826,0.6546633333333334,0.6418083891622025,0.25904784738165515
812,0.5534270522803114,0.7987888888888889,2.23743320347731,0.30647972533984474
813,0.4208982723396366,0.6813611111111111,0.94281182119859,0.2630101050137093
814,0.3959498070695835,0.6677111111111111,1.5172753765288511,0.2516592235920909
815,0.451864021196391,0.6855477777777778,1.1068166361375023,0.22288099568127834
816,0.4337657419354839,0.67002,1.5892611519868995,0.23414811823574366
817,0.30511235737238906,0.5063077777777778,0.5564910972581247,0.13953337571252475
818,0.4136096706216784,0.6654566666666667,0.9099982166685583,0.2250588610396489
819,0.4481217281547398,0.69732,1.1084288958593267,0.22959067151665513
82,0.31740051674700287,0.5229388888888888,0.5849610388625592,0.14058168315082753
820,0.3435598738104066,0.6796544444444444,0.645373256404089,0.22899082133273196
821,0.32799627079471017,0.6608977777777778,0.6181386099271369,0.24300505476269746
822,0.4237132591768632,0.6004922222222222,1.4894616471229,0.19969179882581786
823,0.4087560363984674,0.7320188888888889,0.9180187228290863,0.25778632117990746
824,0.43005546607341494,0.7146744444444444,1.627126194222949,0.26356526386618034
825,0.42469382987269805,0.7034733333333333,0.9270746255164034,0.21433426712196757
826,0.38147551408972935,0.27523555555555557,0.7442071850147991,0.08274743658350953
827,0.4329060991224818,0.6473488888888889,0.9264432148810838,0.22189096314103743
828,0.4700546058583611,0.5014877777777778,1.0984963094554958,0.139309222006507
829,0.4001965139043381,0.7429922222222223,1.8222944668467962,0.26766985695638446
83,0.4993995873192436,0.9218311111111112,1.2186110870578115,0.3815465430693456
830,0.36177156575207026,0.7292133333333334,0.6985559439591473,0.2717527012688588
831,0.41043775670498084,0.10010777777777778,0.7493234930366512,0.027685324041344484
832,0.5685915350389321,0.8837055555555555,2.3664862911092897,0.3619179462210027
833,0.33693366944753433,0.69218,0.668691057162783,0.21902579322312016
834,0.4376424286861945,0.6966044444444445,1.0831411553093104,0.26700169263517454
835,0.42139622469410454,0.6027566666666667,1.5323426393454815,0.20855359747117888
836,0.44844246465208254,0.6821477777777778,1.1226671242969182,0.27760644214695984
837,0.4702140204548263,0.7310255555555556,1.1668332129304013,0.26830227002086715
838,0.4303508856136448,0.6568788888888889,1.560978199816957,0.2524418118448023
839,0.4410023765912742,0.6841666666666667,1.1114922687692728,0.26761362503610603
84,0.45935120763811643,0.6955577777777778,1.0768980927110878,0.22380120319624494
840,0.3429882892720306,0.6689466666666667,0.674563213255713,0.2070159083059121
841,0.3402856941045606,0.6782266666666666,0.6471738500232416,0.24780104514767937
842,0.3892408260412804,0.27074,0.7193953546713604,0.0805372593477858
843,0.34073392287727106,0.7039122222222223,0.6179065643331096,0.23022536519923956
844,0.33134141984921517,0.6549744444444444,0.6148825588076716,0.25530302332961063
845,0.26532258188110247,0.2640266666666667,0.4349111045553145,0.07324509972786113
846,0.6366274269558768,0.9526233333333334,1.8780844676317594,0.4042898046372837
847,0.4080064238042269,0.73439,0.9053838012229063,0.24583432228219612
848,0.4147782246941045,0.6578177777777777,1.5727161124409312,0.22575465850410276
849,0.4573309499443826,0.6877911111111111,1.0967743290540022,0.22667844101876677
85,0.4158974823260413,0.6976755555555556,0.910894820693223,0.2628611555776655
850,0.39666359751575825,0.3878,0.8083741010384335,0.11523077737670998
851,0.46506304362872325,0.7351166666666666,1.1172787012929413,0.26425174432292253
852,0.41533629514275117,0.73573,0.9149482532336716,0.2474480532835024
853,0.44723868996415767,0.6860744444444444,1.0806020507532854,0.2672774203005912
854,0.4159393399456186,0.6948944444444445,0.9083471164933136,0.24444492809082946
855,0.4511658669509331,0.7182666666666667,1.1084878661370927,0.2182113008428433
856,0.4481569530960326,0.7369033333333334,1.0920770768683274,0.25350709201830196
857,0.43854085545668026,0.4168211111111111,1.0118971028169013,0.1271039192372637
858,0.3845380532690644,0.6765077777777778,0.9039454715833507,0.25156613436794106
859,0.4446678617599802,0.69567,1.0938975201762333,0.26940889531378687
86,0.41872414769496974,0.17556,0.9423526728765838,0.047286377545753155
860,0.3941155498084291,0.6695244444444445,0.9070353857514927,0.27019028255469185
861,0.4215311212458287,0.6553966666666666,1.6744187766505956,0.22829465471427432
862,0.455968128970461,0.7354377777777777,1.1024794163441953,0.2577576257470288
863,0.4388152206154987,0.6874366666666667,1.112038363944505,0.2676076141239282
864,0.30624053744901747,0.40802333333333335,0.5674914569067386,0.12063419237661233
865,0.33167651297738227,0.6665644444444444,0.6376287106418151,0.24962882059759472
866,0.3542889194784328,0.75537,0.6785884866077068,0.2532212014214079
867,0.4489126910765047,0.6145377777777777,0.9809275920883238,0.19006941124419457
868,0.30106585749598314,0.3286988888888889,0.5129609014239693,0.09394441113134426
869,0.6554361022741317,0.9476022222222222,1.8849207658361407,0.39521623704745684
87,0.5154442536151279,0.9420488888888889,1.3415765041584744,0.3805627198649701
870,0.4466970652576937,0.68746,1.131387742342271,0.2676590787646011
871,0.34121036960820667,0.7064055555555555,0.6761204936904672,0.2500383729645293
872,0.42185288270918303,0.6839088888888889,0.9363006906350588,0.22321002802393392
873,0.3357707121493017,0.66831,0.6172414544508767,0.24238105589296202
874,0.3574890318254851,0.68798,0.7116377442208975,0.22772081338797817
875,0.49568079094055123,0.9176377777777778,1.2686891515870105,0.3741045740363458
876,0.34444629050797176,0.6795022222222222,0.6415617632943985,0.23323713263919985
877,0.4227638109010011,0.6594722222222222,1.6412490394404087,0.22242017355009802
878,0.44479985848473613,0.5475555555555556,1.0303098554986234,0.15372389733491373
879,0.4295036729699666,0.6711144444444445,1.614496087625775,0.2644547481916335
88,0.4061304642813002,0.6909911111111111,0.9117956846616541,0.27224646044247436
880,0.3375559255963416,0.7261966666666667,0.6725029195164764,0.24813027582080024
881,0.45833362637498454,0.7093477777777778,1.1316583237429945,0.2291090027547557
882,0.3403894724385119,0.6792033333333334,0.6499658000667807,0.2527057550982929
883,0.34103803052774684,0.6950955555555556,0.7026404691084069,0.24284452218774863
884,0.42718514615004327,0.3956511111111111,1.418353949053136,0.1263469611186576
885,0.3383543000865159,0.6846066666666667,0.62872845765744,0.23535149625271984
886,0.46797954350512916,0.7188588888888889,1.1454237085834607,0.2896275512714662
887,0.3395486125324434,0.6654077777777778,0.6495438686096887,0.2412747091768413
888,0.3536900456680262,0.7588388888888888,0.6645255354731678,0.2446124166408194
889,0.3642543663947596,0.71554,0.7151797842922375,0.2704929800700099
89,0.4035052613397602,0.7610788888888889,0.9675213082099486,0.2525335847581393
890,0.3668610309603263,0.3642411111111111,1.6312665140913274,0.11893243872904079
891,0.4358674610678532,0.3786177777777778,0.9022341058623449,0.1157029903466213
892,0.37998096384872077,0.7413322222222222,0.7737380717481637,0.28034209048858294
893,0.38131634705228035,0.7759177777777778,1.9733960175184224,0.3149880731357552
894,0.41930603584229387,0.7878855555555555,0.987128866961351,0.2752979190479788
895,0.43720772741317515,0.7942877777777778,0.9957259491257978,0.27932150046389914
896,0.48139954128043505,0.7572733333333334,1.1425438332843996,0.2934808262775291
897,0.40392272036831045,0.18128,0.7067342325811736,0.05088681044598317
898,0.38269497577555306,0.7531755555555556,0.753566323073033,0.2696769156842904
899,0.4911607052280311,0.7472988888888888,1.2263219077956886,0.2995862426024471
9,0.37588749400568533,0.7595966666666667,0.6368919715547842,0.2431334345189274
90,0.47415989815844767,0.8194888888888889,1.1506074790529488,0.2743190805630893
900,0.7377698109010011,0.7559422222222222,5.34403512843088,0.2920734146224777
901,0.8603073653442095,0.9818566666666667,3.6749486014737514,0.4904172674074959
902,0.6798105339265851,0.8777566666666666,2.725039833292492,0.3680891480542527
903,0.4995989194784328,0.9227911111111111,1.2493414363597668,0.3822766490954752
904,0.3100688186874305,0.39065222222222223,0.6750633459893486,0.11433622040966816
905,0.7191323038561364,0.6355911111111111,2.4124340399090047,0.22341871930236964
906,0.6365599965393647,0.09139111111111112,2.1764714527367186,0.03903235692960632
907,0.5032291779755284,0.9458122222222223,1.2948042428640774,0.3887366438546808
908,0.721688598442714,0.8553166666666666,2.781862820189022,0.35811957556347246
909,0.4293749833147942,0.69567,1.5763975384602777,0.25695203060597366
91,0.4416116729699666,0.69691,1.6542927965814787,0.234366227949618
910,0.33669252830305274,0.6507933333333333,0.6633989718403793,0.21267777084846237
911,0.34074934828822145,0.6534233333333334,0.6433813012866659,0.25366708764221585
912,0.3470898577431714,0.7274611111111111,0.6842737280616656,0.24226297316137765
913,0.3335555983809171,0.6781322222222222,0.8962790958356889,0.25285196367952967
914,0.3401920355333086,0.6674944444444444,0.6512177126992618,0.1938667909564225
915,0.4464646384872081,0.7043666666666667,1.6669109164199785,0.2803493229821364
916,0.31188858979112594,0.4656033333333333,0.5965857400342613,0.13156922163968132
917,0.3624721143863552,0.6531222222222223,0.7228271482227487,0.22048025268057378
918,0.37588152595476454,0.40092444444444447,1.6579954681845561,0.13348023869413322
919,0.36866477493511307,0.7175711111111112,0.7205120630812608,0.2756274540924968
92,0.4252356040044494,0.6797522222222222,1.6345373741497617,0.23291125814991187
920,0.4405233855518477,0.7403266666666667,1.0613679820011452,0.2970080714718154
921,0.488828146953405,0.7444133333333334,1.210134001172227,0.2851535238684814
922,0.37021689327648005,0.7093055555555555,0.7016743384426595,0.279377814315993
923,0.3792191502286491,0.7278177777777778,0.74753903095957,0.28150546953127875
924,0.32110303534791745,0.39344444444444443,0.5771330124101767,0.1163603049084818
925,0.4756794200346063,0.7423355555555555,1.0504762420855538,0.28641384995679103
926,0.45957977308120135,0.7503677777777777,1.813040390720477,0.2956101824934311
927,0.46450242986033863,0.7080966666666667,1.1261895710256038,0.2520500755849698
928,0.4344644315906563,0.7233966666666667,1.5895767719887468,0.2571146503765256
929,0.20686409485848473,0.11123555555555556,0.2521198363646564,0.027873553239468225
93,0.4330250522803114,0.7202077777777778,1.5610233581236461,0.25629615618984125
930,0.41779985106908907,0.7655844444444444,1.018411077478379,0.27901807850327004
931,0.28413399419107654,0.30083666666666664,0.4853484379637126,0.08661101894375924
932,0.4605431801384254,0.5585144444444444,0.9570626798221081,0.15602747901687453
933,0.40786466159930784,0.8509333333333333,0.8481240031613236,0.29531506031170174
934,0.44019370362130766,0.46301555555555557,1.6451984345187052,0.1438450046740364
935,0.48299185663082433,0.7059166666666666,1.2194592219470828,0.24847586738466756
936,0.3686546569027314,0.7165566666666666,0.7004492115219582,0.27516146173650236
937,0.3860467533061426,0.7836544444444444,0.7719125167937252,0.2637090713332845
938,0.36920442850080337,0.7409022222222222,0.7356436376982722,0.2769195983385173
939,0.3727500108762823,0.7050488888888888,0.698412673669269,0.2770959261176274
94,0.3327563642936596,0.6728111111111111,0.6067525378387346,0.22923722850927322
940,0.4309893089852923,0.32409444444444446,1.5386251491356244,0.10982386932812016
941,0.43014498523050304,0.3889988888888889,1.575630632600379,0.12664003330830026
942,0.37711899468545296,0.78592,0.7672490645096564,0.26885502263472555
943,0.377385484118156,0.7100122222222223,0.7355466671131325,0.2341033317193711
944,0.44248694308490916,0.36059,1.5932897382767346,0.11841243104008461
945,0.21628392386602396,0.11394,0.28416626134803646,0.026963617008104453
946,0.546234281238413,0.9263811111111111,1.2751307930291509,0.3200371575859241
947,0.37930553164009395,0.7566133333333334,0.7052970709672332,0.2872073985489531
948,0.3856295834260289,0.7213677777777778,0.7984017511672503,0.2522817846840087
949,0.4773779199110122,0.7561966666666666,2.047226941202859,0.31453185839416054
95,0.4331421557285873,0.7401744444444445,1.6413994302468253,0.25643725025147135
950,0.3881596968854283,0.7391022222222222,0.8016206044255976,0.28127507640709326
951,0.3728607464466691,0.7248344444444444,0.7308579909666937,0.2847519987651813
952,0.41645807057224077,0.2202522222222222,0.953186997342408,0.07033615093575306
953,0.539289797120257,0.8294288888888889,1.4413396115335608,0.34166167827373606
954,0.425979639599555,0.7351444444444445,1.7552501745114513,0.2899782257213821
955,0.4061654930169324,0.13662777777777776,0.8264751580249523,0.039882403023895105
956,0.31795547089358545,0.3824266666666667,0.5978965639759676,0.11340811165794637
957,0.4643350166852058,0.73891,2.029400142388662,0.2843645879784122
958,0.3643221648127549,0.7262233333333333,0.7039734176092136,0.28417185592311667
959,0.4319677382276603,0.2839744444444444,0.838751266941259,0.08539081665340509
96,0.3424567250030899,0.6977022222222222,0.657452152387838,0.20489752156176266
960,0.5143120016067234,0.8177566666666667,1.203988352142965,0.3321534194154172
961,0.3595155656284761,0.6404855555555555,0.7023772354692125,0.20272585119653128
962,0.5260392395871956,0.7041633333333334,1.2106575985300476,0.25251131431603774
963,0.35194064435792854,0.48275,0.6619043690755548,0.13179098550876275
964,0.5620373383388951,0.9008388888888889,1.6519895861400022,0.3936503101398465
965,0.3435329159560005,0.6553188888888889,0.6615837127147179,0.19790867691061761
966,0.4324821557285873,0.69131,1.5826477670739931,0.2678927567449113
967,0.42571829365962177,0.6521966666666666,1.460157558319775,0.20889156885191346
968,0.4192247092448399,0.7288477777777778,0.8731993910139016,0.2498904206420998
969,0.44238914287479914,0.6556577777777778,1.0938935437359714,0.22259779329980464
97,0.3313518959337535,0.6908644444444444,0.5985412171061243,0.24051496307017206
970,0.4279178109010011,0.6884088888888888,1.6054954076136705,0.27032806333889386
971,0.4186865350389321,0.6697644444444445,1.4787473031321618,0.26067405258925697
972,0.33535600463477944,0.6823,0.6162408109431469,0.24603458214674337
973,0.4309851806328019,0.7093333333333334,1.4590835482939633,0.25595711354654865
974,0.45120613508836976,0.6658333333333334,1.222820483006536,0.246406248157544
975,0.2534787753676925,0.2750911111111111,0.40076763522676573,0.07814643890107438
976,0.3416060695834878,0.68542,0.6526472146305508,0.2451908815257048
977,0.33889373297491043,0.7212255555555556,0.6261556150418034,0.23058501670647952
978,0.3398363744283772,0.7218411111111112,0.6464327850984994,0.23441522017022523
979,0.31095244926461496,0.5364088888888889,0.5828814664234233,0.1384825007117117
98,0.42995387986651834,0.6579377777777777,1.5486907280734619,0.24819582671172494
980,0.6032268601532567,0.8548622222222222,1.5027487027983468,0.31226618074571594
981,0.43305381090100115,0.6457944444444444,1.643618111387629,0.21460362302319977
982,0.3436324689778767,0.6580266666666666,0.6870581288041931,0.258168550459163
983,0.3388234684835002,0.6541744444444444,0.690483910002317,0.21809279273274895
984,0.3795335262019528,0.6916055555555556,0.9074485164352676,0.2585961234821817
985,0.41563561642565816,0.7487322222222222,0.9509445421599779,0.25706424091016083
986,0.33191111667284634,0.5537977777777778,0.6153447936160176,0.15573972629206415
987,0.4862680889877642,0.56511,2.325434573769823,0.18153343362132202
988,0.39944464998146084,0.1535922222222222,1.288256566032953,0.06361346532413276
989,0.4412580546903967,0.5517844444444444,1.0692956075953564,0.1618138214105062
99,0.21701609788654058,0.14559222222222223,0.29508979936,0.03492799556331369
990,0.33812472908169566,0.7044055555555555,0.63505077158673,0.2404194890918944
991,0.35944399969101465,0.6702033333333334,0.9260083151789582,0.21121432717750827
992,0.21392877641824248,0.10361888888888889,0.2620961934019774,0.0229363000102459
993,0.6850928630577184,0.9549288888888889,2.1195188238419074,0.43895736436514915
994,0.3389389797305648,0.64512,0.6965499001106544,0.21240560033197642
995,0.33644303578049684,0.6617444444444445,0.660702506251854,0.2125946967294571
996,0.5007986623408726,0.42333,1.1915877598334974,0.12068766467033704
997,0.4622743085527129,0.6409222222222222,2.1449507302759194,0.221780584826952
998,0.4203234739834384,0.6813177777777778,1.079686662450386,0.26309541953155663
999,0.34739964497589915,0.7211744444444445,0.6610080333304678,0.23569624977433914
