ablation_id,ablation_label_zh,scenario_id,scenario_title_zh,delta_tte_h,delta_tte_pct,tte_base_h,tte_variant_h,delta_margin,p_cutoff_delta
no_backlog,关闭 backlog（仅保留瞬时功耗缩放）,S0_standby,待机/轻后台,0.0,0.0,25.427982431791907,25.427982431791907,0.0,0.0
no_backlog,关闭 backlog（仅保留瞬时功耗缩放）,S1_video,视频播放/视频流,0.0,0.0,5.035816362493332,5.035816362493332,0.0,0.0
no_backlog,关闭 backlog（仅保留瞬时功耗缩放）,S2_navigation,导航（GPS + 地图数据）,0.0,0.0,5.905329300798938,5.905329300798938,0.0,0.0
no_backlog,关闭 backlog（仅保留瞬时功耗缩放）,S3_gaming,游戏（高 CPU/GPU 负载）,0.0,0.0,3.8438349854525526,3.8438349854525526,0.0,0.0
no_backlog,关闭 backlog（仅保留瞬时功耗缩放）,S4_mixed_day,混合使用（标准一天）,0.0,0.0,18.048992962213553,18.048992962213553,0.0,0.0
no_backlog,关闭 backlog（仅保留瞬时功耗缩放）,S5_burst_recovery,高负载→休止：恢复效应演示,0.0,0.0,10.048429097591884,10.048429097591884,0.0,0.0
no_bg_wake,去掉后台唤醒脉冲,S0_standby,待机/轻后台,0.2430335273748092,0.9557719651046758,25.427982431791907,25.671015959166716,0.004945461166652398,0.0
no_bg_wake,去掉后台唤醒脉冲,S1_video,视频播放/视频流,0.002022099428488744,0.04015435200436028,5.035816362493332,5.037838461921821,-4.426196728291032e-05,0.0
no_bg_wake,去掉后台唤醒脉冲,S2_navigation,导航（GPS + 地图数据）,0.03297878574543489,0.5584580311376227,5.905329300798938,5.938308086544373,-0.0008425793499092782,0.0
no_bg_wake,去掉后台唤醒脉冲,S3_gaming,游戏（高 CPU/GPU 负载）,0.018998541186229456,0.4942600621028655,3.8438349854525526,3.862833526638782,0.005734788907714283,0.0
no_bg_wake,去掉后台唤醒脉冲,S4_mixed_day,混合使用（标准一天）,0.1581555228952567,0.8762567708146543,18.048992962213553,18.20714848510881,0.000663459485181539,0.0
no_bg_wake,去掉后台唤醒脉冲,S5_burst_recovery,高负载→休止：恢复效应演示,0.02176474949069096,0.21659852778288402,10.048429097591884,10.070193847082574,0.00712643410066216,0.0
no_fg_bursts,去掉前台网络突发（仅保留平稳吞吐）,S0_standby,待机/轻后台,0.0,0.0,25.427982431791907,25.427982431791907,0.0,0.0
no_fg_bursts,去掉前台网络突发（仅保留平稳吞吐）,S1_video,视频播放/视频流,0.0,0.0,5.035816362493332,5.035816362493332,0.0,0.0
no_fg_bursts,去掉前台网络突发（仅保留平稳吞吐）,S2_navigation,导航（GPS + 地图数据）,0.7908435557413602,13.392031425484879,5.905329300798938,6.696172856540298,0.004437323534196347,0.0
no_fg_bursts,去掉前台网络突发（仅保留平稳吞吐）,S3_gaming,游戏（高 CPU/GPU 负载）,0.0,0.0,3.8438349854525526,3.8438349854525526,0.0,0.0
no_fg_bursts,去掉前台网络突发（仅保留平稳吞吐）,S4_mixed_day,混合使用（标准一天）,0.5108200672196155,2.8301859737495727,18.048992962213553,18.55981302943317,0.000166859674775921,0.0
no_fg_bursts,去掉前台网络突发（仅保留平稳吞吐）,S5_burst_recovery,高负载→休止：恢复效应演示,0.0,0.0,10.048429097591884,10.048429097591884,0.0,0.0
no_interaction,去掉交互项（协同作用）,S0_standby,待机/轻后台,0.004594704823563944,0.018069482452604306,25.427982431791907,25.43257713661547,0.003121758385021156,0.0
no_interaction,去掉交互项（协同作用）,S1_video,视频播放/视频流,0.29397187661662905,5.837621061922079,5.035816362493332,5.329788239109961,0.00326120570325239,0.0
no_interaction,去掉交互项（协同作用）,S2_navigation,导航（GPS + 地图数据）,0.18383156063977246,3.1129773002650625,5.905329300798938,6.08916086143871,0.0021435885045220093,0.0
no_interaction,去掉交互项（协同作用）,S3_gaming,游戏（高 CPU/GPU 负载）,0.12629632487274378,3.2856853988458696,3.8438349854525526,3.9701313103252964,0.005834580301281478,0.0
no_interaction,去掉交互项（协同作用）,S4_mixed_day,混合使用（标准一天）,0.45429980125781455,2.517036835289998,18.048992962213553,18.503292763471368,0.0028882643045159417,0.0
no_interaction,去掉交互项（协同作用）,S5_burst_recovery,高负载→休止：恢复效应演示,0.08183030824863557,0.8143592142999376,10.048429097591884,10.130259405840519,0.010419367588461292,0.0
no_rrc_tail,去掉 RRC 尾态能量,S0_standby,待机/轻后台,0.041767951622215804,0.16425979424145928,25.427982431791907,25.469750383414123,2.5927758339872042e-05,0.0
no_rrc_tail,去掉 RRC 尾态能量,S1_video,视频播放/视频流,0.0,0.0,5.035816362493332,5.035816362493332,0.0,0.0
no_rrc_tail,去掉 RRC 尾态能量,S2_navigation,导航（GPS + 地图数据）,0.17608126097017252,2.9817348364696667,5.905329300798938,6.08141056176911,-0.0019180880037260595,0.0
no_rrc_tail,去掉 RRC 尾态能量,S3_gaming,游戏（高 CPU/GPU 负载）,0.0011253366233887618,0.029276403062247238,3.8438349854525526,3.8449603220759414,9.889964133547036e-05,0.0
no_rrc_tail,去掉 RRC 尾态能量,S4_mixed_day,混合使用（标准一天）,0.05046289072761212,0.2795884004900364,18.048992962213553,18.099455852941166,1.157857499600734e-05,0.0
no_rrc_tail,去掉 RRC 尾态能量,S5_burst_recovery,高负载→休止：恢复效应演示,0.0022251702487761094,0.02214445887177901,10.048429097591884,10.05065426784066,0.0002018785079104246,0.0
no_screen_markov,去掉待机随机亮屏,S0_standby,待机/轻后台,0.18626042253606556,0.7325017745143212,25.427982431791907,25.614242854327973,0.005932087165221422,0.0
no_screen_markov,去掉待机随机亮屏,S1_video,视频播放/视频流,0.0,0.0,5.035816362493332,5.035816362493332,0.0,0.0
no_screen_markov,去掉待机随机亮屏,S2_navigation,导航（GPS + 地图数据）,0.0,0.0,5.905329300798938,5.905329300798938,0.0,0.0
no_screen_markov,去掉待机随机亮屏,S3_gaming,游戏（高 CPU/GPU 负载）,0.0,0.0,3.8438349854525526,3.8438349854525526,0.0,0.0
no_screen_markov,去掉待机随机亮屏,S4_mixed_day,混合使用（标准一天）,0.12162873046344203,0.673880978944796,18.048992962213553,18.170621692676995,2.813876842977514e-06,0.0
no_screen_markov,去掉待机随机亮屏,S5_burst_recovery,高负载→休止：恢复效应演示,0.009174885861899185,0.09130666866224847,10.048429097591884,10.057603983453783,0.0006953292498156349,0.0
no_signal_jitter,去掉蜂窝信号抖动,S0_standby,待机/轻后台,0.0,0.0,25.427982431791907,25.427982431791907,0.0,0.0
no_signal_jitter,去掉蜂窝信号抖动,S1_video,视频播放/视频流,0.0,0.0,5.035816362493332,5.035816362493332,0.0,0.0
no_signal_jitter,去掉蜂窝信号抖动,S2_navigation,导航（GPS + 地图数据）,0.003202806998096719,0.05423587466432072,5.905329300798938,5.9085321077970345,8.969332654640283e-05,0.0
no_signal_jitter,去掉蜂窝信号抖动,S3_gaming,游戏（高 CPU/GPU 负载）,0.0,0.0,3.8438349854525526,3.8438349854525526,0.0,0.0
no_signal_jitter,去掉蜂窝信号抖动,S4_mixed_day,混合使用（标准一天）,0.0029368852502678067,0.01627174023734354,18.048992962213553,18.05192984746382,1.829682478193817e-06,0.0
no_signal_jitter,去掉蜂窝信号抖动,S5_burst_recovery,高负载→休止：恢复效应演示,0.0,0.0,10.048429097591884,10.048429097591884,0.0,0.0
no_signal_penalty,去掉弱信号惩罚,S0_standby,待机/轻后台,0.0,0.0,25.427982431791907,25.427982431791907,0.0,0.0
no_signal_penalty,去掉弱信号惩罚,S1_video,视频播放/视频流,0.0,0.0,5.035816362493332,5.035816362493332,0.0,0.0
no_signal_penalty,去掉弱信号惩罚,S2_navigation,导航（GPS + 地图数据）,0.003202806998096719,0.05423587466432072,5.905329300798938,5.9085321077970345,8.969332654640283e-05,0.0
no_signal_penalty,去掉弱信号惩罚,S3_gaming,游戏（高 CPU/GPU 负载）,0.0,0.0,3.8438349854525526,3.8438349854525526,0.0,0.0
no_signal_penalty,去掉弱信号惩罚,S4_mixed_day,混合使用（标准一天）,0.0029368852502678067,0.01627174023734354,18.048992962213553,18.05192984746382,1.829682478193817e-06,0.0
no_signal_penalty,去掉弱信号惩罚,S5_burst_recovery,高负载→休止：恢复效应演示,0.0,0.0,10.048429097591884,10.048429097591884,0.0,0.0
no_tail_gate,关闭连续尾态门控（回退固定 tail）,S0_standby,待机/轻后台,0.0,0.0,25.427982431791907,25.427982431791907,0.0,0.0
no_tail_gate,关闭连续尾态门控（回退固定 tail）,S1_video,视频播放/视频流,0.0,0.0,5.035816362493332,5.035816362493332,0.0,0.0
no_tail_gate,关闭连续尾态门控（回退固定 tail）,S2_navigation,导航（GPS + 地图数据）,0.0,0.0,5.905329300798938,5.905329300798938,0.0,0.0
no_tail_gate,关闭连续尾态门控（回退固定 tail）,S3_gaming,游戏（高 CPU/GPU 负载）,0.0,0.0,3.8438349854525526,3.8438349854525526,0.0,0.0
no_tail_gate,关闭连续尾态门控（回退固定 tail）,S4_mixed_day,混合使用（标准一天）,0.0,0.0,18.048992962213553,18.048992962213553,0.0,0.0
no_tail_gate,关闭连续尾态门控（回退固定 tail）,S5_burst_recovery,高负载→休止：恢复效应演示,0.0,0.0,10.048429097591884,10.048429097591884,0.0,0.0
no_thermal_throttle,去掉热节流（简化温度-功耗反馈）,S0_standby,待机/轻后台,0.0,0.0,25.427982431791907,25.427982431791907,0.0,0.0
no_thermal_throttle,去掉热节流（简化温度-功耗反馈）,S1_video,视频播放/视频流,0.0,0.0,5.035816362493332,5.035816362493332,0.0,0.0
no_thermal_throttle,去掉热节流（简化温度-功耗反馈）,S2_navigation,导航（GPS + 地图数据）,0.0,0.0,5.905329300798938,5.905329300798938,0.0,0.0
no_thermal_throttle,去掉热节流（简化温度-功耗反馈）,S3_gaming,游戏（高 CPU/GPU 负载）,0.0,0.0,3.8438349854525526,3.8438349854525526,0.0,0.0
no_thermal_throttle,去掉热节流（简化温度-功耗反馈）,S4_mixed_day,混合使用（标准一天）,0.0,0.0,18.048992962213553,18.048992962213553,0.0,0.0
no_thermal_throttle,去掉热节流（简化温度-功耗反馈）,S5_burst_recovery,高负载→休止：恢复效应演示,0.0,0.0,10.048429097591884,10.048429097591884,0.0,0.0
