phone_test_id,radio_mode,duration_s_est,bytes_MB,throughput_MBps,P_radio_W,E_radio_J
-1,wifi,29.745867781024316,6.204451,0.2085819464294797,0.15032659501320036,4.517761999999999
1,wifi,29.852907032019957,1.638739,0.054893782982082896,0.20818722560058048,6.2004459999999995
10,wifi,30.933543941235566,4.348794,0.14058505576539826,0.23333737863053966,7.152703
100,wifi,29.97951177805678,1.410435,0.047046630059944965,0.20462300298370933,6.182307
101,wifi,30.017845167330858,1.487905,0.04956734874558294,0.20178155567268394,6.06516
102,wifi,29.947601105176865,1.797895,0.06003469171656652,0.21163745799707573,6.357893
103,wifi,33.917142020501196,2.884519,0.08504605129336824,0.2036255709990315,6.838716
104,wifi,30.51226387492342,1.098314,0.03599582136881859,0.20088027460116445,6.100188
105,wifi,32.36959591439104,6.623737,0.2046283499342414,0.2268501170456889,7.268522
106,wifi,30.889354012552356,3.200962,0.1036267057802258,0.2246433555414465,6.79632
107,wifi,30.040303270276898,1.177956,0.03921252023995103,0.19096420516623597,5.750887
108,wifi,34.38134371701694,1.176999,0.03423365327683362,0.19784887080070107,6.696675
109,wifi,31.606295055027587,1.41404,0.04473918874509367,0.20112389462557967,6.328937
11,wifi,25.026378682342806,1.17558,0.04697363589520935,0.21171810332243396,5.249594999999999
110,wifi,29.615550125807825,2.496265,0.08428899646961764,0.19848418266432027,5.88089
111,wifi,29.787412331141358,1.955607,0.06565212775986935,0.2083954677413162,6.216555
112,wifi,29.52026868161812,1.642793,0.05564966287122398,0.19572582641878072,5.797034
113,wifi,34.569896955570734,2.575471,0.07450039562773351,0.20663673264192142,7.085115999999999
114,wifi,30.033916719063477,1.940984,0.06462640281505462,0.19663471533616858,5.910387
115,wifi,32.459781850205935,2.966262,0.09138268438428156,0.20537235125071387,6.681521
116,wifi,31.996230617763885,0.945951,0.02956445124116653,0.19599245224041198,6.244631999999999
117,wifi,30.212397018662987,1.333649,0.04414244256012425,0.19572792371082534,5.893555
118,wifi,29.920500378858442,2.150218,0.07186437301427369,0.20518505586578545,6.127497
119,wifi,29.991420427251054,1.023756,0.03413496211302438,0.19275651474524147,5.77924
12,wifi,34.30156352442275,1.486585,0.04333869501142565,0.21024861508164788,6.976696
120,wifi,29.960580656249647,0.789579,0.026353928485538122,0.1958779627197937,5.910507
121,wifi,32.067439760530185,1.643167,0.05124097877069912,0.20331251304282283,6.452019
122,wifi,29.958781260423425,0.866941,0.02893779264463133,0.19452326130240563,5.83402
123,wifi,30.058415680624176,0.945994,0.031471851678789346,0.19468283586675417,5.895150999999999
124,wifi,33.96666162671088,0.867747,0.025547020473675772,0.1933797293202909,6.5083459999999995
125,wifi,25.892978050216044,6.034295,0.2330475462612788,0.23591123086910432,6.066294999999999
126,wifi,29.18142121213053,3.812982,0.13066471205367364,0.20476555235313024,5.868676
127,wifi,30.39982734492579,1.177839,0.03874492399696474,0.1991162269021014,6.205139
128,wifi,30.016664414539257,6.193224,0.20632618982808,0.23106266914699986,6.9787729999999994
129,wifi,30.55378660219417,0.867523,0.02839330559236479,0.06701406566101192,2.04204
13,wifi,29.64643249142625,2.107326,0.07108194217329315,0.2065153600937317,6.160349
130,wifi,34.185652149341536,2.059401,0.06024167656663138,0.19619295719690008,6.61269
131,wifi,35.350563079539526,1.489875,0.042145721884196,0.1942727053884073,6.7689829999999995
132,wifi,34.152147649081186,6.69304,0.1959771335253075,0.2188008226090988,7.50049
133,wifi,32.52683860008791,1.099024,0.03378822066024669,0.19855303514501027,6.492298
134,wifi,30.51058337837471,1.954035,0.06404449812601684,0.20885218257698862,6.337253
135,wifi,34.688034258941,0.86852,0.025038028777203913,0.19050494096989778,6.518647
136,wifi,29.838169151836738,1.333213,0.04468146129260521,0.19373063540587548,5.778103
137,wifi,29.631722392122892,3.039605,0.10257942349001045,0.20613888810405714,6.066301999999999
138,wifi,29.95824687170356,1.099851,0.03671279580244201,0.19222097735469484,5.755304
139,wifi,24.145065536381797,1.020294,0.042256832911164416,0.1896063691353848,4.565802
14,wifi,34.060441880832734,1.099389,0.0322775906386192,0.20300150980301376,6.7338759999999995
140,wifi,34.02068153400589,5.910803,0.1737414635298169,0.21988051588993712,7.313302999999999
141,wifi,34.15966223507209,5.601108,0.16396848310312864,0.21872755424750148,7.294949
142,wifi,32.9785636706222,1.411295,0.04279431372741084,0.1945553633226145,6.3847819999999995
143,wifi,32.87889978785965,4.203699,0.12785400445644451,0.20800405693073185,6.785277
144,wifi,33.90289432177953,2.496661,0.07364152972615445,0.20779657297634285,6.9498619999999995
145,wifi,34.2408728264545,1.100131,0.032129175140361454,0.19170005056109954,6.493817
146,wifi,34.496519104589105,2.108099,0.06111048461465081,0.19623780525876763,6.708282
147,wifi,31.268691868157937,1.333897,0.042659187842723816,0.19822865889717553,6.135485999999999
148,wifi,25.05940160739237,5.915316,0.23605176582728207,0.22120326807811563,5.5833569999999995
149,wifi,32.40817325987345,2.574541,0.07944110207494161,0.2006181040117176,6.463261
15,wifi,29.47424550378123,1.097801,0.03724611033246513,0.20329998392888404,6.033945999999999
150,wifi,32.99277223125659,3.273089,0.09920624362990484,0.11930759926980244,4.022111
151,wifi,29.92195115659335,0.867554,0.028993898006842815,0.19692152003802324,5.876253999999999
152,wifi,29.720354590402266,2.175761,0.07320777393088805,0.2121646200464129,6.252356
153,wifi,35.123737626760054,1.097982,0.03126039750289759,0.19925918309808896,6.858308
154,wifi,29.482856626369642,0.865595,0.0293592649779332,0.20539193560172117,6.145019
155,wifi,28.502539475447787,1.176468,0.04127590108289876,0.20303841252817348,5.733339
156,wifi,35.10982866892298,0.866955,0.02469265823468328,0.19884658176068015,6.827915
157,wifi,29.708948266023864,7.271493,0.24475767148970132,0.22485568515971135,6.842782
158,wifi,29.98312101754455,0.865121,0.028853600647303412,0.21138667338100436,6.324915
159,wifi,24.715661754269554,1.016742,0.04113755925731428,0.20060480052353932,4.98879
16,wifi,30.280545018009494,1.022595,0.03377069334094901,0.20575314168973904,6.184944
160,wifi,33.86546172493287,1.175262,0.034703852838206935,0.20384900831882657,6.815599
161,wifi,34.7776674580934,2.569158,0.07387378705302186,0.20665677545331823,7.0054229999999995
162,wifi,30.339855172581142,1.483463,0.04889486095308198,0.20926862800859306,6.34343
163,wifi,29.135694953981748,0.865069,0.029691037106419793,0.20499157716564265,6.189486
164,wifi,32.37998396270153,1.1534,0.03562077119397589,0.2045884184896282,6.638273
165,wifi,29.880083225849617,2.229935,0.07462947754010459,0.2035586381455501,6.138514
166,wifi,29.884678630347317,1.638061,0.05481273599297068,0.08307908544056472,2.507934
167,wifi,31.14274180313131,0.943627,0.03030006175965923,0.2058588126587194,6.49446
168,wifi,30.644202407260945,1.331274,0.04344293195519957,0.2131621863573489,6.4852099999999995
169,wifi,29.874197143112358,1.487107,0.04977897792118104,0.20351944957301452,6.119977
17,wifi,30.23701604374167,2.574369,0.08513965122338293,0.22329626426579585,6.652120999999999
170,wifi,33.28961302968601,2.733016,0.08209816069543474,0.22384172765308544,7.393268
171,wifi,25.986814456480865,1.253633,0.048241118668061904,0.21552634419726205,5.578415
172,wifi,31.085881320465155,0.866655,0.027879376848467995,0.20338318335902575,6.451880999999999
173,wifi,25.01452071132484,2.804306,0.11210712499202133,0.2376344979471465,5.867446
174,wifi,31.169877604962355,1.018326,0.03267019565831978,0.20787071330246898,6.505857
175,wifi,29.876185385455376,6.779117,0.22690704695186012,0.23709755410911046,7.061694999999999
176,wifi,33.86667640758215,3.194457,0.09432449058641071,0.21222997582681488,7.247902
177,wifi,30.22202477731723,1.09631,0.03627520022493072,0.20321241031018922,6.089264
178,wifi,34.28385844840172,1.175924,0.03429963992442106,0.20226035508107126,6.837981999999999
179,wifi,29.807576369513292,5.989639,0.20094350931953348,0.2324287187349443,6.8317369999999995
18,wifi,30.81924419288989,5.522245,0.17918171404326655,0.22078501474088552,6.779284
180,wifi,31.277517610381356,3.352706,0.10719220245558105,0.1425825422124136,4.444426
181,wifi,30.03546459693477,6.582803,0.21916767688926642,0.19649877063986676,5.873832999999999
182,wifi,29.513519323370435,1.077962,0.0365243462898852,0.20094603640561023,5.96762
183,wifi,25.049182590675752,1.563526,0.06241824436147482,0.21173290269938455,5.367846999999999
184,wifi,26.191497420409416,1.64268,0.06271806356210702,0.21354240406740033,5.5710679999999995
185,wifi,24.835188327420177,1.122996,0.04521793775810092,0.21088977441645293,5.241097
186,wifi,26.67779695342156,0.96482,0.036165654970856095,0.20377297002801478,5.35318
187,wifi,31.718105724504078,1.022445,0.03223537398105404,0.2030173542139424,6.513294
188,wifi,31.34473040634785,1.100683,0.035115408099892054,0.20311113291495425,6.338229999999999
189,wifi,29.83200162997352,1.176841,0.039448945283563415,0.19999879974828452,5.943683999999999
19,wifi,30.0295094774004,0.871474,0.02902058725454219,0.20828449884935535,6.260776
190,wifi,29.98339882227825,2.216111,0.07391126713604551,0.20714568785926668,6.2682519999999995
191,wifi,29.756721505361384,1.875789,0.06303748884641179,0.20304982968101182,6.116778999999999
192,wifi,29.896967846377102,1.957917,0.06548881512200774,0.20451055032025447,6.096146999999999
193,wifi,30.059733754343565,3.272343,0.10886134344177793,0.2176977542276319,6.596302
194,wifi,34.03656540594337,2.981216,0.08758862606858177,0.21455346143437076,7.259557999999999
195,wifi,34.2680773662922,0.944579,0.027564400240590543,0.19865160522277955,6.732653
196,wifi,31.930321142436064,0.867107,0.027156225461434418,0.2063599499769053,6.514685999999999
197,wifi,29.99212464864336,0.866765,0.028899753190349806,0.2059717001878122,6.148295999999999
198,wifi,30.017113802905616,1.259174,0.041948536700357704,0.20268116014830864,6.103882
199,wifi,32.16302667827871,1.177507,0.03661057809572471,0.2081320385907874,6.365425999999999
2,wifi,29.72634187882264,1.952385,0.06567861622391215,0.20801096623940724,6.236459
20,wifi,29.850095674356087,1.099583,0.036836833355433446,0.2062631489911263,6.18232
200,wifi,32.83439952861079,0.867093,0.026408066309982138,0.19733258860848107,6.520531
201,wifi,30.506565375738237,3.006069,0.09853842813752858,0.2217954599817032,6.7460249999999995
202,wifi,32.661592014077705,1.100109,0.03368203850950787,0.20354087307162147,6.62203
203,wifi,29.441263646192986,3.194887,0.10851731903882213,0.21067580978746786,6.25319
204,wifi,30.456013550707098,1.050835,0.03450336657653617,0.19910843884181245,5.899508
205,wifi,29.633331095160347,4.359515,0.14711525295622221,0.22244298890161154,6.64056
206,wifi,34.348067358280296,3.268392,0.09515504805285901,0.20831364806836078,7.065575
207,wifi,33.65613370219592,1.100027,0.03268429492625375,0.2008092021457258,6.648759999999999
208,wifi,33.47709563698249,1.02169,0.03051907522322004,0.1970506664920847,6.4712119999999995
209,wifi,31.399494235383425,1.022331,0.03255883653208519,0.20019768176437516,6.2214789999999995
21,wifi,32.13623568727196,6.067379,0.18880179555077997,0.23842517113279163,7.560975999999999
210,wifi,31.79312429298677,0.866883,0.027266367155719427,0.19695034401026681,6.333309
211,wifi,29.941116803577778,2.103781,0.07026394552352207,0.21290563214578123,6.369367
212,wifi,32.046368821079525,2.187187,0.06825069673919835,0.21341182738480985,6.7246179999999995
213,wifi,30.751959686359086,13.391439,0.4354661991164146,0.2751155757650918,8.464186
214,wifi,29.69079968920615,6.577515,0.22153377709092836,0.23425990362830548,6.986279
215,wifi,31.43642327187606,0.865806,0.027541491998378048,0.2024649805761899,6.323077
216,wifi,35.263272916541894,7.139458,0.2024615813993517,0.23370945600870846,8.058612
217,wifi,34.732447459543316,3.351055,0.09648197132964328,0.20838603578333814,7.116073999999999
218,wifi,33.60471389202591,0.867306,0.025809057705020476,0.19261874519468333,6.46287
219,wifi,30.007292468092956,2.652481,0.08839454618641147,0.2153305435748283,6.519305
22,wifi,31.36240151420889,1.099837,0.03506864738982802,0.21229117069529474,6.601743
220,wifi,33.60184144150062,3.224009,0.09594739043135071,0.2101128926742899,6.983823
221,wifi,29.95580043666401,1.332129,0.044469818218229214,0.19435673709384754,5.880326
222,wifi,24.957645212037622,6.141878,0.24609204705889628,0.2437451097421485,6.031499999999999
223,wifi,29.65921594783669,0.945017,0.031862507817538195,0.19208570555682325,5.697735
224,wifi,30.19938770014385,3.190134,0.1056357179051284,0.21501658311290256,6.507292
225,wifi,33.57588389704452,1.970013,0.05867345163691754,0.20554576686754833,6.90369
226,wifi,30.914948962594906,0.876916,0.028365435798099223,0.20237782080253167,6.253381999999999
227,wifi,29.86616223019151,1.333029,0.044633421251976245,0.0869127268392093,2.472123
228,wifi,31.841025883707136,1.645744,0.05168627436850637,0.20455149604500905,6.484382
229,wifi,29.962346199525356,3.118298,0.104073892586202,0.21873918870916334,6.5904549999999995
23,wifi,30.06343051677057,13.522439,0.4497969382588141,0.2833067841870088,8.491306999999999
230,wifi,30.882124205148724,3.201772,0.10367719457155071,0.22190278876141473,6.784456
231,wifi,29.870437536990586,0.866764,0.02901745242019396,0.18929515343402434,5.671125
232,wifi,30.946671828231036,5.257047,0.16987439002097376,0.13378387386111987,4.351903
233,wifi,24.641502814342264,2.1794,0.08844428103352156,0.20833590752463335,5.222785
234,wifi,31.83304275481659,5.512867,0.17318064887673548,0.21961351989939545,6.971323
235,wifi,31.673695739166295,4.269823,0.13480659267431572,0.22217115782747976,7.069266
236,wifi,31.504849748371566,2.335145,0.07412017573963195,0.20669458274070762,6.521279
237,wifi,30.403521755117215,2.655452,0.08734027660966812,0.21930438357246532,6.774869
238,wifi,33.312005810754314,13.779201,0.413640687933345,0.27801748511255986,9.2332
239,wifi,29.76607385064341,3.506393,0.11779830345090028,0.21004957578521685,6.276746999999999
24,wifi,32.43707813737697,0.867241,0.026736101085525505,0.20725285336665097,6.62223
240,wifi,32.051978135569534,5.128971,0.1600204199037609,0.2326059683016002,7.3932899999999995
241,wifi,24.809573256120864,7.59882,0.3062858003059471,0.24714689055091912,6.1398459999999995
242,wifi,31.1110510870995,3.198149,0.1027978447608973,0.22626167600344932,7.068312
243,wifi,32.701433608003335,6.639807,0.2030433001681913,0.237799606131118,7.706119999999999
244,wifi,33.85229187437681,8.862334,0.26179420976539564,0.2536133435370895,8.500098999999999
245,wifi,31.994770352859437,11.733295,0.3667254013889608,0.27608508759953615,8.778281999999999
246,wifi,30.161031659890714,3.191512,0.10581574383757548,0.22004485168609725,6.593843
247,wifi,32.13516794120561,4.128095,0.128460352457244,0.2292690544027328,7.304190999999999
248,wifi,29.972994410158627,4.669802,0.15580031598101798,0.23155450372216152,6.943201999999999
249,wifi,31.061603074730634,4.203626,0.13533190768958578,0.2268719138451864,7.0088099999999995
25,wifi,24.937750638654347,0.710128,0.028476024573735124,0.21686822761947386,5.365574
250,wifi,30.730098874415734,5.910511,0.19233621812134097,0.23738981525883557,7.225021
251,wifi,31.10026961493724,5.212891,0.16761562084645998,0.22758455232850192,7.050415
252,wifi,29.948827963702296,3.646281,0.12175037381827626,0.22445417172536514,6.643698
253,wifi,29.946751987440408,2.827866,0.09442980665101845,0.2053426916603166,6.210793
254,wifi,28.486528055554338,5.797248,0.2035084089115467,0.23687732196896802,6.642993
255,wifi,33.81297437399203,4.436618,0.1312105214681297,0.21602939821138997,7.390425
256,wifi,30.112132021182738,5.834307,0.19375270392331526,0.23297486051674846,6.91489
257,wifi,29.920391878960242,2.418109,0.08081809254979688,0.20852882743555406,6.2539
258,wifi,29.570876284366545,5.057363,0.17102513132739705,0.22203233708061465,6.561741
259,wifi,24.52038244336532,1.951196,0.07957445217286775,0.1968010630771883,4.83697
26,wifi,28.264534787430236,1.64157,0.058078790694621185,0.20911322896969695,5.840159
260,wifi,34.7180441250231,2.185038,0.06293666751881134,0.20816180849353164,7.188555999999999
261,wifi,29.988324403395684,12.902028,0.43023504169306165,0.26554133226760285,8.008314
262,wifi,29.936866599073618,5.757615,0.19232523821241088,0.22902634091709276,6.771847999999999
263,wifi,29.997596936642,3.505697,0.11686592787430244,0.22077671171772334,6.585014
264,wifi,32.60718596515542,2.264813,0.0694574810110942,0.21275574342426087,6.906616
265,wifi,30.980917147163677,2.576607,0.0831675507784601,0.2160956531525383,6.67957
266,wifi,29.969052880670475,2.341375,0.07812642626120984,0.20732530741861033,6.199553
267,wifi,30.047950776099043,8.931167,0.2972304855845309,0.25850596832821143,7.7772369999999995
268,wifi,30.043050868663823,2.497017,0.08311462810205121,0.20075971383572586,6.063642
269,wifi,29.7419837327038,2.264485,0.07613765848140147,0.20644464337803065,6.155625
27,wifi,29.78486684059824,1.176789,0.03950962770113777,0.20716122589354585,6.13969
270,wifi,31.354386397281193,4.999047,0.15943692651671468,0.22639833375957702,7.004428
271,wifi,30.07394247863818,8.704755,0.289445090419491,0.25546327599039126,7.717421
272,wifi,33.03027455953246,4.261245,0.12901028092635744,0.21416709283216884,7.059532
273,wifi,32.75281131470062,3.505756,0.10703679651543355,0.21817839230760702,7.107787
274,wifi,25.439728184563055,2.573656,0.10116680419414648,0.21639678386951394,5.500395
275,wifi,27.030019395881876,6.512485,0.24093526921376168,0.24533840852505967,6.550561999999999
276,wifi,29.15216706668743,2.573322,0.08827206547332701,0.20513622684153787,5.887434
277,wifi,27.253517528006586,9.125554,0.3348394933102594,0.2617436384588136,7.041468999999999
278,wifi,24.731516970607082,10.589067,0.42816083674062116,0.276968807880597,6.946267
279,wifi,29.778851405619278,2.919143,0.09802738729705192,0.2092003584010261,6.162395999999999
28,wifi,30.43573971962716,4.669419,0.15341894243460172,0.23271118364235516,7.1046819999999995
280,wifi,31.508154427940894,4.746562,0.1506455102235639,0.22527131444588297,7.063895
281,wifi,28.398371867269205,2.418197,0.08515266337458996,0.21202940619535923,5.963610999999999
282,wifi,29.379131309058156,7.076447,0.24086644787275224,0.23132965072654793,6.759168
283,wifi,29.837842906055847,8.546539,0.28643287073092694,0.2524761549037386,7.509303999999999
284,wifi,23.818089020926813,3.115562,0.13080654779913856,0.20884217038063763,4.953704999999999
285,wifi,27.521156508606005,3.65887,0.13294753797340794,0.2129728614014506,5.936624999999999
286,wifi,31.00038273269477,14.076545,0.4540764906477775,0.2751162561807633,8.512186999999999
287,wifi,34.9778597881928,2.498811,0.07143979120310567,0.20841047207849714,7.224232
288,wifi,34.51018609448295,2.419287,0.07010356285464266,0.20246903599111357,6.901708999999999
289,wifi,33.29813634196217,3.578209,0.10745973778390583,0.21977482646315166,7.20843
29,wifi,31.215093663861847,0.944127,0.03024584869636413,0.20610222812473708,6.378775999999999
290,wifi,29.39861194891272,3.965767,0.13489640282648346,0.2173060340128743,6.309298
291,wifi,35.10984741272841,6.09662,0.17364416109053737,0.23350845674043266,8.175353
292,wifi,32.57772625212441,2.887025,0.08861959787054616,0.20449186247137416,6.610037999999999
293,wifi,31.903776776568908,5.325497,0.16692371681559676,0.2321560407752729,7.397715
294,wifi,29.794642699159162,3.660099,0.1228441984338108,0.22888977454373396,6.765705
295,wifi,30.05739403994702,4.746535,0.15791571929661424,0.22695004839299537,6.888761
296,wifi,34.40311453194935,2.496557,0.07256776120317558,0.20523339849412578,7.066876
297,wifi,29.83701100107691,2.342663,0.07851533787735795,0.20701479461840797,6.168756999999999
298,wifi,32.516262061138306,3.896837,0.11984271109246875,0.2186877299293636,7.031067999999999
299,wifi,32.128122810137235,3.432189,0.1068281835288882,0.21317779080424534,6.813033
3,wifi,32.18314948591369,1.3275,0.04124829363207713,0.08177740668099372,2.678514
30,wifi,29.959350140787453,0.867567,0.028958138141283354,0.20266749252566718,6.0503089999999995
300,wifi,29.570231414785987,2.959065,0.10006905115123246,0.20329276287494683,6.014944
301,wifi,34.69617541405881,5.912202,0.1703992422635836,0.22904489406901601,7.787582
302,wifi,34.27295737896425,12.51148,0.36505399465991767,0.2567198358302395,8.721155999999999
303,wifi,29.869446085242444,2.574511,0.08619212397353379,0.2071556580946034,6.14319
304,wifi,29.917937362107125,2.652971,0.08867492995557066,0.20522133633681727,6.212865
305,wifi,30.082644485611873,2.404662,0.07993519323575818,0.21022267212534954,6.330431
306,wifi,34.509662321821104,6.844732,0.19834247974289645,0.22957064388158652,7.971982
307,wifi,25.513346949324895,6.53163,0.25600835566471347,0.24419244380430513,6.250413
308,wifi,29.38357174703447,7.990518,0.27193828132233244,0.24887799382975279,7.207529999999999
309,wifi,31.021616497474437,3.117507,0.10049466636446251,0.21146209252839676,6.608664999999999
31,wifi,30.09543867320982,2.419516,0.08039477431355038,0.2236941779436493,6.651333999999999
310,wifi,34.30512422580714,2.106069,0.061392256915823715,0.20280808279021176,6.9722789999999994
311,wifi,31.30832277721464,7.226253,0.2308093298839717,0.23388425999782617,7.3887599999999996
312,wifi,29.79260136692903,2.887166,0.09690882526306914,0.20217866882476132,6.069192999999999
313,wifi,33.01423992483365,6.083697,0.18427493753759813,0.2300450679149452,7.545223
314,wifi,30.135369831296977,5.060503,0.16792569755505152,0.22641975257447067,6.843404
315,wifi,30.09156569511246,2.806937,0.09327985882954269,0.20688907514576302,6.0922909999999995
316,wifi,31.810883802350443,9.156199,0.28783227328388367,0.25372278414804467,7.919562999999999
317,wifi,30.004319486338208,2.573327,0.08576521794375995,0.20768138267428654,6.205926
318,wifi,24.92336236173547,3.640649,0.14607374988815486,0.2093176849461034,5.19437
319,wifi,29.794831511673703,5.970087,0.20037324250888625,0.22573929161419887,6.868447
32,wifi,28.839153511610025,0.786317,0.027265606103294458,0.2011346936550651,5.707383999999999
320,wifi,34.85968296787983,12.078,0.3464747516817301,0.2565459019003068,8.853508999999999
321,wifi,31.676452687128982,3.739755,0.11806104164938791,0.22012164084305813,6.877399
322,wifi,30.020022396914644,3.038941,0.10123047077780768,0.21266741220898475,6.3885369999999995
323,wifi,26.199495220326522,2.418526,0.09231193119032383,0.21207359424023872,5.528550999999999
324,wifi,29.85993981443341,3.976029,0.13315596162314117,0.21953734189372934,6.605372
325,wifi,35.48296201275539,2.574307,0.07255051027235523,0.20587447600157813,7.004008
326,wifi,29.7083679818767,5.518481,0.1857551045337292,0.22205503232337714,6.628772
327,wifi,34.620569095055316,2.13633,0.06170695791090047,0.19990159384271927,6.866975999999999
328,wifi,35.18660741930382,2.810478,0.07987351455935295,0.20151605626337823,7.060137
329,wifi,30.107100341608497,2.397662,0.07963775896034705,0.2034700909818812,6.144190999999999
33,wifi,31.30350824541569,1.095098,0.034983235470432424,0.21870321371248294,6.747249999999999
330,wifi,30.087939904110073,4.457634,0.148153513142024,0.21661923644364023,6.5270909999999995
331,wifi,29.74938256082071,3.923193,0.13187477057647443,0.2079630615368877,6.208724
332,wifi,32.99464136163932,6.072228,0.18403679353398814,0.22785796521727456,7.499423999999999
333,wifi,28.340861397744494,2.57216,0.09075800357305672,0.20805288730760232,5.757213
334,wifi,30.041820209488495,9.355171,0.3114049326826487,0.2492628262694379,7.427238
335,wifi,29.98913708838644,5.135535,0.17124650785596568,0.22259753675234994,6.716635
336,wifi,25.08054585377531,6.216845,0.2478751872565084,0.22945976409242907,5.7798039999999995
337,wifi,29.09982293334977,5.446415,0.18716316633522026,0.23678558309238953,6.911661
338,wifi,30.680752871419433,6.915358,0.2253972719959549,0.23558862941091083,7.216076999999999
339,wifi,30.6039847457436,3.898979,0.12740102416049826,0.2156195823768711,6.6353
34,wifi,29.91791811866096,4.261065,0.14242518423573763,0.2246889494464249,6.627065
340,wifi,30.11624811663589,6.605522,0.21933416056401728,0.22969518317761342,6.8537289999999995
341,wifi,29.435040196916315,4.202449,0.1427702823534876,0.21436871620832423,6.258893
342,wifi,34.6194668166448,2.850605,0.08234110060382122,0.20836493398079126,7.0653049999999995
343,wifi,30.016381375498582,8.530493,0.2841945833938254,0.2387620305157775,7.12229
344,wifi,29.998603670237987,5.911863,0.19707127254943663,0.22932944695234891,6.809091
345,wifi,34.248435756028144,5.523286,0.16127119029159848,0.21061687563648362,7.331258999999999
346,wifi,31.15320243408128,3.815947,0.12248971861157341,0.21039936491009856,6.566503
347,wifi,29.791620251002904,2.652949,0.08905017510454777,0.20487883878838267,6.085634
348,wifi,32.60343997649165,3.428745,0.1051651298903508,0.20974555385488397,6.852786
349,wifi,31.869180790577058,2.419273,0.07591261965275618,0.20522079931645176,6.491783
35,wifi,32.50549260987802,1.020066,0.03138134260085062,0.20342187090171282,6.560594999999999
350,wifi,32.32055062673663,4.429547,0.1370504807036218,0.13096213611552293,4.267843
351,wifi,29.929893020980895,3.883229,0.12974416571679195,0.21058027317053077,6.3343799999999995
352,wifi,32.18151470104143,3.111641,0.09669032141297265,0.21868890247090353,6.927879
353,wifi,32.135476104541844,3.72948,0.11605491662446217,0.21697196700159854,7.003431
354,wifi,30.88906454639269,3.882022,0.12567625653310222,0.22181302585873877,6.7815319999999994
355,wifi,33.69341219955542,4.812963,0.14284581720291026,0.22343527141830538,7.269342
356,wifi,29.76360533560466,3.806171,0.1278800386271375,0.20366143800103217,6.127619999999999
357,wifi,29.924106244737022,8.682971,0.2901664273273705,0.2624370838901889,7.845244999999999
358,wifi,32.91563846099776,5.060275,0.15373467557058013,0.2340103624680979,7.739586
359,wifi,25.27853709789732,3.349363,0.13249829240627226,0.22756985493422718,5.6981839999999995
36,wifi,32.096993579069185,1.255533,0.03911684117414496,0.20896674475817292,6.708583
360,wifi,25.0172385395162,3.040245,0.12152600276796155,0.22781770012067726,5.710954999999999
361,wifi,29.858940037571625,4.985312,0.16696212235688748,0.23359869074035858,6.949985
362,wifi,34.31443192240544,3.586857,0.10452910915473963,0.2127688481825978,7.2897989999999995
363,wifi,29.83303386455767,5.446656,0.18257130752198664,0.22725326557069553,6.708743
364,wifi,34.143317521744635,6.766084,0.19816715220162562,0.2437810352663911,7.8433589999999995
365,wifi,32.18030010227244,5.057447,0.15715972144221438,0.23812900433356854,7.223268
366,wifi,29.703301602408864,2.49828,0.08410782186574826,0.21491464691981277,6.384989999999999
367,wifi,34.69518095413421,9.326383,0.26880917590051323,0.2562975751369685,8.737651
368,wifi,33.94771235398182,2.186201,0.06439906692986853,0.21210890146348602,7.150245
369,wifi,34.23267471532118,15.691363,0.45837385277339054,0.28103602994669796,9.463049
37,wifi,29.97691805325416,2.104001,0.07018736870355487,0.22011203897289477,6.566801
370,wifi,33.34031432442561,2.653937,0.07960143909188301,0.214774222363834,7.1574919999999995
371,wifi,29.91057235808218,2.730182,0.09127815968597718,0.2222287315314603,6.711202999999999
372,wifi,30.243046598453745,3.040939,0.1005500219728351,0.2220535056156653,6.654573
373,wifi,34.33834259735689,2.263739,0.0659245271836226,0.20883756123313535,7.1103559999999995
374,wifi,24.520927866562737,3.819508,0.15576523126632427,0.22408317347747903,5.398353
375,wifi,32.692503147166114,2.652107,0.08112278793891904,0.20949934796662006,6.9092839999999995
376,wifi,29.684316455669087,2.340991,0.07886289056027494,0.20728246930723154,6.131202999999999
377,wifi,30.826801713123192,3.194731,0.10363485092389522,0.21677060015860425,6.717658
378,wifi,30.183287799810962,2.731202,0.09048722651139103,0.21942074854866211,6.624451
379,wifi,30.032348819887837,2.805995,0.09343241905014872,0.21458599800065983,6.530945
38,wifi,33.8150419035346,0.867795,0.025662987568538,0.202119086482871,6.8032639999999995
380,wifi,30.467543814193697,4.360763,0.14312814405368912,0.2321252819949216,7.078351
381,wifi,29.94178425671547,2.728979,0.09114283158953472,0.21027100440758922,6.3552
382,wifi,30.353362843650856,3.115946,0.10265570955185863,0.21802189022589746,6.65264
383,wifi,30.04603398105656,10.718776,0.3567451200633661,0.2766240509104093,8.242583
384,wifi,34.265013826239986,2.807103,0.08192329979012977,0.20703401352793813,7.035601
385,wifi,34.169677939043794,5.198546,0.15213915709928041,0.2301406409162659,7.691681
386,wifi,31.750596310802568,2.574451,0.08108354800013912,0.21635547004996553,6.806202
387,wifi,31.360981306463334,7.8554,0.2504832333923506,0.2527414642070873,7.843267999999999
388,wifi,29.865396603185758,3.364898,0.1126687867135528,0.21900830007504998,6.599257
389,wifi,32.581817151070936,12.354372,0.3791799561920358,0.2690410097178726,8.66657
39,wifi,31.437621120036887,1.79596,0.05712773218884994,0.21408257517435184,6.636444999999999
390,wifi,29.968479143779188,2.711065,0.09046388330195791,0.22100180149483956,6.605249
391,wifi,32.386955999295274,2.107008,0.0650573027006875,0.2145000075486204,6.862359
392,wifi,34.81311534448896,11.422044,0.32809600310039905,0.2665000482933992,9.162061999999999
393,wifi,35.17626085441027,2.808707,0.07984666169110054,0.21561303158910572,7.447499
394,wifi,34.062111516562126,4.254517,0.1249046759162688,0.21855901740474543,7.343159999999999
395,wifi,33.22049169612714,2.962855,0.08918757214979484,0.20923920726853568,6.977339
396,wifi,32.4911181488004,3.927414,0.12087654176792322,0.21576265171213227,7.036059
397,wifi,29.162051717827016,2.340336,0.08025278957204963,0.20418586602487157,6.013891999999999
398,wifi,29.86924194390157,3.506323,0.11738908562143437,0.21278777854106437,6.338642
399,wifi,24.994668728530755,4.047022,0.161915408599932,0.22803216607442478,5.711212
4,wifi,29.953771999580184,1.098022,0.036657219665536256,0.21286852307869475,6.4075809999999995
40,wifi,30.934193651138937,1.414476,0.045725323114989995,0.21121654602474665,6.500795999999999
400,wifi,33.97548801456308,8.085303,0.2379745949943193,0.23733797882767763,8.064413
401,wifi,24.85912915042102,2.572042,0.10346468633059254,0.22556441187853526,5.580003
402,wifi,29.73929861380241,2.496721,0.08395359394391494,0.21183568272949527,6.3528839999999995
403,wifi,29.640791226586682,2.884993,0.0973318484633524,0.21354367168112415,6.271173999999999
404,wifi,29.721902442632516,6.527748,0.2196275293144333,0.23212662358281488,6.884119
405,wifi,30.293584632897645,4.651405,0.15354422582756205,0.22737714579425367,6.8028059999999995
406,wifi,29.272923368851515,2.494452,0.08521362791713093,0.2081819137213765,5.916759
407,wifi,34.548221349475085,2.340909,0.06775772843181599,0.2029068297160498,6.986107
408,wifi,34.57059828948311,3.569537,0.10325355002854858,0.21675497848143613,7.426895
409,wifi,32.33586309285976,3.351027,0.10363190215077193,0.21808406596236224,7.015752999999999
41,wifi,29.863302446435572,2.107707,0.07057849692881411,0.2187206457768299,6.51227
410,wifi,34.0279915612569,4.670219,0.13724638997845973,0.21838628347729788,7.37827
411,wifi,34.67641480404578,3.421737,0.09867620454236745,0.21599749753525402,7.426724999999999
412,wifi,30.281558286556102,2.031446,0.06708525303672655,0.19847520371491353,6.033049
413,wifi,31.555671420287393,3.355556,0.10633765180615636,0.2233665096387884,6.941368
414,wifi,28.874290643213246,6.685417,0.231535281077853,0.23656549957391626,6.6811039999999995
415,wifi,35.74394522620487,5.439473,0.15217886457626317,0.2415348234795009,8.315337
416,wifi,29.87071001375904,3.461421,0.11588010457085221,0.20695149687524791,6.191965
417,wifi,32.91590797104959,5.560351,0.16892594926715906,0.2491831760245547,8.242789
418,wifi,34.648976213066376,2.340769,0.06755665695880732,0.20033001221438118,6.891467
419,wifi,34.16462897288435,5.911576,0.17303205618570822,0.22478233840496928,7.908634999999999
42,wifi,29.610971402455288,6.300315,0.21276961550398815,0.23498462769416012,6.955756999999999
420,wifi,30.06918475448856,2.420397,0.08049426746226289,0.20739421149311507,6.220071
421,wifi,31.566745216220877,5.940958,0.18820305860824643,0.22450201246045076,6.991669
422,wifi,28.28562013531474,4.827599,0.1706732600135826,0.22296932831598176,6.131117
423,wifi,32.36306725055729,8.166425,0.2523377940902488,0.2443536069884708,7.8827549999999995
424,wifi,33.97260304265378,4.282157,0.12604736218250934,0.21916094623910157,7.289880999999999
425,wifi,34.537075508798885,3.126963,0.09053931040580881,0.20551409136248716,7.036563
426,wifi,33.695313172610255,9.588325,0.284559604799697,0.25029682697588124,8.356354999999999
427,wifi,30.052824786356172,7.154255,0.23805599143705103,0.23433610670400412,6.993653999999999
428,wifi,34.196772327358374,2.500725,0.07312751554623623,0.2027119252265917,6.888595
429,wifi,33.40617275724741,7.773958,0.23271022563677107,0.24038154039134296,7.943402
43,wifi,34.480959191625125,1.332081,0.03863236496981039,0.20563443825356362,7.02745
430,wifi,33.83565026122317,2.575859,0.07612855021592488,0.20698154865529209,6.904818
431,wifi,29.970003853855147,8.323288,0.2777206182751073,0.23846141600113366,7.165107
432,wifi,33.92152386439735,2.807569,0.08276659419026602,0.19145214760525545,6.511754
433,wifi,29.943126229470142,4.641048,0.15499543916801387,0.2317362421205285,6.925462
434,wifi,30.624997499930338,3.815875,0.12460001017171284,0.21556169626089364,6.618215999999999
435,wifi,29.897321045346413,4.044116,0.13526683524139618,0.214437316931775,6.37062
436,wifi,29.9552437827428,2.420347,0.0807987749174774,0.20729605589196248,6.174225
437,wifi,29.942089038816423,6.533015,0.2181883499020629,0.22875975635443513,6.817043
438,wifi,29.985753541435553,2.109487,0.07034964110823574,0.19634081053336122,5.856815999999999
439,wifi,29.66528992669103,2.957525,0.09969648054371442,0.2087043111263677,6.135381
44,wifi,32.63528690406265,2.652971,0.08129148696620592,0.21337818313424073,7.020428
440,wifi,32.95842773196122,2.425591,0.07359547062519001,0.20105673067028781,6.55471
441,wifi,32.289434265171174,2.342289,0.072540416185814,0.20845831219407904,6.641852
442,wifi,34.73026480221168,2.342271,0.06744178350897113,0.20260821783095903,6.928884999999999
443,wifi,29.84350862028663,2.263875,0.07585820517300344,0.20860261437678249,6.221711
444,wifi,32.107502159647346,8.874835,0.2764100102172967,0.24995577017320114,7.508896999999999
445,wifi,32.87531616586984,3.272501,0.09954279932971144,0.20195611758576096,6.5936699999999995
446,wifi,29.83995998526683,2.263577,0.07585723979246681,0.21487089449892366,6.379299
447,wifi,29.969175964640158,3.117203,0.10401363733450349,0.20973779200988465,6.282482
448,wifi,29.946074839955934,5.368553,0.17927401266081588,0.23195600941512742,6.815949
449,wifi,29.940210838963868,2.108217,0.070414233598395,0.20158437568746282,6.049958
45,wifi,29.967915400452274,0.94413,0.03150469384953453,0.2132188791756237,6.38927
450,wifi,30.074799393392606,2.884793,0.0959206065605141,0.20925178535013428,6.235659999999999
451,wifi,30.393201601405615,4.519338,0.14869568725497453,0.2216387329549063,6.7025999999999994
452,wifi,31.53913759748593,2.268998,0.07194229686803065,0.2052123507823327,6.441877
453,wifi,34.48518148320089,4.902159,0.14215262292843195,0.2173759851810618,7.480422
454,wifi,32.9343537740973,4.282673,0.13003664894643538,0.2103880582867937,7.088182
455,wifi,34.47955449520028,6.567015,0.19046113257971936,0.2303225928044612,7.865241999999999
456,wifi,32.961986054316135,2.292569,0.0695519073463052,0.20653436223733093,6.864271
457,wifi,30.087855538669608,9.868991,0.3280057958040959,0.25334593306839526,7.663752
458,wifi,29.572366629884343,5.679557,0.19205622164377356,0.21547806050889712,6.268835
459,wifi,31.095734535605555,2.962431,0.09526808239914472,0.21039545176104876,6.551085
46,wifi,29.983086262996704,0.944737,0.03150899783008452,0.2097383048986633,6.310791999999999
460,wifi,31.715639322773452,2.503841,0.07894657189527672,0.20850116583137376,6.512231
461,wifi,33.68685574061323,2.263367,0.06718843151844714,0.2034166393911824,6.790595
462,wifi,32.728581853989894,2.665199,0.08143337868686447,0.101638007236191,3.36626
463,wifi,29.679895941655474,9.200544,0.3099924614994057,0.24155960148474306,7.150554
464,wifi,30.077533625294333,7.308983,0.2430047320719594,0.23161660427789318,6.928579999999999
465,wifi,31.75239471826321,4.134395,0.1302073445698883,0.21329325403055635,6.7283859999999995
466,wifi,32.26670684096292,2.587328,0.08018568528708235,0.20704191966467128,6.636468
467,wifi,33.23967246296938,5.063959,0.15234683812367578,0.21864978105942479,7.293985999999999
468,wifi,29.85134486584389,8.241764,0.2760935574942984,0.23465924618057055,7.0302109999999995
469,wifi,31.35506729113715,7.578321,0.24169366085660082,0.22955766155496746,7.23325
47,wifi,30.781163922382476,5.522931,0.1794256712945156,0.24346938065786883,7.366974
470,wifi,29.992661105294477,3.117563,0.10394419451662694,0.20286437260306914,6.1316239999999995
471,wifi,31.154530557461115,12.215116,0.3920815297624388,0.26101926966665756,8.069697
472,wifi,29.947633583920517,2.188525,0.07307839512151179,0.20446465394760716,6.075222999999999
473,wifi,29.930622979270524,2.730235,0.09121878291310266,0.2057955407738402,6.112956
474,wifi,34.70803920386437,3.351595,0.09656538015051096,0.21342374168123407,7.3527309999999995
475,wifi,29.69391351792145,5.243769,0.17659406857352022,0.22273807484957883,6.536944999999999
476,wifi,31.637175453918974,2.689635,0.08501501671404198,0.21408332759929585,6.674500999999999
477,wifi,25.241089255483224,5.57103,0.22071274118210976,0.2353874498311176,5.925866999999999
478,wifi,31.14927321801027,3.038599,0.09754959541858928,0.21395688463400978,6.555543999999999
479,wifi,29.720170282405057,3.660151,0.1231537694845202,0.20603469793508958,6.175509
48,wifi,32.18556108402639,1.643419,0.05106075347605559,0.20863950071748186,6.647736
480,wifi,29.858789077858475,4.824519,0.16157785191555474,0.21335200125132103,6.3529219999999995
481,wifi,30.12099191289805,2.653333,0.08808916411759407,0.20758058751641498,6.192322
482,wifi,31.173578162547397,3.112404,0.09984108926383398,0.20908163299585952,6.599938
483,wifi,33.23666433956058,5.368505,0.16152357965748185,0.1444704695814649,4.675179
484,wifi,33.70937412581963,11.945833,0.3543771817124932,0.2538919947018885,8.423176999999999
485,wifi,34.125547354595476,2.369597,0.06943762616838733,0.20088025786965763,6.819185999999999
486,wifi,32.39780828883767,6.194367,0.19119710027218736,0.15263314229234035,4.92545
487,wifi,33.00397253210572,2.946263,0.08926995067439,0.20065682429507223,6.57503
488,wifi,33.51872783359902,2.658352,0.07930945390282025,0.20003001824598468,6.6845159999999995
489,wifi,30.578156980632283,4.514681,0.1476439866163133,0.21483335162796027,6.552001
49,wifi,29.87236479222254,1.954211,0.06541869094035672,0.210430831954293,6.3106409999999995
490,wifi,33.58736396635266,2.418513,0.07200663328098125,0.20294117450649388,6.700073
491,wifi,29.921946209369455,2.258689,0.07548603236552631,0.20590634155899354,6.218938
492,wifi,29.91138488715307,6.309103,0.21092647578179366,0.22849657901421094,6.791759
493,wifi,34.72860625789857,2.653597,0.07640954492368877,0.21095856016848566,7.2309529999999995
494,wifi,34.25183997785391,3.738194,0.10913848722921135,0.1037902840481928,3.5113149999999997
495,wifi,29.811359363171313,2.419629,0.08116466513731635,0.2045111388473327,6.167733999999999
496,wifi,25.268529840132256,8.131919,0.32182002876497534,0.25172450391591095,6.326296999999999
497,wifi,29.849489060274536,2.342561,0.0784790987634565,0.1976994438632547,5.893084
498,wifi,24.87049428569016,2.572812,0.1034483661822648,0.19818989203282966,4.90689
499,wifi,29.216684644231876,10.320615,0.3532438784780995,0.24912239271231748,7.485561
5,wifi,29.121301527449315,1.406238,0.04828898181884146,0.21258962636674494,6.396272
50,wifi,32.818659613525014,2.264013,0.06898554135547234,0.20987741551023606,6.834973
500,wifi,31.29742776794221,7.974297,0.2547908108975023,0.23399103981871333,7.409533
501,wifi,33.16954848846781,0.867968,0.026167615766665316,0.0758496627772244,2.349608
502,wifi,32.44649714470146,2.109967,0.06502911517968156,0.2082812569554641,6.729261999999999
503,wifi,33.145153631197644,2.57697,0.07774801796587376,0.21410647684743744,7.1405639999999995
504,wifi,29.99311799354013,1.951659,0.06507022712411377,0.20679694745835112,6.239218999999999
505,wifi,29.212325926105425,4.669259,0.159838658921279,0.23147924594759295,6.958473
506,wifi,34.796083706854546,0.868421,0.024957435075629735,0.20319428092443037,7.071009999999999
507,wifi,30.104455761646832,1.100443,0.036554156923240835,0.21229310393959291,6.357264
508,wifi,34.06475366136933,1.877812,0.05512477849295318,0.10382058074359914,3.487678
509,wifi,34.5736432125248,2.107624,0.060960425461800416,0.220871483764723,7.565976999999999
51,wifi,29.71250439625537,1.254035,0.04220563111327783,0.2019435087613612,5.974063999999999
510,wifi,29.87645712014909,1.176722,0.03938626307891114,0.20396991532499623,6.089747
511,wifi,31.03893804906096,1.253837,0.04039561527582395,0.21124207173261025,6.387360999999999
512,wifi,29.935942925179162,1.177681,0.039340033582488255,0.20397269505517351,6.155641999999999
513,wifi,28.884871202456587,1.02446,0.03546700945347723,0.21392681219255089,6.391534999999999
514,wifi,30.808274364582637,2.190339,0.07109580283789038,0.213021015295212,6.344213
515,wifi,32.74016818964834,1.099626,0.033586449331304155,0.2014243018812666,6.632515
516,wifi,30.02532292484816,1.331833,0.04435699170774981,0.21306061802557952,6.41535
517,wifi,33.81691037549252,11.077922,0.32758527840048596,0.2312845331405368,7.720101
518,wifi,30.03929664928745,1.177846,0.03921017238690704,0.20487725250494634,6.104718999999999
519,wifi,24.946310682417,6.375698,0.25557678973724185,0.2367339108130992,6.071308
52,wifi,31.654676589206883,2.108987,0.0666248158958948,0.21450664631574515,6.675996
520,wifi,33.33953864194224,4.592295,0.13774320782659966,0.22409459472737617,7.464029
521,wifi,31.24557822630339,4.748204,0.15196403041768103,0.23700604722444404,7.394756999999999
522,wifi,33.417853406906715,0.868569,0.025991166740245694,0.20617923768923177,6.793837
523,wifi,33.64065269848033,9.052992,0.2691086906410991,0.2512799861537113,8.423943
524,wifi,31.285255850386168,10.753365,0.3437198996046333,0.2744733335888192,8.509869
525,wifi,31.61117249040733,0.945276,0.029903224889454884,0.2057318320617993,6.5314119999999996
526,wifi,32.19691856011674,0.945168,0.029355852742094613,0.20527722836737827,6.584394
527,wifi,34.70361578220937,3.058578,0.08813427451464478,0.221770790664832,7.527112
528,wifi,29.357676260385688,2.262704,0.07707367503923396,0.20383480364329212,5.773496
529,wifi,30.152294908615797,0.868034,0.02878832283349569,0.2044259642031913,6.1390579999999995
53,wifi,31.234818979276945,1.798003,0.05756406019810466,0.19872246384376835,5.843461
530,wifi,29.80152827592055,2.186983,0.07338492777120659,0.2058310511509123,6.1918169999999995
531,wifi,32.64296929804849,1.6445,0.050378382707308246,0.20925542872554298,6.7783929999999994
532,wifi,31.047573316639795,3.194362,0.1028860441820101,0.2229768220215898,6.8915049999999995
533,wifi,31.723621313373908,1.01855,0.03210699024359505,0.20221021566021605,6.353133
534,wifi,33.18045087640249,0.868783,0.026183580302637396,0.20011881425950087,6.564210999999999
535,wifi,31.75693179082525,10.137515,0.31922211713566057,0.26521098831005885,8.411446999999999
536,wifi,30.008230819274047,1.255087,0.041824758265784454,0.20884912928836533,6.285252
537,wifi,29.97227877692347,4.281367,0.14284422722293472,0.22608292063166668,6.7702919999999995
538,wifi,34.03735503306701,1.101289,0.032355304897519414,0.20055354024882371,6.778295
539,wifi,33.234750285213295,0.865736,0.02604912004966021,0.20058633293533532,6.601113
54,wifi,31.473724866766936,0.944529,0.030010079963472224,0.20409439087686887,6.1823
540,wifi,34.76383954685535,0.943036,0.027126923041080043,0.19724031414402757,6.727422
541,wifi,30.10262346153682,0.867321,0.028812139948805677,0.19802743626987976,5.953443
542,wifi,29.852577808708908,4.36223,0.14612573922267458,0.21285330680582412,6.487869
543,wifi,34.330272239304335,3.178549,0.0925873519977775,0.21137210988976654,7.207712
544,wifi,33.79883323126643,1.565648,0.046322545789884234,0.20222660643350443,6.8122
545,wifi,30.985193972013544,4.303759,0.13889727473990457,0.2298831879889153,7.083602
546,wifi,29.741122868255143,1.253814,0.04215758784744091,0.19685311231782307,5.889796
547,wifi,30.014330799926558,14.465342,0.48194784339604185,0.24229377737188018,7.237266999999999
548,wifi,32.98719782713075,3.098992,0.09394529405741744,0.21384994754525702,6.997705
549,wifi,30.736081493044402,1.022847,0.03327838001182653,0.2070428248551702,6.342536
55,wifi,24.738469742245943,1.640466,0.0663123474124421,0.20441778222798707,5.018473
550,wifi,31.748453721959038,0.967667,0.030479185174637543,0.2007133722427435,6.338138
551,wifi,29.524077195956625,6.144854,0.20813026463843376,0.2243619473205389,6.695741
552,wifi,30.784244953781055,1.153737,0.03747816461739442,0.21855349200354635,6.644425999999999
553,wifi,30.015650187622764,1.644085,0.054774259085613744,0.20278904635912876,6.105453
554,wifi,29.872426968454025,1.332827,0.0446172988022532,0.20153456036404477,5.981008999999999
555,wifi,29.60493510519251,4.277935,0.14450073897475554,0.22017651067342542,6.463362
556,wifi,33.4202347047741,1.72148,0.05151011102127554,0.20173671480231622,6.615443
557,wifi,30.259093175544212,0.945283,0.031239634132988157,0.20054134277243355,6.052868999999999
558,wifi,34.06415869889464,2.185038,0.06414478100910513,0.21397853487368573,7.245495
559,wifi,34.21739072182738,2.573893,0.07522177891717809,0.2035765257105234,6.935243
56,wifi,29.576069020928497,0.866429,0.029294934339884757,0.2045165471455976,6.199656
560,wifi,30.393793435382015,2.575689,0.08474391343995875,0.21370847761433898,6.554672999999999
561,wifi,29.96442857187327,0.94605,0.031572435887798955,0.19663614405118085,5.9074349999999995
562,wifi,32.69001956911284,1.720623,0.052634505047091815,0.20381257905006167,6.556951
563,wifi,24.528719054278582,2.307381,0.0940685485815257,0.20833801894359308,5.011559
564,wifi,30.006884895968152,6.615,0.22044940762540863,0.23626071363237322,7.095269
565,wifi,33.77045876573224,2.031235,0.0601482797166246,0.20396455289695592,6.911343
566,wifi,33.69443327149152,1.644754,0.04881381997873245,0.20451500389592428,6.943987
567,wifi,30.171282425169316,1.095027,0.03629368432435317,0.20266082172303138,6.07967
568,wifi,29.709296315989416,13.130368,0.44196159546644304,0.26477988639323413,7.846540999999999
569,wifi,29.712843842488898,1.178215,0.039653390508355556,0.19612926393393262,5.841362999999999
57,wifi,32.76373827403104,2.573605,0.07855040772437961,0.20718270531792868,6.792541
570,wifi,29.63171369062037,0.945003,0.031891608088098246,0.19442186590502594,5.731923
571,wifi,29.52800406080667,2.730501,0.09247157357392363,0.20794721362877505,6.054072
572,wifi,32.399954300890435,12.368042,0.3817302297756665,0.25998648360374005,8.464516
573,wifi,32.08089959459551,1.296137,0.04040214010140642,0.19739391977886975,6.370214
574,wifi,30.014705202195035,1.333413,0.04442532388765507,0.202058147910913,6.065079
575,wifi,29.767799561548905,3.243002,0.10894328931819969,0.2106101878644852,6.265620999999999
576,wifi,34.30311972421911,0.869943,0.025360463042251875,0.19601441342477435,6.677487999999999
577,wifi,34.56443380752785,2.266083,0.06556112021445773,0.204373196087984,6.953075999999999
578,wifi,34.88441460828098,1.177927,0.03376656920366896,0.19775266829604657,6.791322999999999
579,wifi,32.856775323131366,1.257332,0.03826705413524956,0.2006691394094043,6.519266
58,wifi,29.827001863350148,1.256052,0.04211123886183715,0.20088814366903113,6.009352
580,wifi,31.568905160549182,0.989031,0.03132927781214173,0.19729146065308842,6.216988
581,wifi,32.22711038872726,4.287608,0.13304351362198966,0.21955893897762863,7.059857999999999
582,wifi,29.978402681887975,0.901795,0.030081489316468375,0.19664178470824728,5.889575
583,wifi,32.76611024911464,1.024117,0.03125537307339287,0.19674074007239986,6.258335
584,wifi,33.447458274889236,6.300401,0.18836710844273755,0.22631965067899873,7.632962999999999
585,wifi,31.60453722267647,1.720478,0.0544376900024831,0.20262509193510822,6.371961
586,wifi,30.405318865728216,1.255975,0.04130773979205625,0.20345419533311476,6.215191
587,wifi,30.08942974559708,2.424835,0.08058760237404701,0.20783947992757434,6.265935
588,wifi,25.92979315119303,1.020331,0.03934975470303953,0.20484946659045047,5.206135
589,wifi,30.2542491218338,4.595541,0.1518973742000261,0.22016589936223915,6.778613
59,wifi,30.986433231563247,2.109127,0.06806614314846704,0.22467264576209664,6.760231999999999
590,wifi,30.13828255035577,0.944282,0.0313316460027963,0.20046202383284362,6.028911
591,wifi,34.3041618302495,1.957647,0.05706733222887672,0.19976219715715732,6.773985
592,wifi,29.71059874476197,1.17679,0.039608424256595304,0.1982388936937825,5.872794
593,wifi,29.928612423059796,1.268038,0.04236875342149124,0.20014976713967433,5.9692549999999995
594,wifi,31.881981009035794,1.953289,0.061266236857942136,0.20171245754686246,6.427836
595,wifi,29.780039581984276,4.877674,0.16379004421977988,0.2156016385989308,6.335221
596,wifi,27.790778690941398,2.263918,0.08146292067512093,0.2119410613601822,5.717192
597,wifi,33.50962818856258,1.41029,0.04208611304381338,0.19844574328541095,6.670704
598,wifi,29.767678858268226,2.54421,0.08546887421466938,0.21277578491655297,6.322469
599,wifi,34.40561391607699,1.007429,0.02928094823296411,0.19158665509729803,6.553792
6,wifi,29.154448658310407,1.24987,0.04287064436197896,0.20145673789198734,5.816027999999999
60,wifi,35.82575702637536,1.953149,0.05451801056323995,0.19839145504131922,6.809647999999999
600,wifi,30.469546167234277,2.571683,0.08440174940201389,0.11007479246215389,3.561641
601,wifi,30.047624723990094,4.482109,0.149166832359347,0.22711951348673126,6.776485
602,wifi,30.08833618094525,4.42915,0.14720488276134563,0.24082125167603466,7.122262
603,wifi,30.548417955243856,6.747389,0.2208752351720971,0.24156931739878293,7.409571
604,wifi,29.51689518219335,13.482367,0.4567677906764904,0.28246958812832934,8.438523
605,wifi,30.07757982797308,2.582493,0.08586106378140843,0.2186163869818221,6.5519
606,wifi,33.68010520447131,6.297494,0.18697964159458613,0.23823759002657252,8.016736
607,wifi,31.491843431852413,2.652397,0.08422488844578829,0.21868062833392193,6.783106999999999
608,wifi,26.32316889743997,6.064466,0.23038510384628474,0.25316157279719836,6.561872999999999
609,wifi,33.31447051346595,13.793601,0.4140423301767479,0.2843745157245654,9.393441
61,wifi,29.892620309389834,1.177159,0.03937958559056907,0.20828870116610868,6.280132
610,wifi,36.27307778813667,2.031132,0.055995579196874604,0.21507032305448173,7.146824
611,wifi,34.56669160995009,2.180534,0.06308194097963166,0.21249384986277625,7.331605
612,wifi,29.760283756710177,2.185531,0.07343784144891492,0.2118158100782132,6.313981
613,wifi,32.802933923707776,2.417328,0.07369243268367882,0.215098704565044,7.046847
614,wifi,32.282397103564,4.140715,0.12826541308925482,0.32415423860473935,10.416508
615,wifi,32.551508857026796,4.43746,0.1363211769841538,0.23429625950678645,7.503610999999999
616,wifi,34.516050160167815,2.095333,0.06070604806392519,0.20978720692758648,7.194957
617,wifi,29.953998289893235,2.582342,0.08621026064728417,0.21604074538434992,6.5088349999999995
618,wifi,24.653081427629967,2.183972,0.08858819561405054,0.21421396221173994,5.208698
619,wifi,32.3307019319174,2.264815,0.07005152578404546,0.21705619782434435,6.9234849999999994
62,wifi,32.9185261301617,3.272103,0.09940004564791026,0.21032095725343689,6.956007
620,wifi,29.907246464074667,9.06971,0.30326128521710494,0.36294936218543045,10.641886
621,wifi,32.46903626877538,3.899036,0.12008474682538084,0.21916367951679525,7.086904
622,wifi,32.63414871782325,6.061697,0.18574705448619175,0.23870333781317105,7.665577
623,wifi,32.38210718873396,2.418462,0.07468513354935115,0.21794906823573013,6.970578
624,wifi,33.1394070651103,17.448234,0.5265101444246956,0.2816964796322487,9.195867
625,wifi,35.02285003253358,3.892604,0.11114469543124174,0.21497823672575744,7.525214
626,wifi,34.55355102953495,3.27276,0.09471559079998984,0.13848647122510516,4.714307
627,wifi,34.1730110732387,6.221566,0.18206080777213643,0.23563691650668991,7.961999
628,wifi,32.97451475685681,6.378987,0.19345203552005374,0.24031964551085716,7.82956
629,wifi,30.01798792565635,2.806246,0.09348547967139076,0.2121315577910854,6.421904
63,wifi,33.782659794814506,1.099867,0.03255714637865266,0.20167005774067892,6.793717
630,wifi,32.43321750119384,2.122523,0.06544287503766384,0.2127939729127589,6.815827
631,wifi,29.31569499461829,2.882784,0.0983358573122423,0.21003498158666037,6.16761
632,wifi,29.95902052317125,5.990803,0.19996658420012509,0.239902665248559,7.100347999999999
633,wifi,29.82616917665982,5.988876,0.20079266514341831,0.23340859965716312,6.905599
634,wifi,34.733974380904066,2.137841,0.06154898879568862,0.20212222153434947,7.032038999999999
635,wifi,34.0905269738495,1.985882,0.0582531916131232,0.298872827358731,10.099853
636,wifi,28.109983884496426,13.040918,0.46392477681897537,0.33274850472870393,8.988197999999999
637,wifi,33.586249390583056,2.652535,0.0789768148611354,0.24871821462629115,8.217198999999999
638,wifi,30.025395475903487,15.411575,0.5132846630569236,0.2738404492880521,8.266506
639,wifi,29.41627900669565,2.18501,0.0742789392058273,0.21284787768853006,5.80821
64,wifi,29.986116354263768,1.642577,0.054777917239904245,0.2009112966673636,6.06584
640,wifi,30.26164335421011,3.273179,0.10816263220366792,0.22906584791127596,6.916780999999999
641,wifi,29.910707551709063,7.076659,0.23659283177323728,0.2408506635601081,7.172041999999999
642,wifi,30.567794368186387,4.753522,0.15550752346552216,0.23117690694150506,7.052769
643,wifi,34.460335153529705,2.419353,0.0702068911756417,0.20848996480287538,7.128989
644,wifi,34.66335162143392,2.187211,0.06309865889158706,0.20521509847693806,7.092292
645,wifi,31.876758113270743,3.345194,0.10494147454120652,0.21726026165057952,6.859896
646,wifi,34.4451223780525,6.746033,0.19584871628438136,0.2400713709957965,8.160859
647,wifi,32.17562613863802,6.842635,0.21266516991826423,0.20124625487556255,6.398524
648,wifi,31.64517863081644,9.871287,0.31193652325878257,0.25659486992243924,8.065324
649,wifi,31.763176379719745,2.108433,0.06637979069833201,0.20770876062647886,6.600880999999999
65,wifi,29.18289279807075,1.951698,0.06687815404403721,0.20312641818013952,5.839404
650,wifi,29.99544901825836,10.665141,0.35555863802899174,0.27341294649569003,8.154404999999999
651,wifi,34.0269498912674,7.541319,0.22162782806270234,0.2374620550782854,7.975059
652,wifi,24.753044268301785,2.800875,0.11315274879489227,0.20944350654010757,5.2128049999999995
653,wifi,34.3342484760358,2.200581,0.06409288386014723,0.20309879804627545,7.072832
654,wifi,33.726535854755596,4.106577,0.12176100794001213,0.21726460128863143,7.293353
655,wifi,29.868369418934698,2.094999,0.07014105693603416,0.20915779353837818,6.186685
656,wifi,25.330308197361852,2.262208,0.08930834881178465,0.21282285456639788,5.305861
657,wifi,32.698570164127155,2.244859,0.06865312424158482,0.21086671010154592,6.850896
658,wifi,29.976048900988857,10.876266,0.3628318740713427,0.2730841311546491,8.192321999999999
659,wifi,33.08691973859047,5.910855,0.1786462761326784,0.23195872140679444,7.517792999999999
66,wifi,29.597558433665462,1.414789,0.047800868547006964,0.20472429503999431,6.117635
660,wifi,33.98761826302037,2.121451,0.062418348458038536,0.20578310589329082,6.917599
661,wifi,33.9475214212111,6.76572,0.19929938083116255,0.2347582026221817,7.952945
662,wifi,31.146532748193323,2.497487,0.08018507293223091,0.21646196225833966,6.66908
663,wifi,30.019539662008054,3.659594,0.12190706590452773,0.22329652109090908,6.742706999999999
664,wifi,33.733467639541935,12.764385,0.3783893531608874,0.26412491043393954,8.83839
665,wifi,29.995424097577697,2.883996,0.09614786544167912,0.211873807060477,6.3646579999999995
666,wifi,28.617601106111948,2.877945,0.10056555716633245,0.21372951613314436,5.9153389999999995
667,wifi,30.51577278714682,3.194789,0.10469303931066228,0.2145208423416576,6.558395
668,wifi,30.002145977242836,6.534459,0.21779972022523,0.23843695951484195,7.1586419999999995
669,wifi,29.846031571178308,4.747015,0.15905012325270385,0.22881722846362904,6.833734
67,wifi,29.945307772228077,1.178245,0.03934656504324627,0.2094269029671623,6.2664919999999995
670,wifi,29.33457188529568,2.652959,0.09043796549592151,0.2075310344355456,6.238379999999999
671,wifi,30.143537955704854,2.496905,0.08283383999811625,0.21109460280910547,6.358880999999999
672,wifi,31.76523582971862,2.122357,0.06681382790221206,0.20362800276454998,6.439521999999999
673,wifi,30.567785402954776,12.26233,0.4011520572509216,0.2674566584433624,8.110417
674,wifi,29.91397329714954,2.573898,0.08604333414462408,0.2080152619842705,6.281908
675,wifi,29.942751540098552,3.354442,0.11202851533226059,0.2177713589694909,6.638834999999999
676,wifi,29.990330684281407,3.349831,0.11169703446303512,0.21784470117666782,6.5183599999999995
677,wifi,32.0511929417829,3.195776,0.09970848841117205,0.20930678965273977,6.71333
678,wifi,30.001551476561986,2.03044,0.06767783331426157,0.19874378697567813,5.967801
679,wifi,32.89035045201222,3.164071,0.09620058638829199,0.20914946845336338,6.8240609999999995
68,wifi,30.308233338225847,1.533178,0.05058618834329417,0.2035616931208392,6.075927
680,wifi,30.915247036918206,11.271924,0.36460727570895207,0.2624914027889879,8.028718
681,wifi,33.4582192706319,10.179653,0.30424969475094676,0.21420295360220903,7.124929
682,wifi,31.51039780484572,2.108405,0.06691140534175566,0.2083595407086538,6.5362729999999996
683,wifi,32.62772354980696,6.304953,0.19323913267731802,0.2297157329719073,7.549669
684,wifi,29.905596344132626,5.683866,0.19006027950735566,0.23209490957055595,6.940176
685,wifi,30.005839317979248,11.501387,0.38330495868210773,0.2628266331247183,7.923455
686,wifi,34.89312109533536,0.0,0.0,0.20731856983195138,7.236066
687,wifi,33.44993133174275,0.0,0.0,0.25605099403499915,8.541806
688,wifi,30.57456429459578,0.0,0.0,0.22111431621264788,6.873392
689,wifi,30.117661804999795,0.0,0.0,0.2122390918530546,6.354743999999999
69,wifi,29.9440639333836,10.782103,0.3600748056104504,0.26189221327022016,7.950086
690,wifi,29.75955162772768,0.0,0.0,0.20845486257979265,6.212517
691,wifi,29.854468616446095,0.0,0.0,0.2113462044946621,6.378697
692,wifi,30.05052012194906,0.0,0.0,0.2134692374069714,6.358097
693,wifi,34.36631762722188,0.0,0.0,0.20607965830529262,7.106841999999999
694,wifi,26.954262415464612,0.0,0.0,0.24201484434943407,6.343046999999999
695,wifi,28.26270220830667,0.0,0.0,0.21374428485491007,6.000296
696,wifi,29.988666909341966,0.0,0.0,0.2059823455048346,6.157552
697,wifi,34.00581941286908,0.0,0.0,0.19910724388767323,6.800605999999999
698,wifi,30.599735875506912,0.0,0.0,0.2720595929803232,8.282528
699,wifi,30.05208191402641,0.0,0.0,0.22965700451197832,6.870778
7,wifi,31.34881667241493,1.018262,0.03248167261432899,0.21218750704792902,6.6949119999999995
70,wifi,32.168450930235686,0.945595,0.02939510522439297,0.19591885592092614,6.284402999999999
700,wifi,33.81654487506731,0.0,0.0,0.2581725760050112,8.657048999999999
701,wifi,33.364261206289015,0.0,0.0,0.20196571626860904,6.704899999999999
702,wifi,33.959092524318464,0.0,0.0,0.20644404289416077,7.044429999999999
703,wifi,30.698650175175032,0.0,0.0,0.21549453213343303,6.686832
704,wifi,30.455350724587056,0.0,0.0,0.23216104961338677,6.848974
705,wifi,34.24428276808326,0.0,0.0,0.21243533033166762,7.211221999999999
706,wifi,32.70553005262878,0.0,0.0,0.21481305651542634,7.017755999999999
707,wifi,30.06214403082431,0.0,0.0,0.20079782998704912,5.987191
708,wifi,34.29332668893453,0.0,0.0,0.21861463659461147,7.411898
709,wifi,30.078308821012683,0.0,0.0,0.2485407947932998,7.558389999999999
71,wifi,24.93678376253927,2.260876,0.09066429823225042,0.19015635945551046,4.744676999999999
710,wifi,29.996332872237044,0.0,0.0,0.2267002605613179,6.862197999999999
711,wifi,29.9832138230392,0.0,0.0,0.263429789293292,7.9033109999999995
712,wifi,32.934961906704665,0.0,0.0,0.2100836930838413,6.931032999999999
713,wifi,32.55650116285815,0.0,0.0,0.2252262048475631,7.1576759999999995
714,wifi,30.13406771054377,0.0,0.0,0.26029217345430655,7.829618999999999
715,wifi,32.72696377577853,0.0,0.0,0.25149749877277017,8.158655999999999
716,wifi,33.80730486987545,0.0,0.0,0.2502417490397645,8.399923
717,wifi,30.700449968871695,0.0,0.0,0.2236210826689919,6.85049
718,wifi,33.73595689565893,0.0,0.0,0.20403638684845188,6.863849999999999
719,wifi,34.19615467761805,0.0,0.0,0.21511645112968344,7.253591999999999
72,wifi,27.294599737222246,2.233364,0.08182439096017635,0.20121680431340902,5.491517
720,wifi,32.086093634195336,0.0,0.0,0.21596955788494338,6.80758
721,wifi,29.96371011373464,0.0,0.0,0.21010746529233335,6.328868
722,wifi,30.914881602377548,0.0,0.0,0.22275382117000395,6.942861
723,wifi,29.88923695843403,0.0,0.0,0.22893496913021147,6.933751999999999
724,wifi,31.50504759358072,0.0,0.0,0.2005072171450395,6.3578969999999995
725,wifi,32.203143253777775,0.0,0.0,0.22620333222708766,7.256621999999999
726,wifi,30.07333844946536,0.0,0.0,0.2102950093046705,6.268235
727,wifi,32.634076781835375,0.0,0.0,0.20560664185868613,6.677117
728,wifi,30.04877526246032,0.0,0.0,0.20826034697625495,6.199565
729,wifi,32.62770507048704,0.0,0.0,0.19932391405420533,6.526546
73,wifi,34.53373360357839,1.334233,0.038635642914143134,0.19898702730759693,6.79165
730,wifi,31.674802442511822,0.0,0.0,0.20304566801130075,6.418054
731,wifi,32.388183453982954,0.0,0.0,0.2547255810221274,8.227872
732,wifi,30.695816451293172,0.0,0.0,0.2184128743924125,6.73029
733,wifi,32.68856288074166,0.0,0.0,0.21182275983300797,6.79408
734,wifi,30.00195851795184,0.0,0.0,0.2248488369876411,6.715700999999999
735,wifi,29.560562952534355,13.254825,0.4483955539440634,0.23795879075371731,7.098879999999999
736,wifi,34.20700182296663,13.36716,0.3907726280479007,0.2767258204441541,9.465131
737,wifi,33.55666880292116,4.281207,0.12758140640072457,0.22775416542755958,7.7345429999999995
738,wifi,34.299255029263676,6.217745,0.18127930168439813,0.24109335385003416,8.264469
739,wifi,30.506584877936557,3.116224,0.10214922491221767,0.22208353103504083,6.670846
74,wifi,29.6136533111156,2.651111,0.08952326726283702,0.20427276581630402,6.046862
740,wifi,30.15931368911055,2.187135,0.07251938895379095,0.21880150743986068,6.676317999999999
741,wifi,32.09794099295144,5.757036,0.1793584205686034,0.24857935404671372,7.9736329999999995
742,wifi,24.605834735346015,4.04701,0.1644735910619815,0.22398008290763963,5.444463
743,wifi,30.482659174476087,3.505751,0.11500804375149315,0.2312326685747128,7.0611619999999995
744,wifi,32.273189638660426,2.429861,0.07529038893290056,0.2217589329127021,6.921379
745,wifi,31.575087581707496,2.962485,0.09382349272457019,0.22369366292551895,7.074973
746,wifi,32.39101937899471,2.418499,0.0746657266849828,0.21994803422136658,7.004842999999999
747,wifi,27.333826541840278,2.262389,0.08276883576973496,0.22369531727813463,6.114313
748,wifi,30.5334153294374,2.187759,0.07165130321634121,0.2213325255379118,6.811528999999999
749,wifi,30.04207985595949,2.653047,0.08831102948665225,0.22213979439775958,6.6966
75,wifi,29.25498872230331,1.875189,0.06409809341578725,0.20565781143874529,6.103077
750,wifi,29.916104073971656,4.048966,0.1353440270828173,0.23430243290381872,7.003362999999999
751,wifi,34.87043657613233,2.576191,0.07387894310916998,0.21632713575118456,7.5984739999999995
752,wifi,34.09613378671008,11.160152,0.32731429521636796,0.2743630584914663,9.231944
753,wifi,33.99487157442357,2.108957,0.06203750455073635,0.2094520977212619,7.176854
754,wifi,33.8599348626043,2.41986,0.07146676477138028,0.21681397813497713,7.241249
755,wifi,32.2546490940207,2.969471,0.09206334849106991,0.2912165747181096,9.349948999999999
756,wifi,34.98422456103252,3.255146,0.09304610980646895,0.27396969962489337,9.46359
757,wifi,29.834536216491784,3.039764,0.10188742261459036,0.24144286749319138,6.815760999999999
758,wifi,34.20011304785985,12.199971,0.3567231190998487,0.2722789532268999,9.246696
759,wifi,34.40067973030847,9.327254,0.2711357471167144,0.26770567248808563,9.380469
76,wifi,33.91099457511441,0.868003,0.025596506704553695,0.19365309731886948,6.59153
760,wifi,29.95110561173401,6.703338,0.22380936740357985,0.24456981553589796,7.32691
761,wifi,33.77639308260635,4.105648,0.12155377248123822,0.23250266866572306,7.751999
762,wifi,30.471273841414604,2.031898,0.06668241080352783,0.310062542084153,9.477129999999999
763,wifi,29.730113386871203,2.264806,0.07617885510655795,0.2836992114663821,8.291837
764,wifi,33.58295794633149,2.601877,0.07747611166824636,0.2170187208626571,7.194477
765,wifi,29.86033347726265,6.924947,0.2319112412215037,0.23640821404612075,6.939731999999999
766,wifi,34.04493528186099,3.743709,0.10996375728153121,0.22181877068286393,7.4648959999999995
767,wifi,33.33013548118329,13.445789,0.4034123715935956,0.3074301152986858,10.12233
768,wifi,34.28099098062499,2.575029,0.07511536062231575,0.21250119815817173,7.214722999999999
769,wifi,34.04532663549143,4.470184,0.13130095792178245,0.22536171039255548,7.5926149999999994
77,wifi,30.808038593568252,1.344312,0.043635105036535816,0.20473393517702917,6.3000989999999994
770,wifi,30.045344257026475,7.234653,0.24079115013994512,0.258492606127235,7.558711
771,wifi,32.56864128887309,6.687867,0.20534682244435157,0.24203169111565004,7.755809999999999
772,wifi,33.89894469109556,5.782791,0.17058911575849145,0.24012148367271358,8.184856
773,wifi,33.31846654641153,11.546494,0.3465493822747248,0.3200143144314166,10.929216
774,wifi,34.486734652755835,6.066224,0.17590021383817062,0.22681929011078655,7.9147229999999995
775,wifi,34.40503317016356,8.085599,0.23501209721291372,0.25398576235320713,8.706878
776,wifi,34.8011685521162,4.127443,0.1186007014051549,0.24523043353008106,8.349499
777,wifi,34.50408943965362,3.350999,0.09711889385925612,0.21521356448489365,7.4389899999999995
778,wifi,33.06720571297405,2.652061,0.08020215022158504,0.21125482911285862,6.986438
779,wifi,31.185301944234823,2.638803,0.08461688152703076,0.2187707907348804,6.786281
78,wifi,30.042442954551326,0.869456,0.028940922058679666,0.19913150944503297,6.019953999999999
780,wifi,25.270639439350486,5.985503,0.2368560168160842,0.24665758423369763,6.284561999999999
781,wifi,34.00417982928199,3.118135,0.09169857987031592,0.2088976249218434,7.072518
782,wifi,26.420329399397048,2.863012,0.10836397823508356,0.2419157348471544,6.294867
783,wifi,32.304835958589045,3.174595,0.09826996193602261,0.23441992910665005,7.600378999999999
784,wifi,29.756918185161492,2.109265,0.07088318040447485,0.2374467848655157,7.051385
785,wifi,29.992077117519063,17.600866,0.586850518256334,0.287092553934589,8.640115
786,wifi,27.004614378809244,6.29811,0.23322347476074987,0.23208717197807488,6.225975999999999
787,wifi,33.42250214836978,2.497225,0.07471687753700405,0.21443763532785293,7.070638
788,wifi,33.68240949460236,2.502345,0.07429233945988939,0.211931277375633,6.971423
789,wifi,24.63137718170034,13.536245,0.5495529096950629,0.25991601337501397,6.451357
79,wifi,30.096519750159352,0.868443,0.028855263240042957,0.19562808337663704,5.885472
790,wifi,29.91849169950401,13.596695,0.45445790304413664,0.28058845216380796,8.516051
791,wifi,29.7564686565541,4.283095,0.1439382827792845,0.2318390029358022,6.896686
792,wifi,24.497538708022905,1.87308,0.07645992613072469,0.19231509238767017,4.791854
793,wifi,33.750880447091156,12.5066,0.3705562591057648,0.261230429752332,9.009680999999999
794,wifi,30.512216047314485,2.185441,0.07162511554752675,0.20952353897484113,6.276808
795,wifi,30.40532482094582,2.181194,0.07173723723870251,0.21479665550868293,6.509125999999999
796,wifi,30.436484462654434,4.043753,0.1328587407971405,0.230896298579578,6.975489
797,wifi,30.00410646686244,2.033053,0.06775915830872596,0.2174099462524697,6.451439
798,wifi,29.923133609433474,2.235718,0.07471537002712758,0.2154421120122102,6.402036
799,wifi,31.554538169415462,2.575739,0.08162816347274446,0.21313466790015098,6.693724
8,wifi,29.682180517913274,2.179995,0.07344457051207431,0.21116925022164057,6.347547
80,wifi,34.45810361544911,1.025361,0.029756744928362357,0.19535921258876693,6.7440679999999995
800,wifi,29.845677335601724,2.201084,0.07374883723528076,0.12917018495880356,3.747725
801,wifi,29.93792523631959,12.553499,0.41931760136706325,0.2706479739126857,8.115390999999999
802,wifi,34.709261666794056,2.656283,0.07652951611302164,0.21452295741911764,7.141178999999999
803,wifi,34.49971269216452,3.265423,0.09465073025786774,0.208522556355155,7.19782
804,wifi,29.22526974336862,2.657819,0.09094249679605007,0.2268979826540284,6.941355
805,wifi,34.455364480503654,3.259215,0.09459238203224365,0.22176811793233323,7.533474
806,wifi,33.49628361374015,3.123952,0.09326264477646581,0.22021212734129014,7.417034999999999
807,wifi,34.42866340445278,3.348318,0.09725378997916458,0.22029429586660984,7.570717999999999
808,wifi,29.806897646133393,4.344942,0.1457696822924352,0.22514759558355082,6.6919189999999995
809,wifi,31.41830625226267,2.660571,0.08468219065145792,0.22806117614754354,7.14361
81,wifi,34.309769259345856,1.099532,0.03204719890969513,0.19575384548878175,6.667898999999999
810,wifi,32.737945109001245,3.351155,0.10236302213967013,0.22135049904624932,7.186887
811,wifi,34.31359324686203,5.52134,0.16090824298923945,0.221050795896651,7.737318999999999
812,wifi,33.95019309120553,13.757181,0.40521657603071676,0.2763635223557696,9.308358
813,wifi,30.9819061557174,9.04368,0.2919019880360421,0.2706433853035644,8.337508999999999
814,wifi,33.2683309852878,2.963281,0.08907212692185992,0.2166790622311279,7.196015999999999
815,wifi,29.514270033603182,3.286701,0.11135972518574773,0.2217870649720527,6.524812
816,wifi,34.547935725243484,4.436717,0.12842205784116298,0.2263607766579968,7.7205699999999995
817,wifi,33.79450188138466,2.185249,0.06466285574115005,0.2129798067545218,7.022304
818,wifi,32.977622109314765,2.18731,0.06632709880504631,0.21173844266535638,6.904529999999999
819,wifi,34.25934388614589,4.515061,0.13179064418177144,0.2216245660175531,7.519232
82,wifi,34.9848754632993,1.333719,0.03812273110416331,0.20072260770724507,6.835368
820,wifi,33.03236037585587,3.041448,0.0920748007527511,0.21751089411201652,7.1299269999999995
821,wifi,33.64368143663968,5.13587,0.15265481602161338,0.23411934544087432,7.724963
822,wifi,35.29507030486315,2.187107,0.06196635907249201,0.21688842416976123,7.527678
823,wifi,30.01508810524154,2.420037,0.08062734953549541,0.22837971598072893,6.809799
824,wifi,30.094273208328307,10.199834,0.3389294012648656,0.26739452317947426,7.9819629999999995
825,wifi,30.040249119495236,3.179947,0.10585621268820664,0.21402334275778268,6.457612999999999
826,wifi,29.948952787741966,2.729313,0.09113216810429181,0.21215797307399575,6.467282
827,wifi,33.72063435157191,4.472272,0.13262716096536073,0.22071016035269414,7.404406
828,wifi,24.863149384098506,6.296648,0.2532522289403566,0.2461370270782698,6.116554
829,wifi,35.07174268506366,2.230441,0.06359652612728306,0.20137997976311944,6.988865
83,wifi,31.276682997195824,0.86691,0.027717453288691917,0.19956521350760512,6.233479
830,wifi,31.916939103662532,0.0,0.0,0.23805725922453727,7.5262579999999994
831,wifi,30.888101143401922,0.0,0.0,0.23164685229771195,7.027863
832,wifi,34.63499363836543,0.0,0.0,0.2711286909881338,9.427779
833,wifi,29.99529418463495,0.0,0.0,0.21088317964192688,6.36009
834,wifi,29.946398098525844,0.0,0.0,0.21656003506585722,6.498379
835,wifi,30.178093175743978,0.0,0.0,0.212771669484732,6.431299
836,wifi,30.462011853921254,0.0,0.0,0.21843473763624977,6.710146
837,wifi,31.96181877516506,0.0,0.0,0.27969414228046013,8.935323
838,wifi,34.11353989063649,0.0,0.0,0.2269136921589136,7.600028999999999
839,wifi,31.343736163753462,0.0,0.0,0.266698396284008,8.346803999999999
84,wifi,33.63098702848127,1.019198,0.03030532523880033,0.19538514717159286,6.497966
840,wifi,34.37388869355313,0.0,0.0,0.23916376880858442,8.164584999999999
841,wifi,35.23892692968752,0.0,0.0,0.2714285767043151,9.357301
842,wifi,28.2157110707875,0.0,0.0,0.22383268606813497,6.227132999999999
843,wifi,33.52794997954572,0.0,0.0,0.20619733926773048,6.8129599999999995
844,wifi,32.0922555054186,0.0,0.0,0.2059376579918137,6.713121999999999
845,wifi,34.12098994585646,0.0,0.0,0.22359996435410434,7.445937
846,wifi,30.022777208643365,0.0,0.0,0.21769526471228678,6.541122
847,wifi,29.815687818186433,0.0,0.0,0.21559307680694947,6.3986149999999995
848,wifi,29.841116204857787,0.0,0.0,0.21958756875070626,6.617379
849,wifi,32.32925879507666,0.0,0.0,0.21219493367292225,6.817142
85,wifi,30.65552089144719,2.390533,0.07798050499500572,0.21074282599980365,6.466384
850,wifi,32.32240648818804,0.0,0.0,0.2157241282369621,6.9140369999999995
851,wifi,33.042091792612396,0.0,0.0,0.21297285423144732,6.99346
852,wifi,34.9660344682671,0.0,0.0,0.24760651084534613,8.571496999999999
853,wifi,34.762409247330254,0.0,0.0,0.20413996428128514,7.089892
854,wifi,32.69110183904803,0.0,0.0,0.23203256325675314,7.522495999999999
855,wifi,33.51608611830946,0.0,0.0,0.2312564874468561,7.68422
856,wifi,29.881384782235735,0.0,0.0,0.209679669106931,6.299697999999999
857,wifi,30.12357436147006,0.0,0.0,0.20898422746337675,6.255783
858,wifi,29.986833205882604,0.0,0.0,0.2571036408149957,7.636044999999999
859,wifi,30.050416097272816,0.0,0.0,0.2096721521533698,6.262951999999999
86,wifi,31.26530891946346,2.729351,0.08729646673348264,0.20837681193492888,6.436852999999999
860,wifi,29.990974288099636,0.0,0.0,0.23023648740990654,6.922644
861,wifi,30.547408835204262,0.0,0.0,0.24177503126796823,7.455884999999999
862,wifi,29.704943231703645,0.0,0.0,0.22871533519811613,6.754525
863,wifi,30.054671345228382,0.0,0.0,0.21801519719605272,6.4953449999999995
864,wifi,32.16222718297802,0.0,0.0,0.276436147996219,8.842630999999999
865,wifi,30.09561450434125,0.0,0.0,0.24652946585940402,7.464486
866,wifi,30.92713922271642,0.0,0.0,0.21777025064321964,6.6898409999999995
867,wifi,30.09216774284166,0.0,0.0,0.27215103604660634,8.167651
868,wifi,28.257167594865777,0.0,0.0,0.21930772224088946,6.052568
869,wifi,33.78692932601776,0.0,0.0,0.2640606341390229,8.832058
87,wifi,33.57830893831413,6.299115,0.18759476576297948,0.22577610378751345,7.4782079999999995
870,wifi,30.60079620661992,0.0,0.0,0.264120719573602,8.074135
871,wifi,32.616301894819856,0.0,0.0,0.20620901016154622,6.799104
872,wifi,32.87643833450487,0.0,0.0,0.26508930225962324,8.615060999999999
873,wifi,30.17321506672677,0.0,0.0,0.2076476773012616,6.238345
874,wifi,30.07065456598676,0.0,0.0,0.20860878968372248,6.252857
875,wifi,30.026546122264865,0.0,0.0,0.20852553758819575,6.369437
876,wifi,33.52273955754712,0.0,0.0,0.20254776167192573,6.682932
877,wifi,32.34107254596754,0.0,0.0,0.20995602640378186,6.641584
878,wifi,32.48222079456374,0.0,0.0,0.20669983038975456,6.588426
879,wifi,30.09761527623433,0.0,0.0,0.21172714013246088,6.402352
88,wifi,31.16699102665857,0.944941,0.030318647032424408,0.19643329966688622,6.133476
880,wifi,29.97463424505389,0.0,0.0,0.22758589212696617,6.839347
881,wifi,30.906655422633843,0.0,0.0,0.2104322517799353,6.539573
882,wifi,29.96362808194072,0.0,0.0,0.21335657118410617,6.379623
883,wifi,30.67013979296737,0.0,0.0,0.22571667661087605,6.890293
884,wifi,30.598626319627837,0.0,0.0,0.23754781462245306,7.193167
885,wifi,30.11458316629998,0.0,0.0,0.21172545937148904,6.369877
886,wifi,29.937386659523437,0.0,0.0,0.23224780615284826,7.011801999999999
887,wifi,34.604261631016854,0.0,0.0,0.2104757500805614,7.263674
888,wifi,34.68256029568814,0.0,0.0,0.2011188312649577,6.929695
889,wifi,32.40049377711545,0.0,0.0,0.2068716444800349,6.611103
89,wifi,30.05708527559445,0.944171,0.031412593448195775,0.20157577503530075,6.111782
890,wifi,29.839226858567706,0.0,0.0,0.24050588999836314,7.229133
891,wifi,25.137350173485885,0.0,0.0,0.24293929430242214,6.104073
892,wifi,29.819217784009382,0.0,0.0,0.21432832878714878,6.393936
893,wifi,30.60876602761982,0.0,0.0,0.257071808224833,7.904661
894,wifi,32.77279552477283,0.0,0.0,0.2113410637118424,6.907265
895,wifi,30.47430670572409,0.0,0.0,0.22794652939499008,7.035285999999999
896,wifi,34.53492419676092,0.0,0.0,0.20525229297702854,7.039961
897,wifi,33.67904555635608,0.0,0.0,0.21134417379655981,7.0660229999999995
898,wifi,29.90244086258731,0.0,0.0,0.259379792453678,7.755101
899,wifi,31.52751515574984,0.0,0.0,0.21536380409399883,6.7883439999999995
9,wifi,33.47910981392202,0.865399,0.025848925040418212,0.21032371876233788,6.516776999999999
90,wifi,29.740348852211923,4.437259,0.14919996473645875,0.2093026220979353,6.303999
900,wifi,31.335483229791166,6.948863,0.221757007831735,0.1606910434661831,5.085557
901,wifi,29.89585122551279,2.177135,0.07282398429057128,0.21731261440300134,6.4661409999999995
902,wifi,30.110403918252764,4.424941,0.1469572116007924,0.22020246481931174,6.6561189999999995
903,wifi,29.847989130657567,5.971913,0.20007756548886266,0.2322685454135274,6.910940999999999
904,wifi,29.71233195621016,7.372028,0.24811340997619596,0.25008289000409667,7.355925999999999
905,wifi,31.951504344892385,2.721873,0.0851876321884389,0.21340594776113747,6.9012199999999995
906,wifi,34.659975581268604,2.647068,0.07637247157873253,0.21386802542806968,7.349399999999999
907,wifi,30.058283110987432,6.282129,0.2089982643653937,0.23883481022640302,7.20097
908,wifi,33.380786791280194,2.645685,0.0792577184157658,0.21543655413085472,7.4203589999999995
909,wifi,30.11714490961054,4.115575,0.13665222956398826,0.22933286435858563,6.809244
91,wifi,30.056376051271606,2.259457,0.07517396628740969,0.20955543563228693,6.273387
910,wifi,34.12553076875528,3.26378,0.09564041720307126,0.21615118450973764,7.30627
911,wifi,29.9649204584117,3.805531,0.12699953618370838,0.22217903390012822,6.6602239999999995
912,wifi,33.33785246079203,4.268516,0.12803812138229703,0.22124724345326197,7.313568999999999
913,wifi,33.05663038733199,8.479063,0.25650112853757046,0.24265223819288623,8.040117
914,wifi,35.15232826953446,3.259288,0.0927189793805133,0.21261315860716584,7.38462
915,wifi,34.30772360231899,5.897424,0.17189785216764925,0.22408881718556325,7.603787
916,wifi,29.76487640310391,4.501855,0.15124722639636234,0.22205558114006094,6.569286
917,wifi,29.731205271179856,2.191374,0.07370619455257077,0.20913080594303668,6.284504
918,wifi,29.856022193824863,2.215571,0.0742085126282579,0.21856218797735213,6.572445999999999
919,wifi,29.90221396671217,2.417281,0.08083953257410881,0.21506510832807302,6.510752
92,wifi,33.06873811943947,1.333225,0.040316778801313354,0.19629547420600696,6.478352
920,wifi,29.8296518089969,2.031819,0.0681140702885169,0.21605546671848155,6.480773
921,wifi,30.0553164416362,3.350644,0.11148257269247344,0.2193307669952999,6.5271
922,wifi,33.71347173272415,3.814809,0.11315384633903296,0.21995137421099484,7.39567
923,wifi,33.92171346512737,11.493507,0.338824482195326,0.2694655454562591,9.052327
924,wifi,26.426376719793993,2.805166,0.10615023125356655,0.21680400882753986,5.724184
925,wifi,34.47085527401195,9.854946,0.2858921231185632,0.26092021551922795,8.928478
926,wifi,31.097128153245375,10.598698,0.34082562054508864,0.2781535546279689,8.603784
927,wifi,34.70928309480216,2.360211,0.06799941656972598,0.21243941290357501,7.31725
928,wifi,29.6517220578614,5.840499,0.19696997660382226,0.23141246981098992,6.875209
929,wifi,24.58062979339718,1.87469,0.07626696369283334,0.20215414580819943,4.9840029999999995
93,wifi,30.049772978620876,3.267621,0.10874028906390648,0.21069506014923936,6.376328
930,wifi,34.68572841325404,4.055194,0.11691246473723867,0.22261110845920545,7.686735
931,wifi,27.499673997585987,6.063433,0.220491086568236,0.23799376156007426,6.5539559999999994
932,wifi,28.40035504251706,3.892032,0.13704166705568965,0.21951332871490228,6.195748
933,wifi,33.46095052512717,6.468879,0.19332621753055879,0.24276367537832957,8.049128
934,wifi,30.073764496635732,2.653173,0.08822217784862958,0.22263782452601164,6.5348
935,wifi,29.973530150446344,3.350407,0.11177885898602131,0.2099078358208955,6.266525
936,wifi,33.38021831578709,2.194954,0.06575613074890832,0.21225158476922504,7.098198
937,wifi,34.514269676827986,12.740771,0.3691450266599103,0.27030667547601056,9.131827999999999
938,wifi,30.961755003763795,3.111923,0.10050861133749382,0.2199506575617462,6.782185
939,wifi,29.93629270659082,2.933361,0.09798678242326869,0.2146899702603738,6.421016
94,wifi,33.87334115820501,1.17585,0.034713138999433436,0.19895046045927717,6.690811999999999
940,wifi,25.234417278627546,2.184814,0.08658071933566867,0.2168910453214489,5.516335
941,wifi,35.02800448459566,2.653117,0.07574273896095812,0.20608720870159522,7.201702999999999
942,wifi,29.906749360569194,4.258855,0.1424044769511167,0.2210583201179671,6.58094
943,wifi,34.752792442136176,3.195401,0.09194659696254284,0.2149332442574222,7.42519
944,wifi,32.94405750113459,7.003647,0.2125921192238933,0.23696227648193652,7.719664
945,wifi,24.451216282816507,1.874048,0.07664436722998594,0.20219033942245723,4.908421
946,wifi,33.40804278564352,11.218253,0.33579497823263194,0.26637205872660846,8.88883
947,wifi,31.317178126445736,3.039861,0.09706688730786363,0.2223348164741138,6.841978
948,wifi,30.04547098510231,6.857287,0.22823030477372463,0.24378903143238284,7.2904659999999994
949,wifi,32.4436429536151,2.153029,0.06636212225236854,0.20733845561131384,6.772552
95,wifi,35.06167677296405,1.096146,0.031263365043774374,0.1943387479409128,6.735755999999999
950,wifi,32.02522730893776,11.958233,0.37340040976579225,0.2763257852968389,8.774557999999999
951,wifi,30.007652339633523,2.031411,0.06769643213031203,0.21454692180310136,6.456821
952,wifi,29.982071801677588,3.428335,0.11434616735886058,0.2139385105776014,6.483515
953,wifi,29.670649711469974,6.689041,0.22544302416856662,0.23764749255630394,7.08369
954,wifi,33.883797985868036,4.20589,0.12412687626558737,0.22194851776253052,7.449237999999999
955,wifi,25.148470211816417,2.337987,0.09296736462727101,0.21708950511736103,5.460781
956,wifi,29.905729648247323,7.308143,0.2443726699183983,0.24344199213089115,7.313447999999999
957,wifi,30.0155734598068,3.281274,0.10931905080520558,0.2185689905491698,6.545215
958,wifi,30.638173872544233,2.417164,0.0788938665227072,0.21939409823052664,6.708734
959,wifi,28.000298479103012,2.262334,0.08079678156603971,0.20445287771589046,5.700614
96,wifi,32.703389059692974,1.177775,0.03601385158737604,0.19678494311601116,6.382683
960,wifi,32.342669671558426,2.072771,0.06408781405644934,0.21566274366954416,7.0459439999999995
961,wifi,30.068571337481245,3.48316,0.11584055527301197,0.22320092909847275,6.698474999999999
962,wifi,30.751496337471615,3.273953,0.10646483553421726,0.2195654434280215,6.722112
963,wifi,33.83246865351233,3.321235,0.0981670901409438,0.20714646882080867,6.841155
964,wifi,30.518958280543785,3.051555,0.09998883225137485,0.21511861917365707,6.755885999999999
965,wifi,29.788803541334165,6.610756,0.2219208297784464,0.22985629232343038,6.858489
966,wifi,30.00878199475031,4.204627,0.14011321754863462,0.21645663288187142,6.486174999999999
967,wifi,33.75491997834349,6.384641,0.18914697484385282,0.2405216500877232,8.019601
968,wifi,33.974813752154766,2.103395,0.06191042032913565,0.20870989755445168,6.99184
969,wifi,30.090906505474535,2.191735,0.07283712106184806,0.20620663491881194,6.194789
97,wifi,31.99111794174877,2.898931,0.0906167457254397,0.21202732410793332,6.732727
970,wifi,29.78717609506417,6.373683,0.21397405983228265,0.2286995517259078,6.804621999999999
971,wifi,30.00263100474373,5.448636,0.1816052731888251,0.23710411546720475,7.088957
972,wifi,32.03317222702331,2.638852,0.0823787285660661,0.20439930717300234,6.457377
973,wifi,33.08971665811889,4.129664,0.12480203570998986,0.21903589533791032,7.2243379999999995
974,wifi,29.892203297281913,3.713059,0.12421496545681619,0.2126452626884502,6.3327029999999995
975,wifi,34.00233302322618,3.349632,0.09851182851811806,0.20979608701831176,6.968573
976,wifi,33.89695688114986,11.660542,0.3439996705569886,0.25666572219642525,8.633396
977,wifi,33.703717091709535,2.573889,0.0763681048293966,0.20322167147656017,6.722326
978,wifi,34.15820285162537,6.226858,0.18229466073048115,0.22532762465839684,7.680496
979,wifi,29.16320446560479,2.805188,0.09618929234297455,0.20284876589189194,5.862585999999999
98,wifi,33.776185571984165,9.092204,0.2691897810847409,0.24242126334134953,8.008512
980,wifi,29.644230695568154,6.723226,0.22679711506243036,0.2353355430457375,6.958539
981,wifi,30.061738040136962,3.197506,0.10636464184907894,0.2198546295930108,6.544962
982,wifi,29.918399076552426,9.653949,0.32267598862152924,0.2569547266784433,7.704403999999999
983,wifi,32.199808506521755,4.514761,0.1402108027780842,0.22149081562795753,7.025189999999999
984,wifi,30.78213603381268,2.807479,0.09120481427657004,0.2169286786738943,6.689121
985,wifi,31.04149624995432,6.066906,0.19544502465820823,0.23498571156159992,7.274865999999999
986,wifi,25.13037711128299,5.758227,0.22913412618128529,0.2278883563178032,5.7154929999999995
987,wifi,30.269260573083287,2.18691,0.0722485438558976,0.20751953964568484,6.2743899999999995
988,wifi,27.965240709386872,5.785861,0.20689473264780106,0.2351035714875839,6.494536999999999
989,wifi,29.980959213425063,7.460761,0.248849976643148,0.242188337416452,7.268021999999999
99,wifi,35.39601001588519,1.488717,0.04205889305975127,0.19928115501997712,6.733097
990,wifi,31.83392002471865,10.17659,0.31967756380923246,0.2527969687457778,8.034443999999999
991,wifi,31.05357965575471,6.336061,0.20403641287859803,0.23419283869054022,7.279736
992,wifi,25.249433128239946,2.805565,0.11111397969810843,0.21267352141942036,5.359461
993,wifi,29.341490873862675,4.169363,0.14209785787381574,0.2220920186014881,6.680961
994,wifi,30.63635373792801,3.272379,0.10681359237436838,0.21804629040106088,6.678516
995,wifi,33.8793100900217,2.185827,0.06451804934020132,0.20093499827944228,6.758921
996,wifi,29.183915861739482,4.047134,0.13867686636617016,0.21077162500614544,6.143063
997,wifi,29.83144053646461,6.92344,0.23208533934313696,0.2351060763336463,7.017771
998,wifi,29.44912442700174,3.11574,0.10580076863484592,0.20492079227112142,6.014335
999,wifi,29.668440473426198,3.117316,0.10507178504350968,0.21037163084049437,6.195805
